id,longitude,latitude,date_recorded,funder,gps_height,installer,wpt_name,num_private,basin,subvillage,region,region_code,district_code,lga,ward,recorded_by,scheme_management,scheme_name,permit,construction_year,extraction_type,extraction_type_group,extraction_type_class,management,management_group,payment,payment_type,water_quality,quality_group,quantity,quantity_group,source,source_type,source_class,waterpoint_type,waterpoint_type_group,status_group
10000,39.933214523714035,-5.264421294881856,2012-09-06,Unicef,130.0,,Water_Point_0,5.0,Pangani,Subvillage_21,Dodoma,12,58,LGA_22,Ward_89,GeoData Consultants Ltd,Water authority,,,1974.0,submersible,other,motorpump,other,commercial,pay annually,never pay,fluoride,colored,dry,dry,spring,river,surface,improved spring,hand pump,non functional
10001,39.290514529917964,-1.7898519735014933,2012-03-31,Dwe,337.0,World Vision,Water_Point_1,0.0,Wami / Ruvu,Subvillage_88,Dodoma,12,8,LGA_24,Ward_63,GeoData Consultants Ltd,VWC,Scheme_35,True,2000.0,gravity,handpump,motorpump,other,other,pay monthly,other,milky,salty,insufficient,enough,borehole,,groundwater,communal standpipe,improved spring,non functional
10002,33.719403614909744,-9.240419720965058,2011-06-09,Danida,1597.0,Kkkt,Water_Point_2,,Rufiji,Subvillage_75,Songwe,23,92,LGA_25,Ward_190,GeoData Consultants Ltd,,,False,1962.0,,gravity,gravity,private operator,parastatal,pay per bucket,pay per bucket,colored,salty,enough,enough,borehole,other,surface,other,cattle trough,functional needs repair
10003,31.783635622382256,-3.5125891352162846,2011-05-03,Kkkt,197.0,Rural Water Supply And Sanitation Programme,Water_Point_3,,Lake Nyasa,Subvillage_3,Mara,4,19,LGA_26,Ward_195,GeoData Consultants Ltd,Private operator,Scheme_52,False,1977.0,submersible,gravity,motorpump,water authority,other,pay per bucket,pay per bucket,fluoride abandoned,fluoride,dry,dry,well,other,surface,communal standpipe,improved spring,non functional
10004,39.81153458826445,-8.647849521572244,2013-05-27,Hesawa,1704.0,,,3.0,Lake Tanganyika,Subvillage_7,Kilimanjaro,17,33,LGA_48,Ward_187,GeoData Consultants Ltd,Other,,True,1989.0,gravity,gravity,other,,user-group,other,pay monthly,fluoride,good,dry,enough,lake,spring,surface,hand pump,hand pump,non functional
10005,31.402565252576643,-7.8445471010662375,2012-09-30,Danida,245.0,Tcrs,Water_Point_5,8.0,Lake Tanganyika,Subvillage_7,Geita,4,45,LGA_20,Ward_65,GeoData Consultants Ltd,,,,1974.0,handpump,motorpump,,other,commercial,,,fluoride abandoned,fluoride,enough,enough,other,river,groundwater,improved spring,hand pump,functional needs repair
10006,38.14464123984009,-6.981057227414411,2013-08-08,Wsdp,1664.0,,Water_Point_6,,Lake Nyasa,Subvillage_1,Kigoma,7,64,LGA_5,Ward_22,GeoData Consultants Ltd,Water authority,,,1988.0,other,handpump,other,wua,user-group,pay per bucket,other,salty,colored,,insufficient,spring,lake,surface,hand pump,,functional needs repair
10007,35.617953045572605,-4.784651651744703,2013-07-17,Unicef,1440.0,Unicef,Water_Point_7,,Pangani,,Kagera,3,87,LGA_17,Ward_90,GeoData Consultants Ltd,WUA,Scheme_34,,2012.0,submersible,other,gravity,wua,other,pay per bucket,pay annually,fluoride abandoned,colored,enough,dry,spring,river,surface,other,improved spring,non functional
10008,33.08140969032129,-4.424723527438739,2012-07-17,District Council,395.0,Rwssp,Water_Point_8,6.0,Ruvuma / Southern Coast,Subvillage_39,Tabora,5,35,LGA_23,Ward_75,GeoData Consultants Ltd,,,False,1997.0,other,gravity,handpump,other,parastatal,other,pay annually,soft,colored,dry,insufficient,borehole,other,groundwater,hand pump,cattle trough,non functional
10009,36.83195341161446,-7.3976039016257324,2012-05-22,Government Of Tanzania,133.0,World Vision,Water_Point_9,,Ruvuma / Southern Coast,,Manyara,11,36,LGA_35,Ward_147,GeoData Consultants Ltd,WUA,,,,submersible,gravity,handpump,private operator,user-group,pay annually,never pay,colored,,seasonal,dry,spring,lake,groundwater,other,hand pump,functional
10010,39.57053034610894,-2.275889026297728,2011-09-08,,,Government Of Tanzania,Water_Point_10,4.0,Wami / Ruvu,Subvillage_27,Shinyanga,13,33,LGA_34,Ward_105,GeoData Consultants Ltd,VWC,,,1964.0,submersible,gravity,handpump,vwc,user-group,pay monthly,pay annually,soft,salty,seasonal,,other,shallow well,groundwater,cattle trough,other,functional needs repair
10011,29.3310007776034,-5.0316723229502545,2012-07-31,Tasaf,763.0,Other,Water_Point_11,2.0,Pangani,Subvillage_38,Dodoma,24,79,LGA_30,Ward_106,GeoData Consultants Ltd,Other,Scheme_10,False,1979.0,handpump,handpump,motorpump,water authority,,pay monthly,pay annually,soft,milky,seasonal,insufficient,lake,river,surface,communal standpipe,improved spring,functional
10012,34.789298614830855,-11.277394496708185,2011-09-06,District Council,106.0,Community,Water_Point_12,0.0,Internal,Subvillage_79,Rukwa,24,86,LGA_14,Ward_28,GeoData Consultants Ltd,WUA,Scheme_14,,,submersible,gravity,handpump,vwc,other,,never pay,soft,colored,insufficient,enough,river,borehole,surface,other,cattle trough,functional
10013,35.56395050369249,-1.0949610754754673,2013-01-10,Kkkt,2397.0,,Water_Point_13,,Internal,,Morogoro,4,24,LGA_31,Ward_6,GeoData Consultants Ltd,Private operator,Scheme_79,True,1997.0,gravity,motorpump,motorpump,other,commercial,pay annually,pay per bucket,soft,fluoride,dry,dry,other,borehole,surface,cattle trough,improved spring,functional
10014,37.742620388731396,-6.630555973085797,2012-02-23,Community,235.0,Unicef,Water_Point_14,,Internal,Subvillage_64,Njombe,8,11,LGA_41,Ward_14,GeoData Consultants Ltd,Water authority,,True,1963.0,handpump,other,other,water authority,user-group,pay per bucket,pay per bucket,salty,milky,insufficient,dry,borehole,lake,surface,improved spring,communal standpipe,functional needs repair
10015,37.55538236458578,-5.573685887633347,2012-06-05,Tcrs,1932.0,,Water_Point_15,,Lake Tanganyika,Subvillage_8,Morogoro,15,68,LGA_12,Ward_173,GeoData Consultants Ltd,Water authority,Scheme_36,True,,handpump,handpump,motorpump,water authority,user-group,never pay,pay annually,colored,colored,enough,insufficient,borehole,shallow well,surface,other,cattle trough,non functional
10016,30.43362083383757,-2.3486141078321197,2012-07-20,District Council,1332.0,Wsdp,Water_Point_16,9.0,Lake Nyasa,Subvillage_82,Arusha,17,43,LGA_44,Ward_179,GeoData Consultants Ltd,,,,,other,handpump,handpump,vwc,user-group,pay annually,pay per bucket,fluoride,milky,dry,insufficient,lake,shallow well,surface,hand pump,improved spring,functional needs repair
10017,37.80159723226177,-8.105599778412316,2011-02-24,Tcrs,1901.0,Government Of Tanzania,,,Pangani,Subvillage_8,Dodoma,25,67,LGA_24,Ward_187,GeoData Consultants Ltd,VWC,Scheme_67,False,,submersible,other,gravity,wua,,,pay monthly,milky,colored,enough,dry,borehole,river,groundwater,communal standpipe,improved spring,functional
10018,37.96722591006235,-5.617901335359474,2011-02-28,Community,520.0,World Vision,Water_Point_18,,Lake Nyasa,Subvillage_4,Songwe,13,98,LGA_23,Ward_37,GeoData Consultants Ltd,,Scheme_85,True,,gravity,other,handpump,water authority,commercial,never pay,pay per bucket,salty,salty,insufficient,insufficient,well,lake,surface,other,improved spring,non functional
10019,35.51365336341432,-4.565534972351532,2013-01-27,,1785.0,,Water_Point_19,0.0,Pangani,Subvillage_66,Manyara,9,73,LGA_40,Ward_17,GeoData Consultants Ltd,Other,Scheme_42,True,1996.0,,handpump,motorpump,water authority,user-group,pay per bucket,pay annually,milky,fluoride,enough,insufficient,borehole,shallow well,groundwater,hand pump,communal standpipe,functional
10020,39.52811542226248,-4.20273212709647,2011-05-17,Dwe,726.0,Tasaf,Water_Point_20,6.0,Lake Victoria,Subvillage_24,Kilimanjaro,12,60,LGA_45,Ward_98,GeoData Consultants Ltd,Water authority,,False,2008.0,gravity,gravity,handpump,wua,,pay monthly,other,milky,,,enough,lake,river,surface,improved spring,communal standpipe,functional
10021,32.30324840402194,-9.188716676213467,2012-10-26,Oxfam,,,Water_Point_21,,Ruvuma / Southern Coast,Subvillage_43,Pwani,7,56,LGA_46,Ward_88,GeoData Consultants Ltd,Other,Scheme_71,True,1988.0,other,handpump,handpump,vwc,parastatal,other,,soft,colored,enough,dry,other,shallow well,surface,cattle trough,communal standpipe,non functional
10022,34.26046912439763,-8.765686720294614,2012-06-24,Danida,520.0,World Bank,Water_Point_22,,Lake Nyasa,Subvillage_5,Kigoma,18,70,LGA_37,Ward_60,GeoData Consultants Ltd,,Scheme_77,False,1988.0,submersible,handpump,gravity,water authority,other,pay monthly,other,soft,colored,insufficient,enough,borehole,borehole,groundwater,hand pump,cattle trough,functional needs repair
10023,,-5.0680356274607705,2011-04-23,Dwe,699.0,,Water_Point_23,,Internal,Subvillage_74,Mtwara,2,63,LGA_28,Ward_60,GeoData Consultants Ltd,,Scheme_22,False,1963.0,gravity,gravity,gravity,,,other,pay monthly,fluoride,fluoride,,dry,well,borehole,surface,communal standpipe,communal standpipe,functional
10024,36.97734559648712,-10.814403759629691,2013-08-31,Unicef,988.0,Rural Water Supply And Sanitation Programme,Water_Point_24,2.0,Wami / Ruvu,Subvillage_1,Songwe,6,15,LGA_34,Ward_189,GeoData Consultants Ltd,,Scheme_24,,1975.0,motorpump,gravity,other,wua,parastatal,pay annually,,milky,good,,insufficient,river,spring,surface,cattle trough,other,non functional
10025,34.34288386131182,-7.447890348290336,2012-05-09,Unicef,2043.0,Dwe,Water_Point_25,8.0,Lake Victoria,Subvillage_46,Rukwa,16,54,LGA_22,Ward_92,GeoData Consultants Ltd,WUA,Scheme_97,True,1989.0,,handpump,handpump,wua,commercial,,pay monthly,milky,,dry,enough,borehole,river,groundwater,other,improved spring,non functional
10026,34.53039406166333,-9.937005579362904,2011-01-14,,2134.0,World Vision,Water_Point_26,3.0,Lake Tanganyika,Subvillage_53,Katavi,19,44,LGA_18,Ward_198,GeoData Consultants Ltd,Other,Scheme_59,False,1988.0,gravity,gravity,motorpump,private operator,other,pay annually,never pay,soft,fluoride,seasonal,insufficient,borehole,borehole,surface,hand pump,communal standpipe,functional
10027,39.45387398765487,-9.146409257068314,2011-11-30,World Bank,552.0,District Council,Water_Point_27,3.0,Pangani,,Shinyanga,25,28,LGA_2,Ward_163,GeoData Consultants Ltd,VWC,Scheme_56,,,handpump,handpump,gravity,vwc,other,pay annually,pay annually,milky,fluoride,enough,dry,river,river,surface,cattle trough,cattle trough,functional needs repair
10028,31.07012003093632,-10.589428710916831,2012-11-21,,2289.0,Unicef,,8.0,Lake Rukwa,Subvillage_43,Kagera,23,44,LGA_38,Ward_84,GeoData Consultants Ltd,,,,1967.0,gravity,gravity,gravity,wua,parastatal,never pay,,salty,good,,insufficient,spring,other,groundwater,improved spring,communal standpipe,non functional
10029,37.65291927007908,-8.59662984804564,2013-08-28,Kkkt,1637.0,Danida,Water_Point_29,2.0,Lake Victoria,Subvillage_54,Dar es Salaam,25,85,LGA_15,Ward_65,GeoData Consultants Ltd,Other,,True,,motorpump,,other,wua,user-group,never pay,never pay,fluoride,good,insufficient,dry,well,other,surface,cattle trough,other,functional
10030,39.32735131292485,-1.7343786434397028,2013-02-21,World Vision,1825.0,,Water_Point_30,2.0,Lake Tanganyika,Subvillage_36,Kagera,2,49,LGA_13,Ward_132,GeoData Consultants Ltd,Water authority,,True,1966.0,gravity,handpump,other,vwc,user-group,pay monthly,,fluoride,good,dry,insufficient,borehole,spring,groundwater,other,hand pump,non functional
10031,30.721595631505014,-10.055424141092951,2012-07-14,Danida,661.0,,Water_Point_31,9.0,Wami / Ruvu,Subvillage_57,Geita,2,64,LGA_35,Ward_7,GeoData Consultants Ltd,Water authority,,True,1998.0,submersible,handpump,motorpump,private operator,user-group,pay per bucket,pay monthly,colored,colored,enough,enough,borehole,river,groundwater,hand pump,hand pump,functional
10032,34.13305203877289,-5.459893677795747,2012-03-17,World Vision,1016.0,,Water_Point_32,6.0,Lake Victoria,Subvillage_8,Mara,3,16,LGA_30,Ward_23,GeoData Consultants Ltd,Other,Scheme_65,True,,gravity,other,handpump,,parastatal,never pay,never pay,soft,milky,dry,insufficient,well,other,surface,communal standpipe,hand pump,functional needs repair
10033,35.1235337144334,-10.181260970288312,2011-01-07,Wsdp,129.0,Oxfam,Water_Point_33,8.0,Pangani,Subvillage_54,Dodoma,4,95,LGA_14,Ward_65,GeoData Consultants Ltd,Other,,False,,other,,other,,other,other,pay annually,colored,fluoride,,dry,well,borehole,surface,hand pump,communal standpipe,functional
10034,29.85824286487644,-8.847085351226907,2011-09-20,Government Of Tanzania,1638.0,World Bank,Water_Point_34,3.0,Rufiji,Subvillage_50,Morogoro,20,63,LGA_35,Ward_7,GeoData Consultants Ltd,Other,,True,1986.0,other,handpump,gravity,other,user-group,never pay,,,good,dry,dry,other,river,surface,communal standpipe,cattle trough,functional needs repair
10035,39.25897392281269,-3.240788597755577,2012-01-28,Danida,2076.0,Other,,4.0,Lake Rukwa,Subvillage_59,Njombe,8,49,LGA_15,Ward_145,GeoData Consultants Ltd,,,,1960.0,other,,gravity,,,,other,fluoride abandoned,colored,dry,dry,lake,other,surface,improved spring,communal standpipe,non functional
10036,29.119918543070135,-8.897332025860896,2012-09-08,Other,651.0,Danida,Water_Point_36,1.0,Lake Victoria,Subvillage_55,Mtwara,25,59,LGA_14,Ward_124,GeoData Consultants Ltd,WUA,Scheme_30,False,,other,other,motorpump,vwc,user-group,other,pay annually,,milky,seasonal,,lake,river,groundwater,improved spring,other,non functional
10037,36.03731581137931,-10.070629255432507,2011-01-30,District Council,1134.0,,Water_Point_37,4.0,Internal,Subvillage_99,Ruvuma,2,89,LGA_10,Ward_149,GeoData Consultants Ltd,Water authority,,,2011.0,handpump,handpump,handpump,wua,other,pay monthly,pay monthly,colored,colored,seasonal,insufficient,lake,,surface,improved spring,cattle trough,functional
10038,34.53118823369042,-11.002823859308089,2011-12-02,Rwssp,161.0,Community,Water_Point_38,,Lake Tanganyika,Subvillage_30,Songwe,6,31,LGA_36,Ward_192,GeoData Consultants Ltd,Other,,,1977.0,gravity,motorpump,gravity,other,commercial,pay monthly,pay annually,soft,fluoride,enough,dry,,,groundwater,other,cattle trough,functional
10039,31.593725294145926,-6.736372253666891,2013-09-06,Tcrs,2403.0,,Water_Point_39,1.0,Internal,Subvillage_57,Tanga,6,41,LGA_46,Ward_60,GeoData Consultants Ltd,,,True,1989.0,handpump,other,motorpump,wua,commercial,pay per bucket,pay annually,colored,,insufficient,enough,spring,other,surface,other,cattle trough,functional
10040,31.991814596063588,-1.1510562771545985,2011-03-23,,2352.0,Private individual,Water_Point_40,,Pangani,Subvillage_71,Njombe,23,33,LGA_17,Ward_152,GeoData Consultants Ltd,,Scheme_58,True,1976.0,handpump,gravity,handpump,wua,other,other,pay annually,,colored,dry,dry,lake,river,surface,,improved spring,non functional
10041,34.18925245808136,-3.4008658796676023,2012-03-22,Hesawa,1577.0,Kkkt,Water_Point_41,1.0,Internal,Subvillage_11,Simiyu,12,74,LGA_8,Ward_152,GeoData Consultants Ltd,VWC,,True,1974.0,handpump,other,handpump,water authority,parastatal,pay per bucket,other,milky,milky,seasonal,dry,lake,lake,surface,hand pump,other,non functional
10042,29.337687829677513,-9.445155812400426,2012-10-06,Wsdp,1457.0,,Water_Point_42,1.0,Wami / Ruvu,Subvillage_98,Njombe,3,76,LGA_28,Ward_30,GeoData Consultants Ltd,,Scheme_90,,,gravity,handpump,gravity,vwc,parastatal,pay monthly,pay annually,salty,colored,insufficient,enough,well,spring,groundwater,other,cattle trough,non functional
10043,39.0188515460251,-3.2241910600270387,2013-04-24,Government Of Tanzania,2266.0,Danida,Water_Point_43,3.0,Ruvuma / Southern Coast,Subvillage_35,Mwanza,14,84,LGA_49,Ward_25,GeoData Consultants Ltd,WUA,Scheme_22,True,1962.0,gravity,gravity,motorpump,private operator,other,pay annually,other,soft,good,enough,enough,well,spring,surface,hand pump,communal standpipe,non functional
10044,35.11013998653268,-8.633128862658847,2011-09-25,Oxfam,1790.0,Rural Water Supply And Sanitation Programme,Water_Point_44,0.0,Ruvuma / Southern Coast,,Mtwara,4,35,LGA_17,Ward_65,GeoData Consultants Ltd,,Scheme_40,,2006.0,submersible,gravity,gravity,private operator,parastatal,pay annually,pay annually,fluoride abandoned,salty,enough,dry,other,spring,surface,other,communal standpipe,functional
10045,36.15897650089207,-6.8897174807835775,2013-05-01,World Vision,2096.0,,Water_Point_45,,Lake Victoria,Subvillage_85,Manyara,17,64,LGA_42,Ward_107,GeoData Consultants Ltd,,,True,1983.0,submersible,gravity,,water authority,parastatal,pay per bucket,pay monthly,fluoride,colored,enough,dry,lake,,groundwater,communal standpipe,hand pump,functional
10046,38.204081108769174,-10.707938485212484,2013-01-20,Community,2088.0,Wsdp,Water_Point_46,9.0,Pangani,Subvillage_73,Geita,7,28,LGA_3,Ward_84,GeoData Consultants Ltd,Other,Scheme_38,False,,,motorpump,motorpump,wua,commercial,pay per bucket,pay per bucket,,milky,dry,enough,borehole,river,groundwater,improved spring,other,functional needs repair
10047,35.91235291820268,-4.299646051209528,2012-11-09,World Bank,2468.0,Government Of Tanzania,Water_Point_47,9.0,Pangani,Subvillage_43,Rukwa,11,49,LGA_49,Ward_38,GeoData Consultants Ltd,WUA,Scheme_56,True,,handpump,other,motorpump,private operator,commercial,,never pay,fluoride abandoned,fluoride,enough,enough,lake,other,surface,cattle trough,improved spring,functional
10048,37.89569725264749,-6.562806683760893,2013-06-27,Hesawa,1439.0,Community,Water_Point_48,4.0,Lake Rukwa,Subvillage_1,Simiyu,3,13,LGA_47,Ward_98,GeoData Consultants Ltd,Water authority,Scheme_99,False,,submersible,gravity,gravity,private operator,parastatal,other,other,fluoride abandoned,milky,enough,enough,river,shallow well,surface,improved spring,hand pump,functional
10049,35.4711845387569,-5.18813049125514,2012-12-04,Other,1972.0,Other,Water_Point_49,3.0,Lake Rukwa,Subvillage_48,Mtwara,8,45,LGA_17,Ward_81,GeoData Consultants Ltd,Water authority,,,,other,other,handpump,water authority,commercial,other,never pay,milky,good,dry,insufficient,other,,groundwater,cattle trough,,non functional
10050,38.30560646809886,-4.174631567699877,2012-12-03,,941.0,Rwssp,Water_Point_50,,Internal,Subvillage_14,Singida,13,96,LGA_34,Ward_45,GeoData Consultants Ltd,Water authority,Scheme_66,,2001.0,motorpump,handpump,motorpump,wua,other,pay monthly,,soft,fluoride,,dry,other,other,surface,improved spring,hand pump,functional
10051,38.45915013541826,-5.760614600365191,2012-12-03,,1489.0,Oxfam,Water_Point_51,8.0,Lake Victoria,Subvillage_95,Shinyanga,18,96,LGA_22,Ward_38,GeoData Consultants Ltd,WUA,,,1988.0,gravity,motorpump,handpump,private operator,parastatal,pay per bucket,pay annually,soft,salty,seasonal,dry,,lake,groundwater,improved spring,improved spring,non functional
10052,30.21169660588485,-4.775395869133903,2013-03-20,,1023.0,District Council,Water_Point_52,2.0,Wami / Ruvu,,Mtwara,13,82,LGA_37,Ward_141,GeoData Consultants Ltd,WUA,,True,1981.0,other,gravity,other,private operator,other,pay annually,pay per bucket,colored,,enough,insufficient,lake,lake,surface,communal standpipe,hand pump,functional
10053,32.79779196236866,-8.833241635883741,2012-06-24,Rwssp,,Government Of Tanzania,Water_Point_53,0.0,Lake Tanganyika,Subvillage_76,Njombe,21,42,LGA_47,Ward_162,GeoData Consultants Ltd,,,,,motorpump,other,,private operator,other,pay per bucket,pay per bucket,fluoride,colored,enough,insufficient,lake,river,surface,cattle trough,improved spring,functional needs repair
10054,29.869457967092632,-9.277151368927267,2012-05-06,Tcrs,2314.0,Dwe,Water_Point_54,0.0,Lake Victoria,Subvillage_88,Njombe,25,47,LGA_31,Ward_174,GeoData Consultants Ltd,,,,1970.0,,handpump,motorpump,wua,user-group,never pay,other,milky,fluoride,enough,,well,shallow well,surface,improved spring,other,non functional
10055,31.98473050652504,-5.31921994467805,2011-11-07,Other,1283.0,Danida,Water_Point_55,1.0,Pangani,Subvillage_13,Ruvuma,8,94,LGA_32,Ward_94,GeoData Consultants Ltd,VWC,,False,2003.0,,,other,water authority,,never pay,pay monthly,milky,,enough,,other,shallow well,groundwater,cattle trough,other,functional
10056,39.5619039696722,-5.495932200088051,2012-12-18,World Vision,2003.0,Other,Water_Point_56,,Rufiji,Subvillage_10,Iringa,9,5,LGA_1,Ward_145,GeoData Consultants Ltd,,Scheme_41,True,2010.0,motorpump,motorpump,motorpump,wua,user-group,never pay,never pay,fluoride,milky,insufficient,enough,borehole,lake,groundwater,cattle trough,cattle trough,non functional
10057,30.74334336020114,-5.904733558087906,2011-09-05,World Vision,,,Water_Point_57,,Wami / Ruvu,,Pwani,5,57,LGA_10,Ward_168,GeoData Consultants Ltd,,,,,,other,motorpump,vwc,parastatal,other,pay monthly,soft,milky,seasonal,insufficient,lake,shallow well,surface,other,communal standpipe,functional
10058,34.54147601165809,-1.4960072611419921,2011-04-21,World Bank,1856.0,Rwssp,Water_Point_58,1.0,Lake Tanganyika,Subvillage_39,Pwani,1,23,LGA_39,Ward_126,GeoData Consultants Ltd,WUA,Scheme_93,,,other,motorpump,other,vwc,commercial,pay annually,pay monthly,milky,,insufficient,dry,well,other,groundwater,cattle trough,other,functional needs repair
10059,40.057403398305475,-1.4609784956056462,2012-08-14,,451.0,Danida,Water_Point_59,4.0,Lake Tanganyika,Subvillage_56,Katavi,3,16,LGA_19,Ward_179,GeoData Consultants Ltd,,Scheme_97,False,1964.0,gravity,gravity,handpump,water authority,commercial,pay monthly,pay monthly,,colored,seasonal,dry,well,lake,groundwater,hand pump,hand pump,functional needs repair
10060,30.185895667692872,-1.1762067993081313,2012-11-11,Wsdp,1712.0,Hesawa,Water_Point_60,1.0,Lake Tanganyika,Subvillage_22,Songwe,11,55,LGA_39,Ward_157,GeoData Consultants Ltd,Private operator,,,1979.0,handpump,handpump,handpump,wua,other,pay per bucket,pay monthly,fluoride,milky,insufficient,dry,lake,other,surface,improved spring,cattle trough,non functional
10061,34.17792383064324,-7.410370335343826,2011-08-25,Kkkt,841.0,,Water_Point_61,,Ruvuma / Southern Coast,Subvillage_28,Rukwa,15,4,LGA_29,Ward_123,GeoData Consultants Ltd,WUA,Scheme_92,True,2009.0,gravity,motorpump,motorpump,,commercial,never pay,,milky,good,insufficient,dry,other,river,groundwater,other,communal standpipe,functional
10062,32.352201020622815,-7.104421758664838,2012-05-23,Tasaf,1717.0,Other,Water_Point_62,9.0,Lake Nyasa,Subvillage_36,Kagera,11,37,LGA_15,Ward_92,GeoData Consultants Ltd,Water authority,,,1966.0,motorpump,gravity,handpump,,commercial,other,,fluoride,milky,seasonal,enough,,shallow well,groundwater,cattle trough,improved spring,non functional
10063,31.484691336814812,-3.2466543695890735,2012-09-13,Tcrs,2144.0,Wsdp,Water_Point_63,6.0,Lake Nyasa,Subvillage_5,Ruvuma,23,81,LGA_12,Ward_195,GeoData Consultants Ltd,VWC,,True,2011.0,other,other,gravity,wua,commercial,,,salty,salty,seasonal,insufficient,river,other,surface,improved spring,other,functional needs repair
10064,33.93285983444666,-4.213379574361847,2011-06-24,Other,140.0,Danida,,0.0,Ruvuma / Southern Coast,Subvillage_29,Dar es Salaam,24,26,LGA_17,Ward_71,GeoData Consultants Ltd,,Scheme_67,,2012.0,gravity,motorpump,motorpump,water authority,other,pay annually,pay per bucket,fluoride abandoned,milky,insufficient,insufficient,well,lake,groundwater,communal standpipe,other,functional
10065,29.482832432460263,-9.746474597797317,2013-05-21,Community,2380.0,District Council,Water_Point_65,9.0,Internal,Subvillage_54,Tabora,8,59,LGA_4,Ward_60,GeoData Consultants Ltd,WUA,,False,,gravity,motorpump,gravity,vwc,user-group,other,never pay,milky,colored,dry,dry,lake,shallow well,surface,cattle trough,hand pump,functional
10066,37.196943276493556,-5.373571947040869,2013-04-04,Danida,649.0,District Council,Water_Point_66,1.0,Internal,Subvillage_18,Shinyanga,6,67,LGA_38,Ward_195,GeoData Consultants Ltd,VWC,,True,1972.0,handpump,motorpump,other,private operator,other,pay annually,other,fluoride abandoned,milky,seasonal,,other,other,surface,cattle trough,hand pump,non functional
10067,37.128635341476226,-2.8134903822981148,2012-10-13,Tcrs,,District Council,Water_Point_67,2.0,Rufiji,Subvillage_21,Mwanza,22,75,LGA_30,Ward_48,GeoData Consultants Ltd,WUA,Scheme_32,,1994.0,other,handpump,other,water authority,commercial,pay per bucket,pay monthly,milky,colored,dry,enough,river,borehole,groundwater,other,other,non functional
10068,39.82945784656735,-6.321135953182723,2012-02-29,Wsdp,917.0,,Water_Point_68,7.0,Lake Nyasa,Subvillage_47,Shinyanga,14,14,LGA_20,Ward_178,GeoData Consultants Ltd,Water authority,Scheme_12,False,1962.0,handpump,gravity,gravity,private operator,,pay annually,pay annually,,good,seasonal,insufficient,lake,shallow well,surface,communal standpipe,improved spring,functional
10069,35.93495488311276,-1.5866870283378631,2013-06-03,,1332.0,Community,Water_Point_69,2.0,Pangani,,Mbeya,2,20,LGA_38,Ward_138,GeoData Consultants Ltd,,,True,1999.0,motorpump,other,other,private operator,other,other,pay annually,fluoride abandoned,salty,dry,dry,well,other,surface,other,,functional
10070,34.08008465383363,-7.446139391581729,2012-03-14,,776.0,,Water_Point_70,7.0,Lake Victoria,Subvillage_15,Rukwa,23,39,LGA_13,Ward_81,GeoData Consultants Ltd,Private operator,,True,1971.0,submersible,gravity,handpump,private operator,other,other,pay per bucket,milky,colored,dry,dry,lake,other,surface,other,cattle trough,functional needs repair
10071,35.944286299213196,-5.693266095287725,2013-04-09,,386.0,Private individual,Water_Point_71,4.0,Rufiji,Subvillage_41,Manyara,20,22,LGA_4,Ward_13,GeoData Consultants Ltd,WUA,Scheme_20,,,gravity,gravity,other,other,other,never pay,other,soft,fluoride,insufficient,dry,lake,lake,surface,cattle trough,communal standpipe,functional needs repair
10072,39.471965747965854,-6.311286820273408,2012-04-15,Government Of Tanzania,1717.0,Private individual,,8.0,Lake Victoria,Subvillage_57,Lindi,8,27,LGA_12,Ward_65,GeoData Consultants Ltd,WUA,,True,1992.0,other,other,handpump,other,parastatal,pay per bucket,pay monthly,soft,salty,dry,dry,well,river,groundwater,improved spring,hand pump,non functional
10073,34.239620299028395,-5.862519618182285,2011-08-16,Oxfam,2299.0,Dwe,Water_Point_73,9.0,Pangani,Subvillage_97,Mbeya,8,88,LGA_16,Ward_114,GeoData Consultants Ltd,Private operator,,,1990.0,other,handpump,other,wua,other,never pay,other,milky,,,enough,borehole,borehole,groundwater,communal standpipe,hand pump,functional
10074,33.94451262746795,-10.411170745168345,2012-03-21,Kkkt,249.0,,Water_Point_74,7.0,Wami / Ruvu,Subvillage_70,Shinyanga,11,47,LGA_23,Ward_196,GeoData Consultants Ltd,Other,Scheme_86,False,2009.0,motorpump,,gravity,wua,parastatal,pay monthly,other,milky,good,dry,dry,well,lake,surface,communal standpipe,hand pump,functional needs repair
10075,29.57901956014756,-4.260878998573461,2012-03-14,World Bank,760.0,Tcrs,Water_Point_75,5.0,Internal,Subvillage_8,Rukwa,17,17,LGA_26,Ward_141,GeoData Consultants Ltd,,,False,1973.0,other,gravity,gravity,water authority,,never pay,pay per bucket,fluoride,milky,insufficient,enough,lake,river,groundwater,improved spring,other,functional needs repair
10076,33.6368891955324,-2.9422866993676156,2011-11-13,Tasaf,1088.0,Rwssp,Water_Point_76,4.0,Rufiji,Subvillage_80,Kigoma,4,45,LGA_26,Ward_28,GeoData Consultants Ltd,WUA,,,2002.0,other,motorpump,motorpump,other,parastatal,,never pay,fluoride,salty,enough,insufficient,borehole,river,groundwater,hand pump,hand pump,functional needs repair
10077,35.58998530711868,-11.277853796902237,2013-04-14,Unicef,1411.0,Community,Water_Point_77,5.0,Lake Tanganyika,Subvillage_22,Dodoma,20,22,LGA_48,Ward_11,GeoData Consultants Ltd,WUA,,True,1977.0,gravity,handpump,motorpump,private operator,commercial,never pay,pay per bucket,salty,salty,dry,,river,borehole,groundwater,cattle trough,communal standpipe,functional needs repair
10078,39.65433367649612,-11.155808423107452,2011-11-27,Other,186.0,Kkkt,Water_Point_78,9.0,Rufiji,Subvillage_2,Songwe,15,72,LGA_7,Ward_191,GeoData Consultants Ltd,Private operator,,True,,motorpump,gravity,other,other,user-group,,never pay,colored,fluoride,dry,insufficient,lake,lake,surface,communal standpipe,improved spring,functional needs repair
10079,30.96989201494921,-5.412984709344517,2013-02-25,World Vision,1909.0,District Council,Water_Point_79,,Internal,Subvillage_79,Geita,20,9,LGA_32,Ward_132,GeoData Consultants Ltd,,,True,1963.0,handpump,,motorpump,water authority,parastatal,pay per bucket,pay monthly,salty,salty,seasonal,insufficient,,spring,groundwater,hand pump,improved spring,functional
10080,40.4075715932444,-9.439075519927718,2012-09-09,Tcrs,1131.0,,Water_Point_80,,Internal,Subvillage_27,Shinyanga,22,66,LGA_49,Ward_144,GeoData Consultants Ltd,,,,,,handpump,gravity,wua,commercial,pay per bucket,pay monthly,salty,good,seasonal,insufficient,,borehole,groundwater,communal standpipe,improved spring,functional
10081,36.63398146080634,-11.158019683776251,2012-06-07,Tasaf,1892.0,Oxfam,Water_Point_81,5.0,Lake Tanganyika,Subvillage_45,Tanga,22,78,LGA_16,Ward_189,GeoData Consultants Ltd,VWC,,False,1962.0,other,motorpump,gravity,private operator,user-group,other,pay annually,fluoride abandoned,salty,dry,dry,well,,groundwater,cattle trough,other,non functional
10082,38.340968391388934,-4.537620489100336,2013-04-16,Dwe,1878.0,,Water_Point_82,5.0,Internal,Subvillage_67,Dodoma,21,1,LGA_17,Ward_194,GeoData Consultants Ltd,Other,Scheme_33,True,2003.0,other,motorpump,handpump,water authority,user-group,pay per bucket,pay annually,fluoride,milky,seasonal,dry,well,spring,groundwater,other,other,functional needs repair
10083,29.47815803823583,-4.289913069896079,2013-07-30,Community,1600.0,Dwe,Water_Point_83,7.0,Lake Rukwa,Subvillage_61,Tanga,25,12,LGA_26,Ward_102,GeoData Consultants Ltd,Water authority,Scheme_37,,,gravity,handpump,handpump,vwc,commercial,pay per bucket,never pay,soft,fluoride,seasonal,dry,spring,other,groundwater,communal standpipe,hand pump,functional needs repair
10084,34.26059514250372,-6.804631293583467,2011-08-05,Community,1192.0,,Water_Point_84,1.0,Lake Nyasa,Subvillage_33,Dodoma,12,53,LGA_34,Ward_4,GeoData Consultants Ltd,Water authority,Scheme_4,False,1994.0,submersible,other,motorpump,vwc,other,pay monthly,pay monthly,fluoride,salty,enough,insufficient,borehole,other,surface,cattle trough,hand pump,non functional
10085,33.53256453800022,-3.08189384819347,2011-01-19,World Bank,,Tcrs,Water_Point_85,6.0,Wami / Ruvu,Subvillage_76,Katavi,1,62,LGA_15,Ward_2,GeoData Consultants Ltd,Other,,,,other,other,,private operator,other,other,,fluoride abandoned,good,,dry,river,shallow well,groundwater,,cattle trough,functional needs repair
10086,35.0191157656031,-4.534888750549874,2013-02-21,District Council,777.0,District Council,Water_Point_86,5.0,Internal,Subvillage_8,Katavi,20,47,LGA_4,Ward_179,GeoData Consultants Ltd,,,True,1968.0,other,motorpump,handpump,vwc,user-group,pay per bucket,,soft,good,dry,dry,spring,lake,surface,improved spring,improved spring,non functional
10087,34.63090687436838,-11.441945767917444,2012-04-25,,2031.0,Dwe,Water_Point_87,6.0,Ruvuma / Southern Coast,,Njombe,18,82,LGA_2,Ward_45,GeoData Consultants Ltd,Private operator,,,,submersible,handpump,handpump,vwc,parastatal,pay monthly,pay annually,milky,colored,enough,enough,borehole,other,groundwater,improved spring,improved spring,non functional
10088,,-5.553264853688209,2013-03-04,Wsdp,662.0,Unicef,Water_Point_88,1.0,Lake Rukwa,Subvillage_21,Geita,7,23,LGA_27,Ward_45,GeoData Consultants Ltd,,,True,2009.0,,motorpump,gravity,other,other,pay per bucket,other,colored,good,insufficient,,spring,other,,other,other,functional
10089,37.21576216691072,-10.352214995735862,2011-02-04,Rwssp,507.0,,Water_Point_89,2.0,Lake Rukwa,Subvillage_16,Njombe,19,73,LGA_1,Ward_42,GeoData Consultants Ltd,,,,,other,gravity,other,water authority,commercial,pay per bucket,pay annually,,colored,enough,insufficient,well,lake,surface,hand pump,improved spring,non functional
10090,32.303043905859234,-11.170875168686813,2012-01-01,,2314.0,Tcrs,Water_Point_90,4.0,Lake Tanganyika,,Dar es Salaam,2,56,LGA_23,Ward_103,GeoData Consultants Ltd,Other,Scheme_78,,1990.0,handpump,motorpump,handpump,wua,commercial,pay monthly,never pay,colored,milky,seasonal,dry,spring,spring,groundwater,communal standpipe,improved spring,functional
10091,29.717960263694472,-10.528103631860017,2012-08-06,,1577.0,World Vision,Water_Point_91,1.0,Rufiji,Subvillage_24,Kagera,23,6,LGA_29,Ward_126,GeoData Consultants Ltd,VWC,Scheme_75,True,,submersible,handpump,other,water authority,other,pay monthly,other,fluoride abandoned,milky,enough,dry,other,spring,surface,hand pump,cattle trough,functional
10092,34.300330889375694,-2.7822008064072143,2012-01-07,Hesawa,446.0,Community,Water_Point_92,,Pangani,Subvillage_78,Kagera,15,79,LGA_6,Ward_27,GeoData Consultants Ltd,Private operator,,False,2000.0,other,handpump,gravity,private operator,user-group,other,,soft,milky,enough,enough,lake,lake,groundwater,hand pump,communal standpipe,functional
10093,29.52972523234274,-4.596415805822713,2013-05-11,Tasaf,2495.0,Wsdp,Water_Point_93,9.0,Wami / Ruvu,Subvillage_86,Njombe,22,34,LGA_29,Ward_166,GeoData Consultants Ltd,VWC,Scheme_65,,1963.0,handpump,motorpump,other,private operator,commercial,never pay,pay per bucket,salty,good,dry,enough,other,,surface,hand pump,hand pump,non functional
10094,38.86160198914712,-4.106501034292542,2013-04-25,District Council,2007.0,,Water_Point_94,0.0,Lake Tanganyika,Subvillage_71,Mwanza,22,63,LGA_35,Ward_62,GeoData Consultants Ltd,Water authority,Scheme_29,False,,handpump,gravity,motorpump,water authority,parastatal,never pay,other,,fluoride,enough,enough,well,borehole,groundwater,other,,non functional
10095,35.96815124726385,-2.2570294722666606,2012-03-27,Rural Water Supply And Sanitation Programme,1.0,,Water_Point_95,5.0,Lake Nyasa,Subvillage_84,Dodoma,22,58,LGA_6,Ward_146,GeoData Consultants Ltd,,,True,2003.0,gravity,,other,other,parastatal,other,pay monthly,salty,good,dry,dry,spring,other,surface,hand pump,improved spring,functional needs repair
10096,33.898971473886924,-4.629022129819549,2013-03-29,Rural Water Supply And Sanitation Programme,573.0,Community,Water_Point_96,9.0,Pangani,Subvillage_71,Singida,15,89,LGA_23,Ward_188,GeoData Consultants Ltd,,Scheme_97,True,2002.0,gravity,other,gravity,other,other,pay per bucket,pay per bucket,fluoride abandoned,milky,insufficient,insufficient,borehole,river,surface,communal standpipe,improved spring,non functional
10097,35.87043628959433,-11.16673648524306,2011-03-20,World Bank,1971.0,Oxfam,Water_Point_97,4.0,Internal,Subvillage_42,Mwanza,17,33,LGA_12,Ward_177,GeoData Consultants Ltd,Water authority,,True,1995.0,motorpump,gravity,gravity,,other,other,pay annually,soft,salty,dry,enough,well,lake,surface,communal standpipe,improved spring,functional needs repair
10098,36.82773229209597,-6.207064512265582,2013-03-26,,,District Council,Water_Point_98,1.0,Rufiji,Subvillage_46,Kilimanjaro,23,12,LGA_40,Ward_66,GeoData Consultants Ltd,Water authority,,False,1995.0,motorpump,handpump,motorpump,water authority,parastatal,other,pay monthly,milky,fluoride,dry,insufficient,lake,spring,surface,cattle trough,hand pump,non functional
10099,31.977399160121106,-3.894587846548607,2012-10-18,Government Of Tanzania,515.0,,Water_Point_99,8.0,Rufiji,Subvillage_19,Arusha,12,81,LGA_10,Ward_98,GeoData Consultants Ltd,,,True,1968.0,handpump,gravity,gravity,private operator,other,never pay,other,fluoride abandoned,good,insufficient,enough,river,other,,hand pump,other,functional
10100,34.957119960825125,-9.156444835894295,2013-09-10,Other,824.0,Private individual,Water_Point_100,,Wami / Ruvu,Subvillage_32,Ruvuma,25,75,LGA_23,Ward_57,GeoData Consultants Ltd,,Scheme_93,True,1980.0,gravity,other,handpump,wua,other,pay annually,pay annually,salty,colored,enough,insufficient,lake,borehole,surface,improved spring,cattle trough,functional
10101,35.29423386990409,-11.013292500117794,2011-12-05,Dwe,1273.0,Danida,,4.0,Lake Nyasa,Subvillage_7,Songwe,24,76,LGA_16,Ward_151,GeoData Consultants Ltd,Private operator,Scheme_15,True,,gravity,handpump,other,private operator,parastatal,pay annually,pay per bucket,colored,fluoride,enough,enough,lake,other,surface,cattle trough,improved spring,functional needs repair
10102,39.180247105137,-5.912596652414004,2013-08-07,Hesawa,877.0,,Water_Point_102,9.0,Lake Nyasa,Subvillage_33,Dar es Salaam,24,72,LGA_37,Ward_51,GeoData Consultants Ltd,,Scheme_38,,2010.0,motorpump,other,gravity,wua,parastatal,other,pay monthly,soft,good,enough,enough,river,river,surface,hand pump,other,functional
10103,39.169949421669806,-5.273563855933723,2011-10-21,Rwssp,968.0,Danida,Water_Point_103,,Lake Tanganyika,Subvillage_43,Arusha,23,88,LGA_49,Ward_124,GeoData Consultants Ltd,VWC,Scheme_15,False,2003.0,submersible,handpump,handpump,vwc,user-group,pay annually,other,,fluoride,enough,enough,lake,other,surface,cattle trough,communal standpipe,functional
10104,39.80913028818565,-1.0776661834876684,2011-02-11,Tasaf,2441.0,Dwe,Water_Point_104,4.0,Ruvuma / Southern Coast,,Shinyanga,5,58,LGA_31,Ward_52,GeoData Consultants Ltd,Water authority,,True,,other,other,handpump,vwc,commercial,pay annually,pay annually,fluoride abandoned,fluoride,insufficient,enough,spring,shallow well,groundwater,other,cattle trough,functional needs repair
10105,32.63925700505579,-8.440387323674306,2013-08-08,Kkkt,1520.0,Community,Water_Point_105,7.0,Lake Rukwa,Subvillage_42,Ruvuma,20,73,LGA_17,Ward_27,GeoData Consultants Ltd,Private operator,Scheme_69,True,1966.0,motorpump,other,gravity,,user-group,pay monthly,other,soft,salty,seasonal,dry,river,river,groundwater,other,improved spring,non functional
10106,37.63188225255745,-10.156893873604494,2011-04-06,Other,1755.0,Tasaf,Water_Point_106,,Lake Tanganyika,Subvillage_34,Dar es Salaam,4,18,LGA_38,Ward_187,GeoData Consultants Ltd,Water authority,Scheme_72,True,1973.0,motorpump,other,other,private operator,parastatal,,pay per bucket,colored,colored,insufficient,dry,borehole,river,surface,communal standpipe,improved spring,functional needs repair
10107,29.08931638477064,-1.0952604331039062,2011-06-28,Private individual,325.0,Other,Water_Point_107,5.0,Internal,,Mbeya,16,17,LGA_7,Ward_13,GeoData Consultants Ltd,Private operator,,False,,handpump,,gravity,private operator,parastatal,pay per bucket,pay monthly,colored,fluoride,insufficient,,river,shallow well,surface,,improved spring,functional
10108,34.1081154010973,-2.4312271992891645,2012-03-19,World Bank,1036.0,World Vision,Water_Point_108,0.0,Wami / Ruvu,Subvillage_80,Singida,3,3,LGA_5,Ward_11,GeoData Consultants Ltd,Other,,False,1990.0,other,gravity,other,wua,other,pay per bucket,other,fluoride abandoned,salty,seasonal,enough,lake,spring,groundwater,hand pump,cattle trough,non functional
10109,32.410182280633016,-7.055886491498601,2011-10-27,Government Of Tanzania,162.0,Danida,Water_Point_109,4.0,Lake Rukwa,Subvillage_45,Mara,24,61,LGA_27,Ward_94,GeoData Consultants Ltd,,,,,other,handpump,other,water authority,user-group,never pay,pay annually,fluoride,good,dry,enough,other,shallow well,groundwater,communal standpipe,other,non functional
10110,39.48591354970364,-11.270559287174486,2011-02-20,,969.0,,Water_Point_110,9.0,Pangani,Subvillage_85,Shinyanga,15,70,LGA_48,Ward_177,GeoData Consultants Ltd,Other,,True,2003.0,other,motorpump,other,private operator,user-group,pay monthly,,fluoride abandoned,milky,enough,enough,other,shallow well,groundwater,improved spring,hand pump,functional
10111,30.050562291320894,-5.438822923450819,2012-08-14,World Vision,1365.0,Wsdp,Water_Point_111,,Lake Nyasa,Subvillage_97,Geita,9,91,LGA_24,Ward_90,GeoData Consultants Ltd,VWC,Scheme_92,True,1966.0,gravity,handpump,gravity,vwc,,pay per bucket,pay monthly,salty,salty,insufficient,insufficient,river,spring,groundwater,communal standpipe,other,functional needs repair
10112,29.552908137594176,-11.542543381820767,2012-04-02,Rwssp,2063.0,District Council,Water_Point_112,0.0,Internal,Subvillage_69,Kilimanjaro,13,10,LGA_11,Ward_103,GeoData Consultants Ltd,WUA,,,1966.0,gravity,motorpump,motorpump,private operator,user-group,pay annually,pay annually,fluoride abandoned,good,seasonal,enough,well,shallow well,groundwater,improved spring,improved spring,non functional
10113,36.54193882426502,-4.420914167562437,2012-01-19,,,,Water_Point_113,2.0,Wami / Ruvu,Subvillage_49,Morogoro,2,48,LGA_46,Ward_142,GeoData Consultants Ltd,Water authority,,,1961.0,submersible,handpump,other,private operator,user-group,,pay monthly,fluoride,good,seasonal,insufficient,lake,spring,surface,cattle trough,hand pump,functional
10114,31.702859936337063,-7.344130717315205,2011-03-03,Kkkt,,Rural Water Supply And Sanitation Programme,Water_Point_114,,Rufiji,Subvillage_97,Mara,5,8,LGA_44,Ward_98,GeoData Consultants Ltd,Other,Scheme_9,,1962.0,motorpump,handpump,handpump,wua,commercial,pay monthly,pay annually,soft,,seasonal,dry,borehole,lake,surface,other,hand pump,non functional
10115,33.157712159274,-0.9905866997701338,2011-01-26,Kkkt,2032.0,Unicef,Water_Point_115,4.0,Rufiji,,Tabora,12,22,LGA_30,Ward_114,GeoData Consultants Ltd,Other,,True,2010.0,gravity,motorpump,other,water authority,,pay monthly,never pay,colored,milky,enough,dry,river,borehole,groundwater,cattle trough,cattle trough,functional
10116,29.60843548261264,-11.100924153714416,2013-03-04,Tasaf,1711.0,Kkkt,Water_Point_116,1.0,Lake Nyasa,,Kagera,9,72,LGA_28,Ward_74,GeoData Consultants Ltd,,,,1965.0,motorpump,handpump,other,wua,user-group,other,pay per bucket,salty,salty,insufficient,dry,well,spring,surface,improved spring,other,functional needs repair
10117,37.93344572326323,-5.09413080225668,2012-12-22,,1316.0,Rural Water Supply And Sanitation Programme,Water_Point_117,6.0,Internal,Subvillage_15,Ruvuma,9,43,LGA_16,Ward_74,GeoData Consultants Ltd,,Scheme_2,,1990.0,handpump,handpump,gravity,,commercial,pay per bucket,other,fluoride,milky,seasonal,,spring,borehole,surface,hand pump,cattle trough,functional
10118,29.57339168359039,-5.921002765946221,2012-11-03,Oxfam,,Unicef,Water_Point_118,,Wami / Ruvu,,Arusha,7,21,LGA_5,Ward_180,GeoData Consultants Ltd,Other,Scheme_61,,1961.0,handpump,gravity,gravity,other,other,pay monthly,other,fluoride,,seasonal,dry,other,borehole,surface,improved spring,hand pump,non functional
10119,30.043290151600054,-2.2962648275445687,2012-10-10,,,Other,Water_Point_119,,Ruvuma / Southern Coast,Subvillage_41,Ruvuma,24,82,LGA_49,Ward_146,GeoData Consultants Ltd,WUA,,,1985.0,other,gravity,gravity,vwc,commercial,pay annually,other,fluoride,good,insufficient,enough,well,shallow well,surface,improved spring,cattle trough,functional
10120,30.9611875623296,-9.437558524102256,2011-01-07,Rural Water Supply And Sanitation Programme,523.0,Other,Water_Point_120,,Wami / Ruvu,Subvillage_27,Mara,25,66,LGA_9,Ward_92,GeoData Consultants Ltd,Water authority,,,1996.0,handpump,gravity,handpump,wua,parastatal,never pay,pay annually,fluoride,milky,seasonal,,lake,river,surface,hand pump,cattle trough,functional
10121,38.6273625882428,-5.219401410746908,2013-09-16,Private individual,938.0,District Council,Water_Point_121,,Pangani,Subvillage_4,Njombe,18,38,LGA_23,Ward_59,GeoData Consultants Ltd,Water authority,,False,1996.0,handpump,,gravity,private operator,user-group,pay annually,pay per bucket,milky,fluoride,seasonal,,lake,other,groundwater,cattle trough,hand pump,functional
10122,29.626856690257775,-6.196659720169276,2011-08-02,,1260.0,District Council,Water_Point_122,,Lake Rukwa,Subvillage_14,Mbeya,17,32,LGA_46,Ward_70,GeoData Consultants Ltd,Water authority,,False,,submersible,other,other,water authority,,other,never pay,fluoride,milky,insufficient,insufficient,lake,shallow well,groundwater,hand pump,hand pump,functional needs repair
10123,38.30774976102488,-11.192332577681386,2011-02-22,,2001.0,Tasaf,Water_Point_123,,Rufiji,Subvillage_11,Lindi,3,87,LGA_7,Ward_151,GeoData Consultants Ltd,WUA,,False,2000.0,handpump,,gravity,water authority,,pay monthly,,milky,good,dry,dry,borehole,borehole,surface,improved spring,hand pump,non functional
10124,35.31823606870109,-4.68317266939484,2013-05-18,Government Of Tanzania,1259.0,World Vision,Water_Point_124,3.0,Lake Victoria,Subvillage_32,Morogoro,17,8,LGA_42,Ward_98,GeoData Consultants Ltd,Water authority,Scheme_79,,1984.0,handpump,motorpump,motorpump,vwc,other,pay monthly,,colored,good,seasonal,enough,river,lake,groundwater,other,communal standpipe,functional
10125,34.08685776757748,-8.309273793969151,2013-06-25,Community,,Rwssp,Water_Point_125,,Lake Rukwa,Subvillage_1,Simiyu,22,4,LGA_30,Ward_12,GeoData Consultants Ltd,,Scheme_31,True,1975.0,other,gravity,other,,other,never pay,never pay,soft,fluoride,seasonal,enough,lake,river,groundwater,communal standpipe,improved spring,functional needs repair
10126,35.97344034530511,-6.047968880655326,2011-03-26,World Bank,362.0,,Water_Point_126,2.0,Internal,Subvillage_71,Pwani,3,62,LGA_45,Ward_167,GeoData Consultants Ltd,WUA,,False,2005.0,motorpump,handpump,other,wua,other,other,pay per bucket,fluoride abandoned,fluoride,insufficient,dry,spring,river,groundwater,hand pump,improved spring,functional
10127,34.0148105225221,-1.513674892016537,2012-01-27,Unicef,843.0,,Water_Point_127,6.0,Wami / Ruvu,Subvillage_93,Kigoma,22,46,LGA_22,Ward_192,GeoData Consultants Ltd,Private operator,,False,1999.0,submersible,handpump,,vwc,parastatal,,pay annually,fluoride abandoned,salty,seasonal,dry,well,borehole,surface,hand pump,communal standpipe,functional
10128,30.459037522725573,-6.513199599327622,2012-05-13,District Council,1223.0,Rural Water Supply And Sanitation Programme,Water_Point_128,,Lake Victoria,Subvillage_10,Dar es Salaam,14,55,LGA_1,Ward_49,GeoData Consultants Ltd,Other,Scheme_55,,,gravity,other,,private operator,user-group,pay monthly,pay per bucket,milky,fluoride,dry,dry,river,borehole,groundwater,communal standpipe,improved spring,non functional
10129,38.67857778721488,-2.007464283021628,2013-09-10,Tasaf,325.0,Unicef,Water_Point_129,9.0,Lake Nyasa,Subvillage_37,Dar es Salaam,9,25,LGA_33,Ward_127,GeoData Consultants Ltd,WUA,Scheme_11,,1979.0,submersible,handpump,gravity,,user-group,pay per bucket,pay per bucket,fluoride abandoned,colored,enough,enough,borehole,river,surface,cattle trough,improved spring,functional
10130,34.78500309690575,-1.8895570348925528,2012-08-20,,2160.0,Government Of Tanzania,Water_Point_130,,Wami / Ruvu,Subvillage_24,Kilimanjaro,15,63,LGA_49,Ward_94,GeoData Consultants Ltd,Private operator,,True,1980.0,motorpump,gravity,handpump,private operator,other,pay monthly,other,,salty,seasonal,dry,well,other,surface,communal standpipe,improved spring,functional
10131,32.97505475873138,-6.990299751392076,2011-10-19,,313.0,,Water_Point_131,8.0,Pangani,Subvillage_3,Iringa,6,67,LGA_11,Ward_15,GeoData Consultants Ltd,Private operator,Scheme_47,False,,motorpump,handpump,handpump,wua,user-group,pay per bucket,other,fluoride,colored,insufficient,insufficient,other,shallow well,groundwater,cattle trough,hand pump,functional
10132,39.07126919688029,-11.510314528079986,2012-06-24,Tasaf,1308.0,Tcrs,Water_Point_132,,Internal,Subvillage_2,Shinyanga,24,71,LGA_27,Ward_137,GeoData Consultants Ltd,VWC,Scheme_84,False,,gravity,handpump,handpump,vwc,other,other,pay monthly,,fluoride,,insufficient,lake,borehole,surface,,,functional
10133,36.64118255657249,-9.787792198798241,2013-02-03,Danida,1490.0,Hesawa,Water_Point_133,0.0,Ruvuma / Southern Coast,Subvillage_15,Kilimanjaro,25,69,LGA_41,Ward_150,GeoData Consultants Ltd,Private operator,,True,1968.0,gravity,other,motorpump,other,other,never pay,other,fluoride abandoned,,dry,insufficient,,borehole,surface,cattle trough,improved spring,functional needs repair
10134,37.950901134276926,-2.4347864404787334,2012-06-28,Tcrs,1088.0,,Water_Point_134,,Lake Rukwa,Subvillage_17,Shinyanga,2,13,LGA_14,Ward_139,GeoData Consultants Ltd,Water authority,,True,1969.0,other,gravity,motorpump,,user-group,pay per bucket,never pay,soft,colored,dry,insufficient,borehole,borehole,groundwater,hand pump,cattle trough,functional needs repair
10135,33.17820957899158,-10.559513369161225,2011-05-19,Other,1377.0,,Water_Point_135,,Lake Rukwa,Subvillage_61,Pwani,14,68,LGA_26,Ward_111,GeoData Consultants Ltd,VWC,Scheme_51,,,gravity,other,other,water authority,commercial,other,never pay,colored,good,enough,insufficient,spring,other,surface,cattle trough,communal standpipe,functional
10136,38.82623345663214,,2011-09-27,World Vision,449.0,Wsdp,Water_Point_136,1.0,Lake Victoria,Subvillage_58,Lindi,10,58,LGA_18,Ward_158,GeoData Consultants Ltd,Other,,,1962.0,gravity,handpump,handpump,private operator,parastatal,other,pay monthly,colored,colored,dry,dry,spring,spring,surface,hand pump,improved spring,functional needs repair
10137,34.125455587837585,-5.579652706997329,2012-07-31,World Vision,141.0,District Council,Water_Point_137,1.0,Lake Victoria,Subvillage_8,Mara,3,12,LGA_20,Ward_16,GeoData Consultants Ltd,Water authority,Scheme_63,,1992.0,motorpump,motorpump,motorpump,vwc,parastatal,pay annually,,fluoride abandoned,colored,dry,insufficient,well,river,groundwater,hand pump,cattle trough,functional needs repair
10138,30.80977320852397,-1.5207938307994429,2013-02-21,Hesawa,1315.0,Wsdp,Water_Point_138,6.0,Lake Victoria,,Iringa,17,5,LGA_7,Ward_83,GeoData Consultants Ltd,Other,,True,,submersible,,handpump,water authority,user-group,pay monthly,pay annually,colored,milky,seasonal,dry,other,river,,improved spring,communal standpipe,functional needs repair
10139,39.54505280067862,-10.047895540072096,2012-07-28,Private individual,1034.0,Other,Water_Point_139,3.0,Lake Victoria,Subvillage_81,Geita,8,69,LGA_5,Ward_105,GeoData Consultants Ltd,VWC,,,1973.0,handpump,other,,other,parastatal,never pay,never pay,soft,,,enough,spring,spring,groundwater,,improved spring,functional needs repair
10140,36.45317446350232,,2012-08-22,District Council,,Wsdp,Water_Point_140,0.0,Ruvuma / Southern Coast,Subvillage_82,Rukwa,6,70,LGA_40,Ward_53,GeoData Consultants Ltd,WUA,,,2000.0,other,handpump,motorpump,other,other,pay per bucket,,fluoride,colored,dry,insufficient,other,other,surface,hand pump,hand pump,non functional
10141,40.31736716400173,-3.3768001622177852,2013-03-13,,179.0,,Water_Point_141,5.0,Ruvuma / Southern Coast,Subvillage_52,Mwanza,1,28,LGA_31,Ward_118,GeoData Consultants Ltd,Water authority,,False,,handpump,gravity,gravity,other,commercial,never pay,other,milky,milky,seasonal,insufficient,river,lake,surface,other,hand pump,functional
10142,31.02151388204939,-8.961248446967334,2012-12-12,Other,1212.0,Hesawa,Water_Point_142,,Internal,Subvillage_38,Kagera,19,56,LGA_47,Ward_103,GeoData Consultants Ltd,VWC,Scheme_30,True,1990.0,handpump,other,handpump,private operator,user-group,pay annually,,fluoride abandoned,colored,insufficient,enough,river,borehole,groundwater,improved spring,other,functional
10143,36.051459148545845,-4.584558052926766,2013-06-29,Oxfam,1734.0,World Bank,,9.0,Lake Victoria,Subvillage_29,Geita,1,50,LGA_46,Ward_139,GeoData Consultants Ltd,VWC,,,1972.0,submersible,handpump,handpump,other,commercial,never pay,pay annually,salty,salty,enough,enough,spring,borehole,surface,communal standpipe,communal standpipe,non functional
10144,35.38049665978802,-1.359952600759014,2013-06-20,,671.0,Hesawa,Water_Point_144,1.0,Pangani,Subvillage_17,Tabora,4,61,LGA_17,Ward_49,GeoData Consultants Ltd,,Scheme_3,False,2009.0,handpump,other,other,,commercial,never pay,pay per bucket,soft,colored,insufficient,insufficient,borehole,river,surface,other,cattle trough,functional
10145,38.01121478954316,-9.603161735959093,2012-04-17,Rural Water Supply And Sanitation Programme,1845.0,Community,Water_Point_145,,Wami / Ruvu,Subvillage_43,Kigoma,19,27,LGA_37,Ward_46,GeoData Consultants Ltd,,,False,,gravity,handpump,motorpump,vwc,parastatal,pay per bucket,other,fluoride,milky,seasonal,insufficient,spring,shallow well,groundwater,communal standpipe,hand pump,non functional
10146,36.11775437177949,-2.0801560924156615,2012-06-06,Tasaf,687.0,District Council,Water_Point_146,2.0,Lake Victoria,Subvillage_6,Iringa,17,73,LGA_17,Ward_95,GeoData Consultants Ltd,,,True,,handpump,gravity,handpump,other,user-group,pay annually,pay annually,soft,salty,dry,insufficient,river,river,surface,hand pump,hand pump,functional
10147,33.96409246265351,-2.6382875737545977,2011-03-08,Government Of Tanzania,,Rwssp,Water_Point_147,0.0,Lake Nyasa,Subvillage_87,Manyara,9,23,LGA_4,Ward_21,GeoData Consultants Ltd,Other,Scheme_99,True,2006.0,submersible,gravity,handpump,vwc,commercial,pay per bucket,pay per bucket,milky,good,enough,,spring,spring,surface,communal standpipe,other,functional
10148,37.3429973911781,-3.998130448243007,2013-06-27,Government Of Tanzania,66.0,Tasaf,Water_Point_148,6.0,Pangani,Subvillage_53,Dar es Salaam,1,69,LGA_49,Ward_125,GeoData Consultants Ltd,Private operator,,True,,handpump,motorpump,handpump,private operator,user-group,,never pay,colored,good,dry,insufficient,well,borehole,groundwater,hand pump,cattle trough,functional needs repair
10149,33.41784871646482,-10.102192932537736,2012-02-21,Tasaf,1095.0,Wsdp,Water_Point_149,2.0,Rufiji,Subvillage_93,Pwani,17,89,LGA_38,Ward_196,GeoData Consultants Ltd,Water authority,,False,1967.0,other,gravity,other,wua,commercial,pay per bucket,other,soft,salty,seasonal,enough,other,river,surface,communal standpipe,cattle trough,non functional
10150,37.11508233955038,-7.583423140365115,2011-07-27,Government Of Tanzania,1832.0,Rural Water Supply And Sanitation Programme,Water_Point_150,,Internal,Subvillage_8,Kilimanjaro,25,69,LGA_40,Ward_82,GeoData Consultants Ltd,VWC,Scheme_57,True,1997.0,submersible,other,handpump,private operator,other,pay monthly,other,milky,good,seasonal,enough,lake,river,surface,other,other,functional
10151,5.346965389018862,-1.118515875069079,2012-04-17,Wsdp,316.0,Community,Water_Point_151,,Wami / Ruvu,Subvillage_96,Simiyu,18,86,LGA_43,Ward_77,GeoData Consultants Ltd,VWC,Scheme_4,,2000.0,other,handpump,gravity,,commercial,other,other,milky,colored,dry,enough,well,river,surface,hand pump,communal standpipe,functional needs repair
10152,35.549494704843376,-10.178647073662928,2011-09-16,District Council,626.0,Rural Water Supply And Sanitation Programme,Water_Point_152,,Lake Victoria,,Tabora,23,14,LGA_40,Ward_196,GeoData Consultants Ltd,Water authority,,True,,other,other,handpump,,parastatal,never pay,other,,good,,enough,other,shallow well,groundwater,improved spring,communal standpipe,non functional
10153,36.28927291545622,-9.456991933546867,2012-06-23,Rural Water Supply And Sanitation Programme,1079.0,Other,Water_Point_153,,Pangani,Subvillage_36,Geita,12,9,LGA_36,Ward_38,GeoData Consultants Ltd,,Scheme_86,False,2011.0,,gravity,other,vwc,commercial,pay per bucket,other,fluoride,salty,insufficient,dry,lake,borehole,surface,improved spring,other,non functional
10154,36.807359685647384,-8.866241522076024,2011-02-02,Hesawa,69.0,Private individual,Water_Point_154,,Lake Tanganyika,Subvillage_77,Rukwa,12,69,LGA_37,Ward_159,GeoData Consultants Ltd,WUA,,,,motorpump,gravity,gravity,wua,user-group,,never pay,salty,milky,dry,enough,river,river,groundwater,communal standpipe,communal standpipe,functional needs repair
10155,31.72053113992765,-10.283754153956385,2013-08-09,Rural Water Supply And Sanitation Programme,,Wsdp,Water_Point_155,7.0,Internal,Subvillage_66,Ruvuma,16,55,LGA_13,Ward_105,GeoData Consultants Ltd,WUA,,,1965.0,motorpump,handpump,gravity,,parastatal,pay monthly,other,colored,good,,dry,river,lake,surface,hand pump,communal standpipe,functional needs repair
10156,34.07764111935732,-2.5757484582258705,2012-01-16,Private individual,306.0,World Vision,Water_Point_156,,Lake Tanganyika,Subvillage_87,Rukwa,16,56,LGA_38,Ward_139,GeoData Consultants Ltd,VWC,Scheme_49,,1982.0,other,gravity,motorpump,private operator,user-group,pay per bucket,other,soft,colored,enough,dry,well,lake,groundwater,hand pump,communal standpipe,functional
10157,30.619988945434905,-3.864642022997595,2011-11-07,Danida,665.0,Kkkt,Water_Point_157,1.0,Lake Rukwa,Subvillage_62,Dar es Salaam,4,93,LGA_24,Ward_167,GeoData Consultants Ltd,Other,,,1988.0,handpump,handpump,handpump,,,pay per bucket,other,,fluoride,dry,insufficient,lake,other,groundwater,cattle trough,hand pump,functional needs repair
10158,36.21506038613224,-8.55679649363679,2012-05-12,,1897.0,Community,Water_Point_158,7.0,Rufiji,Subvillage_2,Simiyu,2,78,LGA_4,Ward_141,GeoData Consultants Ltd,Private operator,Scheme_72,True,,handpump,motorpump,handpump,private operator,commercial,other,pay monthly,salty,good,dry,dry,other,river,groundwater,hand pump,other,functional needs repair
10159,37.13651241824749,-2.345385577208397,2013-06-09,Private individual,2048.0,Dwe,Water_Point_159,6.0,Lake Rukwa,Subvillage_4,Rukwa,21,56,LGA_41,Ward_66,GeoData Consultants Ltd,VWC,Scheme_84,False,,handpump,motorpump,handpump,wua,user-group,pay monthly,pay per bucket,soft,milky,dry,insufficient,river,other,surface,improved spring,improved spring,functional needs repair
10160,38.3866202964222,-7.519846412903248,2012-08-06,Tasaf,312.0,Danida,Water_Point_160,9.0,Lake Nyasa,Subvillage_81,Tabora,22,68,LGA_19,Ward_66,GeoData Consultants Ltd,Private operator,Scheme_54,False,1980.0,gravity,,handpump,wua,other,pay per bucket,other,colored,fluoride,enough,insufficient,borehole,lake,surface,cattle trough,,functional
10161,32.690757540673566,-5.957130593239091,2011-05-12,,1399.0,Hesawa,Water_Point_161,4.0,Internal,Subvillage_95,Shinyanga,9,81,LGA_47,Ward_103,GeoData Consultants Ltd,,Scheme_62,True,1987.0,submersible,other,gravity,water authority,other,,,milky,salty,enough,enough,borehole,river,surface,hand pump,cattle trough,functional
10162,29.757759897867686,-7.320393330178,2011-01-18,,1369.0,Government Of Tanzania,Water_Point_162,9.0,Rufiji,Subvillage_80,Morogoro,12,17,LGA_48,Ward_26,GeoData Consultants Ltd,WUA,Scheme_21,False,1993.0,submersible,handpump,handpump,water authority,parastatal,pay per bucket,other,fluoride,salty,,insufficient,other,shallow well,groundwater,other,improved spring,non functional
10163,31.348744136553442,-0.9920461819064919,2013-03-26,Dwe,519.0,Private individual,,9.0,Lake Rukwa,Subvillage_48,Mtwara,7,54,LGA_14,Ward_199,GeoData Consultants Ltd,,Scheme_48,,,other,,gravity,,commercial,pay monthly,other,,,insufficient,enough,river,shallow well,surface,,hand pump,functional
10164,31.470827973887477,-9.537782167153443,2013-03-16,Rural Water Supply And Sanitation Programme,342.0,Other,Water_Point_164,2.0,Lake Rukwa,Subvillage_89,Songwe,12,63,LGA_27,Ward_52,GeoData Consultants Ltd,,Scheme_72,True,,motorpump,other,handpump,other,user-group,other,pay monthly,fluoride,milky,enough,dry,,other,groundwater,cattle trough,other,non functional
10165,37.76956779710286,-7.958710145721267,2012-07-06,Kkkt,1784.0,Rural Water Supply And Sanitation Programme,Water_Point_165,4.0,Rufiji,Subvillage_38,Mtwara,17,14,LGA_7,Ward_179,GeoData Consultants Ltd,,,,1994.0,handpump,motorpump,motorpump,wua,other,pay annually,pay annually,colored,good,insufficient,insufficient,well,spring,surface,other,cattle trough,functional needs repair
10166,35.708328464867954,-6.814310620729915,2012-05-14,World Bank,2006.0,,Water_Point_166,2.0,Lake Rukwa,Subvillage_90,Mara,8,80,LGA_41,Ward_131,GeoData Consultants Ltd,Private operator,,,,motorpump,motorpump,other,other,parastatal,,pay annually,milky,milky,dry,enough,river,lake,groundwater,communal standpipe,communal standpipe,non functional
10167,39.86732503389219,-4.789541048730816,2012-02-23,Rural Water Supply And Sanitation Programme,214.0,Dwe,Water_Point_167,4.0,Ruvuma / Southern Coast,Subvillage_27,Rukwa,16,6,LGA_33,Ward_44,GeoData Consultants Ltd,Private operator,,True,1985.0,handpump,motorpump,gravity,vwc,other,pay annually,other,,colored,seasonal,enough,well,borehole,groundwater,communal standpipe,improved spring,functional needs repair
10168,39.66036746040464,-4.273324828347005,2013-02-12,,2455.0,Other,Water_Point_168,6.0,Ruvuma / Southern Coast,Subvillage_57,Manyara,18,99,LGA_20,Ward_15,GeoData Consultants Ltd,Water authority,,True,1985.0,gravity,gravity,other,other,parastatal,pay per bucket,pay annually,colored,salty,seasonal,insufficient,well,river,surface,improved spring,cattle trough,functional
10169,33.75173650623218,-4.394817756843647,2012-06-10,Rwssp,92.0,Wsdp,Water_Point_169,6.0,Ruvuma / Southern Coast,Subvillage_69,Morogoro,11,92,LGA_16,Ward_41,GeoData Consultants Ltd,Private operator,,,1965.0,handpump,gravity,handpump,water authority,other,,never pay,fluoride,milky,dry,dry,lake,lake,groundwater,other,,non functional
10170,38.46758951081988,-6.457022165609778,2013-07-06,Wsdp,329.0,District Council,Water_Point_170,1.0,Internal,Subvillage_72,Pwani,12,26,LGA_27,Ward_29,GeoData Consultants Ltd,,,True,1962.0,motorpump,other,other,water authority,commercial,pay per bucket,other,milky,milky,dry,insufficient,lake,river,groundwater,cattle trough,communal standpipe,non functional
10171,31.264966747400294,-9.251382827608634,2011-03-19,,131.0,Rural Water Supply And Sanitation Programme,Water_Point_171,2.0,Lake Nyasa,,Manyara,20,8,LGA_14,Ward_10,GeoData Consultants Ltd,,,False,1987.0,motorpump,motorpump,other,water authority,other,pay annually,pay monthly,soft,colored,insufficient,enough,spring,spring,groundwater,communal standpipe,improved spring,non functional
10172,34.28420141094072,-4.954308842331012,2011-04-12,Private individual,1626.0,Unicef,Water_Point_172,1.0,Ruvuma / Southern Coast,Subvillage_19,Lindi,7,33,LGA_44,Ward_165,GeoData Consultants Ltd,Private operator,,True,1989.0,motorpump,gravity,other,water authority,other,pay annually,pay annually,milky,fluoride,dry,insufficient,lake,spring,groundwater,communal standpipe,hand pump,non functional
10173,37.938899122149344,-7.816386324635611,2012-08-01,Rural Water Supply And Sanitation Programme,221.0,Unicef,Water_Point_173,4.0,Wami / Ruvu,Subvillage_85,Dar es Salaam,22,86,LGA_12,Ward_192,GeoData Consultants Ltd,Other,,,,handpump,other,gravity,other,parastatal,,other,fluoride abandoned,colored,seasonal,dry,borehole,shallow well,surface,hand pump,improved spring,functional
10174,29.465855488825202,-9.516991126109332,2012-08-14,,,Government Of Tanzania,Water_Point_174,3.0,Lake Rukwa,Subvillage_67,Dar es Salaam,24,86,LGA_6,Ward_112,GeoData Consultants Ltd,WUA,,,1983.0,submersible,motorpump,,other,,other,other,,salty,enough,insufficient,borehole,spring,surface,cattle trough,,non functional
10175,30.429971150587722,-11.006725185099652,2013-01-01,,762.0,Dwe,Water_Point_175,4.0,Lake Tanganyika,Subvillage_29,Katavi,18,35,LGA_13,Ward_76,GeoData Consultants Ltd,Other,Scheme_59,,2006.0,other,gravity,gravity,private operator,commercial,,pay annually,colored,milky,seasonal,enough,other,lake,groundwater,other,,functional
10176,39.026461827285864,-10.500490133817655,2013-09-24,Danida,2487.0,Tcrs,,0.0,Wami / Ruvu,Subvillage_12,Shinyanga,13,19,LGA_44,Ward_89,GeoData Consultants Ltd,,Scheme_16,True,1982.0,gravity,other,gravity,wua,commercial,pay annually,,soft,colored,dry,dry,well,lake,surface,cattle trough,hand pump,functional needs repair
10177,32.71086263139493,-2.5465421698745647,2012-11-20,District Council,1642.0,,Water_Point_177,4.0,Wami / Ruvu,Subvillage_38,Njombe,11,87,LGA_49,Ward_68,GeoData Consultants Ltd,VWC,,,,motorpump,motorpump,gravity,vwc,commercial,pay annually,pay monthly,salty,milky,dry,dry,river,lake,groundwater,cattle trough,improved spring,non functional
10178,36.24539764173804,-8.462540537306461,2012-06-15,World Bank,1637.0,Community,Water_Point_178,,Lake Nyasa,Subvillage_97,Tabora,3,23,LGA_10,Ward_51,GeoData Consultants Ltd,Private operator,,,1993.0,other,,handpump,vwc,,never pay,pay per bucket,colored,fluoride,insufficient,enough,borehole,river,surface,other,communal standpipe,functional needs repair
10179,37.17798945703554,-5.4537502186979125,2013-06-29,Rural Water Supply And Sanitation Programme,486.0,World Vision,Water_Point_179,1.0,Lake Victoria,Subvillage_37,Iringa,22,64,LGA_24,Ward_199,GeoData Consultants Ltd,Private operator,Scheme_97,,,handpump,motorpump,gravity,other,parastatal,pay annually,,fluoride,colored,seasonal,insufficient,river,borehole,surface,communal standpipe,cattle trough,functional needs repair
10180,37.10005899942949,-9.13177452157355,2012-09-15,Rural Water Supply And Sanitation Programme,299.0,Dwe,Water_Point_180,,Lake Victoria,Subvillage_32,Dodoma,6,77,LGA_11,Ward_138,GeoData Consultants Ltd,WUA,Scheme_20,,1982.0,handpump,gravity,motorpump,other,other,never pay,never pay,fluoride abandoned,good,insufficient,enough,borehole,spring,surface,hand pump,communal standpipe,non functional
10181,39.453280257020936,-3.431423902621434,2011-02-09,Hesawa,2426.0,,Water_Point_181,,Lake Rukwa,Subvillage_24,Iringa,17,20,LGA_3,Ward_165,GeoData Consultants Ltd,,Scheme_8,,,gravity,gravity,gravity,water authority,user-group,pay per bucket,pay annually,,colored,insufficient,insufficient,well,borehole,groundwater,other,hand pump,non functional
10182,33.31683956984218,-5.735180642259062,2013-07-17,,2335.0,Kkkt,Water_Point_182,7.0,Lake Nyasa,Subvillage_62,Ruvuma,3,68,LGA_33,Ward_56,GeoData Consultants Ltd,Water authority,Scheme_12,False,2000.0,submersible,other,motorpump,water authority,other,pay annually,pay annually,fluoride,colored,insufficient,enough,lake,shallow well,surface,improved spring,other,non functional
10183,40.37947953425997,-8.960864890159272,2013-01-02,Hesawa,2167.0,Unicef,Water_Point_183,9.0,Pangani,Subvillage_69,Dar es Salaam,16,55,LGA_14,Ward_101,GeoData Consultants Ltd,Private operator,,True,1975.0,other,gravity,gravity,private operator,commercial,never pay,never pay,fluoride abandoned,fluoride,,enough,lake,lake,surface,improved spring,other,functional
10184,37.1968756254444,-1.9799445188113989,2013-07-08,,1360.0,World Vision,Water_Point_184,,Lake Nyasa,Subvillage_5,Kagera,3,91,LGA_17,Ward_70,GeoData Consultants Ltd,WUA,,True,1992.0,other,gravity,other,wua,parastatal,other,pay per bucket,salty,milky,enough,insufficient,well,spring,groundwater,improved spring,hand pump,non functional
10185,38.547877216985924,-9.61456497059848,2013-02-02,,1089.0,Tcrs,Water_Point_185,7.0,Lake Tanganyika,Subvillage_8,Rukwa,12,43,LGA_46,Ward_100,GeoData Consultants Ltd,,,True,1985.0,,other,handpump,other,user-group,pay per bucket,pay per bucket,fluoride abandoned,milky,dry,dry,borehole,,groundwater,cattle trough,improved spring,functional
10186,37.67028337107638,-6.671124070598603,2012-04-21,Danida,1381.0,Tasaf,Water_Point_186,0.0,Wami / Ruvu,Subvillage_59,Manyara,16,58,LGA_20,Ward_162,GeoData Consultants Ltd,Private operator,,True,2007.0,other,other,,wua,other,pay annually,,salty,colored,seasonal,insufficient,river,borehole,groundwater,communal standpipe,hand pump,functional needs repair
10187,34.13592186272654,-8.919170931634643,2011-01-30,Rwssp,1260.0,World Bank,Water_Point_187,6.0,Lake Nyasa,Subvillage_5,Kigoma,7,51,LGA_1,Ward_9,GeoData Consultants Ltd,WUA,,,1972.0,gravity,,gravity,private operator,,pay annually,other,fluoride abandoned,fluoride,dry,insufficient,lake,other,surface,improved spring,cattle trough,functional
10188,38.458954722981005,-9.088089071613364,2011-01-29,Community,1513.0,District Council,Water_Point_188,4.0,Pangani,Subvillage_57,Arusha,23,58,LGA_45,Ward_157,GeoData Consultants Ltd,VWC,,True,2007.0,submersible,motorpump,other,private operator,parastatal,never pay,pay monthly,milky,salty,insufficient,enough,other,borehole,groundwater,communal standpipe,cattle trough,non functional
10189,29.122957886305265,-2.6349330396660324,2011-07-12,Other,1793.0,Private individual,Water_Point_189,1.0,Lake Victoria,Subvillage_99,Songwe,21,80,LGA_6,Ward_67,GeoData Consultants Ltd,,,False,,motorpump,other,handpump,wua,user-group,never pay,,,colored,,enough,lake,borehole,,hand pump,cattle trough,functional
10190,30.200271767952533,-2.452336031992255,2011-03-03,Tasaf,1454.0,World Vision,Water_Point_190,2.0,Lake Nyasa,Subvillage_68,Singida,8,19,LGA_37,Ward_66,GeoData Consultants Ltd,,Scheme_87,,1997.0,,handpump,other,wua,parastatal,other,pay monthly,fluoride,good,insufficient,dry,borehole,lake,surface,cattle trough,improved spring,functional needs repair
10191,32.51260860530754,-11.189184110023563,2011-04-01,Kkkt,1356.0,Rwssp,Water_Point_191,6.0,Rufiji,Subvillage_23,Singida,17,4,LGA_14,Ward_20,GeoData Consultants Ltd,,Scheme_90,,,handpump,motorpump,gravity,other,parastatal,pay annually,pay per bucket,soft,colored,dry,insufficient,other,other,groundwater,communal standpipe,hand pump,functional needs repair
10192,31.473480131028566,-9.875668679081116,2012-01-30,World Vision,2097.0,Dwe,Water_Point_192,7.0,Lake Tanganyika,Subvillage_6,Kigoma,4,12,LGA_11,Ward_3,GeoData Consultants Ltd,Other,Scheme_18,True,,motorpump,motorpump,other,other,other,pay annually,never pay,colored,milky,enough,enough,spring,,groundwater,hand pump,cattle trough,non functional
10193,37.80929784447191,-9.812015495143974,2012-09-23,Other,1126.0,,Water_Point_193,,Ruvuma / Southern Coast,Subvillage_58,Mara,13,92,LGA_20,Ward_105,GeoData Consultants Ltd,,,True,,handpump,,other,vwc,user-group,pay annually,pay per bucket,colored,good,insufficient,dry,river,,surface,other,cattle trough,non functional
10194,34.294441020262965,-7.905198927052759,2012-08-30,Rural Water Supply And Sanitation Programme,1465.0,Rural Water Supply And Sanitation Programme,Water_Point_194,,Lake Rukwa,Subvillage_5,Ruvuma,22,13,LGA_1,Ward_144,GeoData Consultants Ltd,,Scheme_32,True,2011.0,motorpump,gravity,other,vwc,parastatal,never pay,,fluoride abandoned,salty,enough,enough,spring,other,surface,cattle trough,cattle trough,functional
10195,31.36062731924372,-5.467366692378779,2013-09-08,World Vision,1977.0,Danida,Water_Point_195,5.0,Lake Nyasa,Subvillage_40,Mwanza,16,13,LGA_26,Ward_31,GeoData Consultants Ltd,Other,,True,1975.0,other,gravity,gravity,,,pay monthly,never pay,fluoride abandoned,good,,dry,other,other,surface,improved spring,other,non functional
10196,35.24703108522235,-6.089842563484047,2012-03-16,Hesawa,2401.0,Wsdp,Water_Point_196,0.0,Lake Victoria,Subvillage_82,Katavi,23,79,LGA_26,Ward_30,GeoData Consultants Ltd,Other,Scheme_12,,,motorpump,gravity,handpump,wua,commercial,never pay,pay annually,milky,fluoride,enough,enough,well,borehole,,cattle trough,hand pump,non functional
10197,29.76622198171931,-1.4123384846427527,2011-08-19,Tasaf,34.0,Rwssp,Water_Point_197,5.0,Lake Rukwa,Subvillage_48,Kilimanjaro,15,47,LGA_46,Ward_103,GeoData Consultants Ltd,VWC,,False,1973.0,handpump,gravity,motorpump,wua,commercial,pay monthly,pay per bucket,milky,good,seasonal,insufficient,well,other,groundwater,hand pump,improved spring,functional
10198,30.74970069957444,-2.102443649408727,2011-08-07,Community,1793.0,Government Of Tanzania,Water_Point_198,,Ruvuma / Southern Coast,Subvillage_30,Singida,8,38,LGA_17,Ward_108,GeoData Consultants Ltd,,,True,1967.0,motorpump,gravity,other,other,other,other,never pay,fluoride,colored,insufficient,dry,other,river,groundwater,cattle trough,improved spring,non functional
10199,31.330554602889958,-11.088963864841823,2011-08-13,Rural Water Supply And Sanitation Programme,974.0,Oxfam,Water_Point_199,,Lake Victoria,Subvillage_62,Shinyanga,16,40,LGA_39,Ward_180,GeoData Consultants Ltd,Private operator,Scheme_52,,1976.0,motorpump,other,other,vwc,other,pay annually,pay monthly,soft,fluoride,,dry,borehole,borehole,groundwater,improved spring,,functional
10200,37.26311015840583,-2.8728943767843163,2011-07-03,Kkkt,1855.0,Wsdp,Water_Point_200,,Rufiji,Subvillage_88,Mara,14,56,LGA_31,Ward_88,GeoData Consultants Ltd,Other,,False,1979.0,motorpump,other,other,other,other,pay annually,pay annually,milky,good,enough,dry,well,spring,groundwater,communal standpipe,other,functional
10201,33.88055736660816,-5.872021774958708,2013-08-24,Dwe,1985.0,Tasaf,Water_Point_201,,Lake Nyasa,Subvillage_68,Kilimanjaro,19,47,LGA_36,Ward_64,GeoData Consultants Ltd,,,False,2009.0,other,gravity,motorpump,water authority,parastatal,pay annually,other,milky,fluoride,dry,dry,borehole,other,surface,improved spring,hand pump,functional
10202,31.740309429152784,-2.3693821981667984,2013-06-03,Wsdp,945.0,,Water_Point_202,4.0,Lake Tanganyika,Subvillage_99,Pwani,13,44,LGA_19,Ward_146,GeoData Consultants Ltd,VWC,,True,2002.0,gravity,other,motorpump,wua,user-group,pay annually,pay annually,fluoride abandoned,milky,enough,dry,lake,other,surface,communal standpipe,improved spring,functional
10203,33.97183984860465,-10.747195521442006,2012-10-28,,1428.0,Rural Water Supply And Sanitation Programme,Water_Point_203,0.0,Rufiji,Subvillage_33,Geita,8,69,LGA_6,Ward_23,GeoData Consultants Ltd,Water authority,Scheme_11,,1961.0,motorpump,other,,water authority,parastatal,never pay,pay per bucket,colored,,seasonal,enough,spring,shallow well,surface,communal standpipe,cattle trough,functional
10204,29.32925872911001,-9.095160981334937,2011-12-12,District Council,827.0,Danida,,,Wami / Ruvu,Subvillage_6,Mbeya,20,87,LGA_30,Ward_30,GeoData Consultants Ltd,,,,2008.0,handpump,,other,private operator,other,pay per bucket,,salty,colored,insufficient,dry,spring,,groundwater,improved spring,improved spring,functional
10205,35.381713910304946,-10.289433558484369,2013-03-21,Oxfam,1689.0,Danida,Water_Point_205,5.0,Wami / Ruvu,Subvillage_15,Kilimanjaro,16,85,LGA_21,Ward_188,GeoData Consultants Ltd,Other,,True,2011.0,submersible,other,other,vwc,user-group,pay monthly,pay monthly,colored,salty,enough,enough,river,river,surface,improved spring,other,functional
10206,37.57599062297368,-8.551263222956411,2013-01-02,Unicef,2115.0,,Water_Point_206,1.0,Lake Nyasa,Subvillage_24,Dar es Salaam,11,36,LGA_39,Ward_189,GeoData Consultants Ltd,Water authority,Scheme_98,,,gravity,gravity,,,parastatal,pay per bucket,never pay,fluoride,good,dry,insufficient,,,groundwater,communal standpipe,other,functional needs repair
10207,38.809655928361146,-10.278726129681777,2013-03-29,Community,794.0,Government Of Tanzania,Water_Point_207,4.0,Lake Victoria,Subvillage_58,Lindi,10,76,LGA_42,Ward_13,GeoData Consultants Ltd,WUA,,False,,handpump,gravity,motorpump,,,,pay annually,fluoride,fluoride,seasonal,enough,lake,spring,surface,improved spring,improved spring,functional needs repair
10208,39.045935426135046,-7.262796967950468,2012-04-10,Private individual,1748.0,,Water_Point_208,1.0,Rufiji,Subvillage_60,Manyara,17,18,LGA_37,Ward_60,GeoData Consultants Ltd,,Scheme_84,,,other,handpump,motorpump,private operator,parastatal,pay annually,pay monthly,soft,salty,dry,dry,lake,river,groundwater,hand pump,other,functional
10209,39.41844707073841,-1.2028101558406377,2011-02-15,Kkkt,1451.0,Wsdp,,4.0,Lake Victoria,Subvillage_99,Rukwa,7,94,LGA_6,Ward_68,GeoData Consultants Ltd,Water authority,Scheme_73,True,,motorpump,other,handpump,vwc,parastatal,pay monthly,other,milky,fluoride,seasonal,insufficient,river,,surface,hand pump,improved spring,functional
10210,37.5382619884559,-7.740663392567633,2013-06-14,Wsdp,1310.0,District Council,Water_Point_210,0.0,Lake Tanganyika,Subvillage_28,Njombe,18,22,LGA_41,Ward_76,GeoData Consultants Ltd,WUA,Scheme_34,,,motorpump,other,motorpump,wua,commercial,never pay,never pay,milky,salty,enough,dry,well,spring,groundwater,improved spring,improved spring,functional needs repair
10211,35.87465207631258,,2013-06-27,Community,2389.0,Dwe,Water_Point_211,5.0,Pangani,Subvillage_14,Kigoma,7,56,LGA_12,Ward_55,GeoData Consultants Ltd,VWC,,,,other,handpump,gravity,wua,parastatal,never pay,never pay,fluoride abandoned,colored,dry,insufficient,borehole,borehole,surface,improved spring,communal standpipe,functional
10212,33.18775741970296,-3.5670589043784737,2013-03-21,World Vision,2034.0,World Vision,Water_Point_212,9.0,Lake Tanganyika,,Lindi,19,70,LGA_44,Ward_188,GeoData Consultants Ltd,VWC,,,1969.0,other,gravity,gravity,water authority,user-group,other,other,colored,good,insufficient,dry,other,river,surface,,improved spring,non functional
10213,40.02900596402119,-1.8424784480510965,2012-04-03,Tcrs,1096.0,,Water_Point_213,8.0,Ruvuma / Southern Coast,Subvillage_1,Manyara,10,65,LGA_39,Ward_60,GeoData Consultants Ltd,VWC,Scheme_53,False,2006.0,handpump,motorpump,handpump,private operator,commercial,pay monthly,pay monthly,fluoride,colored,seasonal,insufficient,borehole,river,groundwater,cattle trough,cattle trough,functional
10214,35.31294502561501,-11.229517142618075,2011-09-20,District Council,359.0,Community,Water_Point_214,,Rufiji,Subvillage_7,Kagera,18,2,LGA_47,Ward_14,GeoData Consultants Ltd,Other,,False,1988.0,gravity,other,other,vwc,other,pay annually,never pay,,salty,seasonal,dry,borehole,shallow well,surface,improved spring,hand pump,functional
10215,35.902329291564676,-4.233673779099304,2012-06-14,Government Of Tanzania,2493.0,World Vision,Water_Point_215,5.0,Lake Tanganyika,Subvillage_33,Mtwara,17,74,LGA_18,Ward_19,GeoData Consultants Ltd,Water authority,,True,1963.0,other,motorpump,gravity,water authority,other,never pay,pay annually,colored,salty,insufficient,,river,shallow well,groundwater,other,improved spring,functional needs repair
10216,37.91417989387884,-9.635548569240704,2013-05-02,Rural Water Supply And Sanitation Programme,,,Water_Point_216,6.0,Pangani,Subvillage_2,Kilimanjaro,11,50,LGA_35,Ward_122,GeoData Consultants Ltd,,Scheme_92,,1979.0,submersible,gravity,handpump,wua,commercial,other,pay monthly,salty,colored,dry,dry,river,borehole,surface,hand pump,communal standpipe,non functional
10217,33.602699666833026,-1.9594524163293325,2013-03-09,,1796.0,,Water_Point_217,,Wami / Ruvu,Subvillage_96,Lindi,15,15,LGA_37,Ward_83,GeoData Consultants Ltd,Water authority,,,1990.0,handpump,motorpump,handpump,private operator,commercial,never pay,pay annually,salty,,dry,,river,lake,groundwater,communal standpipe,other,functional needs repair
10218,29.180232299720345,-10.779485769668241,2011-11-29,Private individual,2010.0,Tcrs,Water_Point_218,7.0,Wami / Ruvu,Subvillage_41,Geita,12,37,LGA_1,Ward_118,GeoData Consultants Ltd,VWC,,,1977.0,handpump,other,other,vwc,user-group,other,other,salty,,insufficient,enough,river,borehole,surface,hand pump,communal standpipe,non functional
10219,29.703475184408354,-6.9501330628810365,2012-11-26,Rwssp,530.0,Dwe,Water_Point_219,2.0,Internal,Subvillage_8,Morogoro,19,63,LGA_4,Ward_144,GeoData Consultants Ltd,VWC,Scheme_99,,1962.0,,other,handpump,water authority,user-group,pay annually,other,colored,colored,seasonal,,lake,spring,surface,hand pump,other,non functional
10220,33.39675089244276,-8.94816174674913,2011-03-31,Tcrs,837.0,Community,Water_Point_220,,Lake Rukwa,Subvillage_34,Mtwara,12,22,LGA_31,Ward_135,GeoData Consultants Ltd,Private operator,Scheme_47,False,1964.0,other,,other,private operator,,pay per bucket,never pay,colored,salty,enough,insufficient,spring,shallow well,surface,hand pump,other,functional
10221,32.25907348756183,-5.168046559247657,2012-09-11,Rwssp,987.0,Rwssp,Water_Point_221,7.0,Pangani,Subvillage_77,Morogoro,1,86,LGA_18,Ward_174,GeoData Consultants Ltd,,,,,other,handpump,gravity,other,user-group,,pay monthly,,salty,seasonal,insufficient,well,,surface,communal standpipe,cattle trough,functional needs repair
10222,34.867483241901645,-2.280813856081412,2012-08-16,Kkkt,2180.0,World Vision,Water_Point_222,4.0,Lake Nyasa,Subvillage_75,Rukwa,9,81,LGA_39,Ward_71,GeoData Consultants Ltd,Other,,,1964.0,,motorpump,motorpump,private operator,parastatal,other,other,colored,milky,dry,,other,borehole,surface,cattle trough,hand pump,functional
10223,29.545083646208386,-9.275015600268228,2012-07-18,Dwe,1686.0,Wsdp,Water_Point_223,5.0,Lake Victoria,Subvillage_78,Tanga,2,64,LGA_14,Ward_148,GeoData Consultants Ltd,VWC,,True,1967.0,handpump,gravity,gravity,other,other,never pay,,soft,salty,dry,insufficient,other,other,surface,communal standpipe,hand pump,functional needs repair
10224,38.88059529322775,-7.415655070572138,2011-12-26,Rural Water Supply And Sanitation Programme,211.0,Hesawa,Water_Point_224,5.0,Ruvuma / Southern Coast,Subvillage_49,Tanga,15,51,LGA_27,Ward_188,GeoData Consultants Ltd,,Scheme_72,True,1963.0,submersible,motorpump,handpump,other,other,never pay,never pay,colored,milky,seasonal,insufficient,spring,other,groundwater,cattle trough,improved spring,functional needs repair
10225,33.09690999333621,-8.349750668446243,2012-05-07,District Council,854.0,World Vision,Water_Point_225,7.0,Pangani,Subvillage_27,Tanga,15,37,LGA_5,Ward_73,GeoData Consultants Ltd,Private operator,,False,,gravity,motorpump,motorpump,private operator,parastatal,pay per bucket,pay annually,fluoride,good,dry,,river,spring,surface,communal standpipe,hand pump,functional needs repair
10226,30.13703983207748,-8.482022152789717,2011-02-08,Hesawa,1858.0,Other,Water_Point_226,6.0,Wami / Ruvu,Subvillage_14,Tanga,20,28,LGA_14,Ward_172,GeoData Consultants Ltd,VWC,,,1968.0,gravity,gravity,other,water authority,,other,pay annually,colored,good,insufficient,enough,river,lake,groundwater,hand pump,hand pump,non functional
10227,37.31352310861376,-1.2922997130541987,2012-06-16,Tcrs,1565.0,,Water_Point_227,,Ruvuma / Southern Coast,Subvillage_15,Tanga,15,54,LGA_22,Ward_32,GeoData Consultants Ltd,,Scheme_39,True,1997.0,other,other,motorpump,other,other,never pay,never pay,milky,good,insufficient,enough,well,river,groundwater,hand pump,hand pump,functional
10228,32.468360985628124,-11.237726721470851,2011-07-15,Community,1206.0,World Vision,Water_Point_228,8.0,Ruvuma / Southern Coast,Subvillage_84,Lindi,15,21,LGA_41,Ward_147,GeoData Consultants Ltd,,,,,gravity,motorpump,handpump,vwc,parastatal,,never pay,salty,milky,insufficient,,lake,river,groundwater,cattle trough,communal standpipe,non functional
10229,32.056693352179735,-4.167425805985791,2011-11-22,Rural Water Supply And Sanitation Programme,106.0,,Water_Point_229,8.0,Ruvuma / Southern Coast,Subvillage_31,Kilimanjaro,21,99,LGA_6,Ward_160,GeoData Consultants Ltd,VWC,,,1989.0,gravity,other,handpump,other,commercial,pay annually,never pay,milky,fluoride,enough,enough,spring,other,groundwater,hand pump,hand pump,functional
10230,,-7.838670924316299,2011-08-26,Rural Water Supply And Sanitation Programme,1987.0,Community,Water_Point_230,4.0,Wami / Ruvu,Subvillage_26,Pwani,19,36,LGA_17,Ward_51,GeoData Consultants Ltd,,,True,,handpump,handpump,gravity,vwc,commercial,pay per bucket,other,soft,colored,dry,insufficient,lake,borehole,groundwater,other,other,non functional
10231,34.38329249023166,-5.712721603997093,2012-08-21,,507.0,Government Of Tanzania,Water_Point_231,0.0,Pangani,Subvillage_57,Singida,1,55,LGA_2,Ward_117,GeoData Consultants Ltd,Private operator,,False,1969.0,,gravity,motorpump,vwc,commercial,other,never pay,colored,colored,seasonal,dry,well,other,groundwater,cattle trough,,functional
10232,30.31434978712385,-2.4765513556808934,2012-01-23,Government Of Tanzania,1681.0,District Council,Water_Point_232,6.0,Lake Nyasa,Subvillage_43,Mwanza,8,25,LGA_16,Ward_163,GeoData Consultants Ltd,Private operator,Scheme_81,False,,submersible,handpump,other,wua,parastatal,pay per bucket,pay annually,fluoride,good,seasonal,enough,spring,shallow well,groundwater,other,hand pump,non functional
10233,32.341480383140734,-4.527399936120316,2011-04-03,Rwssp,69.0,Tasaf,Water_Point_233,3.0,Lake Tanganyika,Subvillage_77,Lindi,25,85,LGA_31,Ward_176,GeoData Consultants Ltd,Private operator,Scheme_36,True,1996.0,handpump,handpump,handpump,wua,user-group,never pay,never pay,fluoride abandoned,good,seasonal,dry,other,lake,groundwater,improved spring,communal standpipe,non functional
10234,,-1.61153292890981,2011-02-01,Rwssp,1308.0,Rural Water Supply And Sanitation Programme,Water_Point_234,7.0,Wami / Ruvu,Subvillage_59,Dodoma,1,15,LGA_17,Ward_180,GeoData Consultants Ltd,Private operator,,False,1982.0,motorpump,handpump,motorpump,water authority,parastatal,other,pay monthly,milky,salty,dry,enough,borehole,shallow well,surface,cattle trough,improved spring,non functional
10235,39.16476073172271,-10.298970080660807,2011-07-06,Rural Water Supply And Sanitation Programme,253.0,Rwssp,Water_Point_235,0.0,Lake Tanganyika,Subvillage_55,Simiyu,18,35,LGA_25,Ward_160,GeoData Consultants Ltd,,,,,handpump,handpump,handpump,water authority,user-group,pay annually,pay monthly,colored,salty,dry,,borehole,other,surface,hand pump,cattle trough,non functional
10236,31.256479988458395,-6.830091433412973,2011-12-17,Community,625.0,Rwssp,Water_Point_236,1.0,Lake Nyasa,,Mara,21,73,LGA_28,Ward_119,GeoData Consultants Ltd,,,,1987.0,submersible,motorpump,,,parastatal,other,never pay,soft,colored,enough,insufficient,spring,borehole,groundwater,cattle trough,hand pump,non functional
10237,36.1793396090076,-2.7053597537277874,2012-05-20,Kkkt,1039.0,Private individual,Water_Point_237,,Pangani,Subvillage_75,Njombe,3,31,LGA_33,Ward_129,GeoData Consultants Ltd,Other,Scheme_48,,1989.0,handpump,other,other,water authority,parastatal,pay monthly,other,salty,salty,insufficient,dry,river,other,surface,hand pump,other,non functional
10238,32.81103259784033,-2.4179863147639153,2013-09-19,World Vision,626.0,Wsdp,Water_Point_238,7.0,Pangani,Subvillage_77,Lindi,22,81,LGA_7,Ward_17,GeoData Consultants Ltd,,,,,other,gravity,gravity,water authority,parastatal,other,pay per bucket,soft,fluoride,insufficient,insufficient,river,other,groundwater,improved spring,improved spring,functional
10239,40.4495001824159,-6.614872405350221,2011-08-07,Oxfam,586.0,Government Of Tanzania,Water_Point_239,2.0,Rufiji,Subvillage_83,Manyara,24,56,LGA_34,Ward_22,GeoData Consultants Ltd,WUA,,False,,handpump,handpump,gravity,private operator,user-group,pay monthly,never pay,soft,good,dry,dry,spring,borehole,surface,hand pump,communal standpipe,non functional
10240,38.23558762262731,-7.648378568483952,2013-01-27,Kkkt,37.0,,Water_Point_240,8.0,Internal,Subvillage_55,Katavi,1,8,LGA_4,Ward_85,GeoData Consultants Ltd,Water authority,Scheme_37,,1988.0,motorpump,gravity,handpump,vwc,other,other,other,soft,fluoride,seasonal,dry,borehole,shallow well,groundwater,hand pump,other,non functional
10241,30.469041780740923,,2013-09-12,,590.0,,Water_Point_241,2.0,Lake Victoria,Subvillage_8,Shinyanga,8,81,LGA_25,Ward_190,GeoData Consultants Ltd,Other,Scheme_54,,,other,other,,vwc,user-group,pay per bucket,pay per bucket,,milky,dry,insufficient,other,other,groundwater,improved spring,hand pump,functional needs repair
10242,34.134495938355435,-9.88751064013767,2011-10-30,Dwe,1561.0,,Water_Point_242,5.0,Lake Tanganyika,Subvillage_71,Simiyu,9,75,LGA_23,Ward_112,GeoData Consultants Ltd,Water authority,,True,,gravity,handpump,,wua,other,pay monthly,pay per bucket,milky,fluoride,seasonal,dry,river,river,surface,cattle trough,,non functional
10243,38.85780384473214,-6.733505295834762,2012-01-24,Tcrs,,Dwe,Water_Point_243,,Lake Tanganyika,Subvillage_72,Tanga,19,87,LGA_18,Ward_181,GeoData Consultants Ltd,,,,,submersible,motorpump,handpump,other,user-group,pay per bucket,pay monthly,,milky,enough,insufficient,spring,spring,groundwater,hand pump,hand pump,functional
10244,37.910519316528145,-4.894101655784384,2011-05-07,,2273.0,Wsdp,Water_Point_244,4.0,Ruvuma / Southern Coast,Subvillage_85,Tanga,17,48,LGA_16,Ward_190,GeoData Consultants Ltd,VWC,Scheme_39,True,1965.0,gravity,,other,vwc,parastatal,never pay,other,soft,,seasonal,dry,well,river,groundwater,cattle trough,cattle trough,functional
10245,32.106101151261925,-7.391954187788537,2013-03-29,,48.0,World Vision,Water_Point_245,5.0,Lake Victoria,Subvillage_97,Katavi,11,24,LGA_24,Ward_199,GeoData Consultants Ltd,,Scheme_10,,,motorpump,handpump,gravity,wua,user-group,pay per bucket,,colored,,seasonal,dry,river,shallow well,surface,hand pump,cattle trough,functional
10246,40.38626251295155,-8.518677597530932,2011-07-17,Government Of Tanzania,1235.0,Other,Water_Point_246,0.0,Wami / Ruvu,Subvillage_54,Lindi,15,79,LGA_39,Ward_22,GeoData Consultants Ltd,WUA,,False,1961.0,gravity,handpump,other,wua,parastatal,pay per bucket,other,colored,colored,dry,dry,well,lake,surface,cattle trough,cattle trough,functional needs repair
10247,38.004014308623724,-2.321558352767955,2012-11-25,District Council,762.0,World Vision,Water_Point_247,,Ruvuma / Southern Coast,Subvillage_55,Mtwara,4,69,LGA_41,Ward_173,GeoData Consultants Ltd,,,,2012.0,other,other,motorpump,private operator,commercial,other,pay per bucket,colored,colored,dry,dry,borehole,spring,groundwater,hand pump,cattle trough,non functional
10248,36.66896631538643,-8.634540432766777,2012-01-04,Oxfam,1466.0,Dwe,Water_Point_248,8.0,Lake Tanganyika,Subvillage_53,Mwanza,5,9,LGA_28,Ward_180,GeoData Consultants Ltd,Water authority,,,1983.0,other,handpump,motorpump,wua,parastatal,pay annually,pay monthly,fluoride abandoned,colored,seasonal,enough,other,shallow well,surface,communal standpipe,communal standpipe,functional needs repair
10249,30.556853854127663,-4.922966207184075,2013-07-10,Hesawa,2046.0,Government Of Tanzania,Water_Point_249,,Internal,Subvillage_96,Singida,20,43,LGA_44,Ward_37,GeoData Consultants Ltd,,Scheme_93,,1968.0,handpump,other,gravity,other,commercial,never pay,pay per bucket,,,insufficient,dry,borehole,borehole,surface,cattle trough,cattle trough,non functional
10250,38.91644099520242,-6.498490484375831,2011-01-31,,2488.0,,Water_Point_250,5.0,Lake Tanganyika,Subvillage_21,Manyara,14,61,LGA_35,Ward_48,GeoData Consultants Ltd,Other,,,1981.0,motorpump,handpump,handpump,vwc,user-group,other,never pay,milky,milky,enough,insufficient,well,shallow well,surface,hand pump,cattle trough,functional
10251,29.831571609887103,-4.047267583785141,2011-12-12,Wsdp,2287.0,,Water_Point_251,9.0,Pangani,Subvillage_74,Arusha,24,75,LGA_24,Ward_99,GeoData Consultants Ltd,WUA,Scheme_66,False,1980.0,submersible,,,vwc,user-group,pay annually,pay per bucket,colored,fluoride,enough,insufficient,borehole,lake,groundwater,cattle trough,improved spring,functional needs repair
10252,39.75537861553483,-7.838987659685003,2011-03-12,Hesawa,165.0,Other,Water_Point_252,6.0,Lake Rukwa,Subvillage_90,Njombe,15,21,LGA_20,Ward_151,GeoData Consultants Ltd,Other,,True,1978.0,handpump,gravity,handpump,vwc,commercial,pay monthly,pay annually,soft,good,enough,insufficient,lake,other,groundwater,hand pump,improved spring,functional
10253,,-3.183304973236803,2011-07-26,Kkkt,1909.0,Rural Water Supply And Sanitation Programme,Water_Point_253,8.0,Lake Nyasa,,Pwani,4,63,LGA_23,Ward_172,GeoData Consultants Ltd,,,False,1987.0,handpump,gravity,handpump,water authority,parastatal,pay per bucket,other,colored,good,dry,dry,other,shallow well,groundwater,cattle trough,cattle trough,non functional
10254,38.81078597872233,-3.85345337673209,2012-06-16,Oxfam,1120.0,,Water_Point_254,4.0,Lake Victoria,Subvillage_17,Rukwa,2,80,LGA_4,Ward_72,GeoData Consultants Ltd,VWC,Scheme_73,,,handpump,motorpump,gravity,private operator,other,pay annually,pay annually,colored,,dry,insufficient,river,spring,groundwater,improved spring,improved spring,functional needs repair
10255,37.79361938513632,-2.6824053297464694,2013-09-17,Kkkt,1244.0,World Bank,Water_Point_255,6.0,Rufiji,Subvillage_88,Mara,15,91,LGA_24,Ward_145,GeoData Consultants Ltd,Private operator,,False,1964.0,handpump,handpump,motorpump,vwc,parastatal,pay monthly,pay annually,milky,fluoride,enough,insufficient,spring,river,groundwater,,,non functional
10256,29.69884658655677,-7.119423344705752,2011-01-03,Tasaf,1280.0,,Water_Point_256,,Ruvuma / Southern Coast,Subvillage_6,Njombe,1,21,LGA_4,Ward_131,GeoData Consultants Ltd,WUA,,,1984.0,motorpump,gravity,other,water authority,commercial,pay annually,pay monthly,colored,salty,,insufficient,river,borehole,surface,other,communal standpipe,functional needs repair
10257,37.503306007157455,-1.3906738172823285,2012-09-24,Tasaf,403.0,Tcrs,Water_Point_257,3.0,Pangani,Subvillage_44,Kagera,2,87,LGA_1,Ward_55,GeoData Consultants Ltd,VWC,,,,submersible,other,motorpump,water authority,other,other,pay per bucket,salty,fluoride,dry,dry,borehole,river,groundwater,cattle trough,hand pump,functional
10258,40.20025910220092,-5.235205726986025,2013-04-26,,135.0,Community,Water_Point_258,9.0,Pangani,Subvillage_31,Rukwa,2,2,LGA_42,Ward_195,GeoData Consultants Ltd,Private operator,,,1974.0,other,,gravity,vwc,commercial,other,pay monthly,salty,fluoride,seasonal,insufficient,spring,borehole,surface,cattle trough,communal standpipe,functional
10259,30.009349983328256,-3.8663601352848787,2013-01-09,Rwssp,1846.0,Tcrs,Water_Point_259,0.0,Lake Rukwa,Subvillage_79,Kagera,24,23,LGA_12,Ward_151,GeoData Consultants Ltd,WUA,,,,motorpump,gravity,motorpump,,user-group,pay monthly,never pay,soft,good,dry,,,borehole,groundwater,improved spring,communal standpipe,functional needs repair
10260,35.250128763649286,-8.272917611181574,2011-12-31,Danida,1036.0,Unicef,Water_Point_260,8.0,Lake Tanganyika,Subvillage_35,Mwanza,23,77,LGA_5,Ward_44,GeoData Consultants Ltd,,,False,,other,gravity,handpump,water authority,commercial,,pay per bucket,colored,good,enough,enough,other,borehole,groundwater,other,cattle trough,functional
10261,38.71086481349379,-10.853879140717423,2011-08-30,Wsdp,897.0,Rural Water Supply And Sanitation Programme,Water_Point_261,9.0,Pangani,Subvillage_28,Simiyu,19,97,LGA_4,Ward_184,GeoData Consultants Ltd,Private operator,,True,1961.0,submersible,other,gravity,wua,user-group,pay monthly,,salty,milky,enough,enough,river,shallow well,surface,improved spring,hand pump,functional
10262,37.58786011312343,-4.516452067493553,2011-07-04,Kkkt,1362.0,,Water_Point_262,1.0,Lake Tanganyika,Subvillage_47,Simiyu,3,23,LGA_11,Ward_74,GeoData Consultants Ltd,Private operator,,True,1985.0,motorpump,handpump,gravity,water authority,commercial,pay monthly,never pay,,good,seasonal,enough,spring,other,surface,improved spring,hand pump,functional needs repair
10263,30.621262375386312,-3.6647877625711445,2011-03-26,Danida,440.0,Rural Water Supply And Sanitation Programme,Water_Point_263,,Wami / Ruvu,Subvillage_58,Tanga,10,35,LGA_38,Ward_67,GeoData Consultants Ltd,,Scheme_86,True,,gravity,gravity,other,vwc,user-group,pay per bucket,,colored,milky,insufficient,insufficient,borehole,shallow well,groundwater,,improved spring,functional
10264,35.80061863675306,-6.554116927083644,2012-03-04,Danida,,Rural Water Supply And Sanitation Programme,Water_Point_264,6.0,Rufiji,Subvillage_18,Shinyanga,8,58,LGA_15,Ward_145,GeoData Consultants Ltd,,Scheme_27,False,2001.0,submersible,motorpump,other,water authority,commercial,,pay per bucket,colored,salty,seasonal,,,river,groundwater,improved spring,communal standpipe,non functional
10265,9.013216604382421,-0.4849508069423507,2012-03-28,Kkkt,2296.0,,Water_Point_265,2.0,Ruvuma / Southern Coast,Subvillage_76,Morogoro,2,59,LGA_4,Ward_59,GeoData Consultants Ltd,Other,Scheme_2,,1969.0,gravity,other,handpump,other,commercial,pay per bucket,never pay,milky,fluoride,dry,enough,river,shallow well,groundwater,other,improved spring,functional needs repair
10266,4.1749853152420435,-16.2446797708288,2011-05-29,Community,651.0,Danida,Water_Point_266,,Wami / Ruvu,Subvillage_24,Dodoma,21,25,LGA_28,Ward_164,GeoData Consultants Ltd,WUA,Scheme_72,,1965.0,gravity,motorpump,motorpump,water authority,commercial,pay per bucket,pay per bucket,,salty,dry,insufficient,spring,river,surface,hand pump,improved spring,functional needs repair
10267,34.6919495376074,-3.6635726624183125,2013-07-05,Danida,1832.0,Rwssp,Water_Point_267,,Lake Nyasa,Subvillage_73,Dar es Salaam,4,19,LGA_19,Ward_76,GeoData Consultants Ltd,VWC,,,,other,motorpump,handpump,wua,commercial,,pay per bucket,milky,good,dry,enough,borehole,other,groundwater,improved spring,improved spring,functional
10268,35.717859909674566,-8.301380063382968,2011-12-30,Tasaf,1798.0,Kkkt,Water_Point_268,,Internal,Subvillage_51,Iringa,16,87,LGA_12,Ward_40,GeoData Consultants Ltd,Private operator,,True,,handpump,handpump,,vwc,parastatal,pay annually,pay annually,soft,milky,enough,dry,spring,spring,groundwater,,cattle trough,functional needs repair
10269,33.86466613178027,-2.14763068279961,2013-04-06,Private individual,1419.0,Dwe,Water_Point_269,,Lake Nyasa,Subvillage_49,Ruvuma,4,86,LGA_26,Ward_71,GeoData Consultants Ltd,WUA,Scheme_40,True,1968.0,other,motorpump,other,wua,user-group,other,pay monthly,colored,salty,dry,insufficient,lake,,groundwater,cattle trough,hand pump,functional needs repair
10270,37.887251667910014,-5.154272743927091,2011-07-25,Tcrs,921.0,World Bank,Water_Point_270,,Lake Rukwa,Subvillage_78,Shinyanga,18,44,LGA_22,Ward_46,GeoData Consultants Ltd,,Scheme_14,False,1976.0,submersible,gravity,motorpump,other,other,pay per bucket,pay per bucket,fluoride abandoned,salty,insufficient,enough,river,river,groundwater,hand pump,communal standpipe,functional needs repair
10271,29.0129791590603,-8.356262812673464,2012-06-04,Kkkt,2483.0,Other,Water_Point_271,,Ruvuma / Southern Coast,Subvillage_54,Tanga,4,85,LGA_46,Ward_159,GeoData Consultants Ltd,,Scheme_46,,,submersible,gravity,gravity,water authority,commercial,pay monthly,other,fluoride,salty,seasonal,dry,borehole,spring,surface,improved spring,hand pump,functional needs repair
10272,,-11.0997391255779,2012-10-18,Tcrs,1732.0,World Bank,Water_Point_272,0.0,Rufiji,Subvillage_3,Mbeya,1,27,LGA_43,Ward_50,GeoData Consultants Ltd,Private operator,Scheme_34,False,,handpump,motorpump,motorpump,water authority,parastatal,,pay per bucket,salty,colored,seasonal,insufficient,borehole,spring,,improved spring,hand pump,non functional
10273,33.96858681629654,-8.764832546472839,2012-11-18,,399.0,Rwssp,Water_Point_273,3.0,Wami / Ruvu,Subvillage_16,Manyara,15,66,LGA_46,Ward_118,GeoData Consultants Ltd,Private operator,,,1976.0,gravity,other,other,vwc,,pay per bucket,pay monthly,fluoride,fluoride,dry,dry,well,lake,groundwater,communal standpipe,hand pump,non functional
10274,32.56132649004174,-8.412622238668103,2011-04-30,Dwe,772.0,,Water_Point_274,,Lake Nyasa,Subvillage_77,Dodoma,22,38,LGA_43,Ward_109,GeoData Consultants Ltd,,,,1981.0,submersible,other,other,private operator,user-group,never pay,pay monthly,colored,good,,insufficient,spring,shallow well,surface,improved spring,other,non functional
10275,38.84549753406003,-2.576084476644846,2013-08-07,Community,1411.0,Rural Water Supply And Sanitation Programme,Water_Point_275,,Pangani,Subvillage_10,Pwani,21,48,LGA_31,Ward_37,GeoData Consultants Ltd,,Scheme_14,,1998.0,gravity,motorpump,other,vwc,parastatal,never pay,,fluoride,fluoride,seasonal,enough,well,spring,groundwater,communal standpipe,communal standpipe,non functional
10276,32.14391505830845,-1.664854825448824,2012-09-07,Government Of Tanzania,2446.0,World Bank,Water_Point_276,,Lake Nyasa,Subvillage_68,Kagera,9,26,LGA_42,Ward_111,GeoData Consultants Ltd,Water authority,Scheme_95,,2007.0,handpump,motorpump,,vwc,parastatal,,pay annually,,colored,insufficient,insufficient,well,borehole,groundwater,cattle trough,other,non functional
10277,37.47450178433144,-8.0788625329447,2012-10-10,Unicef,,Danida,Water_Point_277,,Internal,Subvillage_28,Songwe,10,23,LGA_46,Ward_113,GeoData Consultants Ltd,Private operator,,True,,gravity,handpump,gravity,wua,,never pay,pay per bucket,soft,colored,seasonal,enough,,lake,groundwater,cattle trough,cattle trough,non functional
10278,40.32388387002525,-1.3160352950398355,2012-09-28,Tasaf,1210.0,Unicef,Water_Point_278,5.0,Lake Tanganyika,Subvillage_63,Arusha,15,21,LGA_24,Ward_50,GeoData Consultants Ltd,Private operator,,,,gravity,motorpump,handpump,private operator,user-group,pay per bucket,other,soft,colored,dry,enough,borehole,borehole,surface,improved spring,cattle trough,functional
10279,31.138449127009252,-6.475015449305285,2011-05-29,Kkkt,338.0,Tcrs,Water_Point_279,1.0,Lake Victoria,Subvillage_35,Morogoro,15,23,LGA_36,Ward_168,GeoData Consultants Ltd,VWC,,False,1981.0,gravity,handpump,handpump,private operator,other,never pay,pay per bucket,fluoride abandoned,milky,insufficient,dry,,borehole,surface,communal standpipe,other,non functional
10280,37.05183645884105,-7.540735154893247,2013-01-24,,434.0,Tcrs,Water_Point_280,,Lake Tanganyika,Subvillage_36,Katavi,6,73,LGA_44,Ward_15,GeoData Consultants Ltd,,,True,,submersible,gravity,handpump,private operator,parastatal,pay annually,pay monthly,salty,milky,dry,enough,spring,lake,groundwater,hand pump,hand pump,functional needs repair
10281,39.649085302437385,-11.145785112387799,2013-05-24,,1682.0,Unicef,Water_Point_281,3.0,Wami / Ruvu,Subvillage_56,Shinyanga,17,55,LGA_35,Ward_187,GeoData Consultants Ltd,Water authority,,,,submersible,motorpump,handpump,vwc,other,pay monthly,other,colored,colored,seasonal,insufficient,other,spring,groundwater,communal standpipe,improved spring,non functional
10282,32.42527512979018,-10.069580176155581,2012-02-13,Rural Water Supply And Sanitation Programme,419.0,Unicef,Water_Point_282,0.0,Wami / Ruvu,Subvillage_13,Mbeya,7,1,LGA_33,Ward_119,GeoData Consultants Ltd,Water authority,Scheme_41,,1998.0,other,handpump,handpump,other,other,never pay,pay monthly,soft,,insufficient,,spring,borehole,groundwater,other,hand pump,non functional
10283,38.41683204877536,-6.053903794967818,2013-09-18,Unicef,1554.0,,Water_Point_283,,Rufiji,,Arusha,4,71,LGA_30,Ward_126,GeoData Consultants Ltd,,Scheme_24,,,other,motorpump,motorpump,vwc,,pay annually,pay monthly,soft,salty,insufficient,enough,borehole,other,groundwater,communal standpipe,hand pump,functional
10284,38.696790128672376,-3.2063227431287338,2012-09-15,Tcrs,504.0,Hesawa,Water_Point_284,4.0,Lake Tanganyika,Subvillage_38,Songwe,13,66,LGA_11,Ward_187,GeoData Consultants Ltd,VWC,,False,,gravity,gravity,gravity,water authority,other,,pay per bucket,colored,fluoride,dry,enough,spring,river,groundwater,communal standpipe,improved spring,functional
10285,34.098028123752016,-5.843378733533248,2011-10-28,Tcrs,1624.0,World Vision,Water_Point_285,6.0,Internal,Subvillage_88,Singida,8,66,LGA_39,Ward_167,GeoData Consultants Ltd,VWC,,True,2002.0,handpump,other,handpump,other,commercial,pay monthly,pay per bucket,fluoride abandoned,colored,insufficient,insufficient,other,spring,groundwater,cattle trough,cattle trough,non functional
10286,31.471018499265046,-1.0213708081615085,2011-08-22,Hesawa,305.0,World Bank,Water_Point_286,,Lake Victoria,Subvillage_52,Katavi,3,37,LGA_43,Ward_41,GeoData Consultants Ltd,,Scheme_37,,2007.0,handpump,gravity,gravity,private operator,other,never pay,pay per bucket,soft,good,dry,,spring,other,surface,improved spring,communal standpipe,functional
10287,39.790877830146776,,2012-09-21,Unicef,488.0,Hesawa,Water_Point_287,4.0,Rufiji,Subvillage_17,Kigoma,14,63,LGA_33,Ward_75,GeoData Consultants Ltd,,Scheme_77,False,,handpump,gravity,motorpump,water authority,user-group,pay per bucket,never pay,colored,good,seasonal,dry,other,borehole,groundwater,communal standpipe,improved spring,non functional
10288,32.92842600072989,-10.158985843922494,2013-04-10,World Vision,2321.0,Oxfam,Water_Point_288,5.0,Rufiji,Subvillage_96,Tabora,10,57,LGA_29,Ward_134,GeoData Consultants Ltd,,Scheme_74,True,1967.0,submersible,gravity,other,private operator,user-group,pay monthly,never pay,salty,colored,enough,,lake,other,groundwater,cattle trough,cattle trough,functional needs repair
10289,38.58172702552158,-4.677476935548431,2013-03-10,District Council,596.0,World Vision,Water_Point_289,0.0,Lake Tanganyika,,Arusha,19,86,LGA_10,Ward_118,GeoData Consultants Ltd,Other,,False,1991.0,gravity,motorpump,gravity,water authority,other,pay annually,pay per bucket,colored,salty,dry,insufficient,borehole,river,groundwater,hand pump,cattle trough,functional
10290,33.65894984337389,-6.059393932290642,2013-01-31,Unicef,2189.0,Unicef,,7.0,Pangani,Subvillage_19,Dar es Salaam,12,67,LGA_47,Ward_133,GeoData Consultants Ltd,Other,,,1967.0,handpump,gravity,gravity,vwc,user-group,pay annually,,fluoride,fluoride,seasonal,enough,borehole,lake,surface,hand pump,cattle trough,functional
10291,30.757778495430816,-5.950061418685326,2012-01-05,Wsdp,806.0,World Bank,Water_Point_291,1.0,Lake Nyasa,Subvillage_49,Mtwara,13,16,LGA_21,Ward_138,GeoData Consultants Ltd,Private operator,Scheme_55,False,2010.0,gravity,motorpump,handpump,other,user-group,other,pay per bucket,,fluoride,dry,dry,other,lake,surface,improved spring,communal standpipe,functional
10292,,-2.466692494471854,2013-09-04,World Bank,711.0,Government Of Tanzania,Water_Point_292,0.0,Ruvuma / Southern Coast,Subvillage_9,Singida,20,23,LGA_30,Ward_171,GeoData Consultants Ltd,Other,,,1982.0,other,gravity,other,,commercial,other,pay annually,milky,salty,enough,insufficient,,river,surface,communal standpipe,improved spring,functional needs repair
10293,39.240778604500996,-1.6864191460677311,2011-12-20,Tasaf,972.0,Unicef,Water_Point_293,1.0,Internal,Subvillage_17,Kigoma,20,7,LGA_48,Ward_133,GeoData Consultants Ltd,Other,,True,2007.0,submersible,gravity,handpump,other,commercial,pay annually,pay monthly,fluoride,fluoride,dry,,other,river,,hand pump,other,non functional
10294,38.457497568882246,-11.54637422206247,2012-01-31,,1176.0,Rwssp,Water_Point_294,9.0,Lake Rukwa,,Kilimanjaro,20,32,LGA_9,Ward_78,GeoData Consultants Ltd,Private operator,,False,,handpump,other,other,,user-group,never pay,pay per bucket,fluoride abandoned,colored,dry,enough,river,lake,surface,cattle trough,cattle trough,functional
10295,35.57615183335023,,2011-07-21,Rural Water Supply And Sanitation Programme,1977.0,Danida,Water_Point_295,1.0,Lake Nyasa,Subvillage_53,Mwanza,16,28,LGA_4,Ward_55,GeoData Consultants Ltd,,,,,gravity,gravity,gravity,vwc,user-group,other,other,fluoride abandoned,salty,seasonal,dry,spring,other,groundwater,hand pump,communal standpipe,non functional
10296,37.38250818753791,-2.157675814574322,2012-04-18,World Bank,1176.0,Unicef,Water_Point_296,8.0,Ruvuma / Southern Coast,Subvillage_72,Dodoma,25,1,LGA_3,Ward_104,GeoData Consultants Ltd,VWC,,True,1969.0,handpump,other,other,private operator,parastatal,pay monthly,pay per bucket,soft,,dry,dry,spring,spring,groundwater,cattle trough,hand pump,non functional
10297,39.13367622428456,-4.665271328071321,2013-03-10,World Bank,2186.0,,Water_Point_297,5.0,Lake Tanganyika,,Dar es Salaam,1,19,LGA_2,Ward_55,GeoData Consultants Ltd,,,False,1984.0,gravity,motorpump,motorpump,private operator,commercial,never pay,,salty,good,dry,enough,borehole,spring,groundwater,improved spring,cattle trough,non functional
10298,39.715568245088505,-11.235351122258875,2011-03-29,Wsdp,1149.0,Rural Water Supply And Sanitation Programme,Water_Point_298,,Rufiji,Subvillage_70,Kilimanjaro,18,18,LGA_23,Ward_35,GeoData Consultants Ltd,,Scheme_85,True,1971.0,submersible,gravity,handpump,wua,commercial,pay annually,pay monthly,salty,colored,,insufficient,borehole,spring,groundwater,other,communal standpipe,non functional
10299,31.38180494582025,-3.7194054404900125,2013-05-14,Oxfam,2153.0,District Council,Water_Point_299,,Pangani,Subvillage_17,Tabora,25,48,LGA_27,Ward_136,GeoData Consultants Ltd,Other,,,1996.0,handpump,handpump,gravity,vwc,parastatal,other,other,fluoride,fluoride,dry,insufficient,well,river,groundwater,hand pump,other,functional needs repair
10300,29.910163685199407,-9.80952777585093,2011-10-02,Wsdp,1446.0,,Water_Point_300,2.0,Ruvuma / Southern Coast,,Iringa,22,57,LGA_25,Ward_131,GeoData Consultants Ltd,Other,,False,,,gravity,gravity,other,user-group,,pay annually,fluoride,salty,seasonal,enough,spring,borehole,,cattle trough,other,functional needs repair
10301,33.47386057177867,-1.2025477042682713,2012-04-27,Wsdp,1039.0,,Water_Point_301,0.0,Lake Rukwa,Subvillage_90,Kigoma,17,52,LGA_16,Ward_99,GeoData Consultants Ltd,Other,Scheme_53,False,2009.0,submersible,gravity,other,vwc,commercial,,pay monthly,colored,milky,enough,enough,river,borehole,surface,other,communal standpipe,functional needs repair
10302,37.00567813679322,-3.9994414569905246,2013-04-20,Rwssp,1225.0,Rwssp,Water_Point_302,,Wami / Ruvu,Subvillage_89,Mtwara,1,69,LGA_41,Ward_148,GeoData Consultants Ltd,,Scheme_98,False,,submersible,motorpump,other,water authority,,pay monthly,pay per bucket,soft,milky,insufficient,,river,borehole,groundwater,communal standpipe,hand pump,non functional
10303,32.0863512006872,-10.876511124627616,2011-06-17,Hesawa,1513.0,District Council,Water_Point_303,2.0,Internal,Subvillage_65,Ruvuma,6,13,LGA_42,Ward_172,GeoData Consultants Ltd,VWC,,True,,motorpump,handpump,motorpump,,commercial,pay monthly,other,fluoride abandoned,good,dry,dry,well,river,groundwater,other,communal standpipe,functional
10304,34.36581804450962,-10.091825196413748,2012-11-26,Dwe,1198.0,Tcrs,Water_Point_304,5.0,Lake Rukwa,Subvillage_2,Iringa,14,74,LGA_39,Ward_161,GeoData Consultants Ltd,WUA,,False,1960.0,,handpump,motorpump,private operator,commercial,never pay,pay per bucket,fluoride,colored,seasonal,insufficient,spring,other,groundwater,communal standpipe,other,functional
10305,29.263598091220825,-10.005412614795459,2012-11-08,Rural Water Supply And Sanitation Programme,,Hesawa,Water_Point_305,7.0,Lake Tanganyika,Subvillage_97,Pwani,7,18,LGA_9,Ward_72,GeoData Consultants Ltd,,Scheme_4,False,2003.0,other,motorpump,gravity,other,,pay annually,,salty,colored,enough,insufficient,borehole,spring,surface,communal standpipe,hand pump,functional
10306,34.73374230499894,-5.758372120707996,2012-07-27,Dwe,2302.0,World Vision,Water_Point_306,8.0,Lake Nyasa,Subvillage_46,Ruvuma,17,93,LGA_40,Ward_146,GeoData Consultants Ltd,,,False,,gravity,other,handpump,wua,other,pay monthly,,milky,,enough,insufficient,well,other,surface,improved spring,hand pump,functional
10307,35.28646982848907,-1.038170747008012,2012-12-14,Oxfam,,Hesawa,Water_Point_307,5.0,Pangani,Subvillage_58,Pwani,23,13,LGA_33,Ward_147,GeoData Consultants Ltd,WUA,,True,,motorpump,other,gravity,vwc,commercial,pay monthly,pay monthly,fluoride abandoned,fluoride,enough,enough,well,other,surface,communal standpipe,communal standpipe,non functional
10308,34.79392275877828,-10.885798813063069,2011-01-10,,1762.0,District Council,Water_Point_308,,Wami / Ruvu,Subvillage_27,Arusha,19,10,LGA_19,Ward_141,GeoData Consultants Ltd,,,False,1984.0,motorpump,other,handpump,wua,parastatal,never pay,pay per bucket,colored,milky,enough,enough,lake,other,surface,cattle trough,cattle trough,functional needs repair
10309,35.50192934114075,-2.729662958511547,2011-01-23,Rural Water Supply And Sanitation Programme,2065.0,Community,Water_Point_309,1.0,Lake Nyasa,Subvillage_76,Geita,3,65,LGA_5,Ward_193,GeoData Consultants Ltd,Water authority,Scheme_73,,1988.0,other,handpump,handpump,private operator,commercial,pay per bucket,pay monthly,colored,good,enough,dry,other,lake,,other,,non functional
10310,38.07323766030138,-10.432507147931943,2012-07-06,Kkkt,962.0,Kkkt,Water_Point_310,7.0,Pangani,Subvillage_55,Simiyu,9,21,LGA_34,Ward_120,GeoData Consultants Ltd,WUA,,True,,other,motorpump,handpump,private operator,,never pay,never pay,milky,good,dry,dry,well,river,surface,other,hand pump,functional
10311,37.6368790576825,-7.097393498582215,2011-03-03,Rwssp,1550.0,Wsdp,Water_Point_311,,Lake Tanganyika,,Kigoma,4,75,LGA_8,Ward_67,GeoData Consultants Ltd,VWC,Scheme_89,True,,,handpump,gravity,,parastatal,pay annually,other,fluoride abandoned,salty,dry,dry,borehole,other,groundwater,hand pump,communal standpipe,functional needs repair
10312,32.735462374100685,-8.033474284621757,2013-09-21,Dwe,184.0,,Water_Point_312,,Internal,Subvillage_2,Mwanza,17,20,LGA_29,Ward_145,GeoData Consultants Ltd,Water authority,,,,gravity,other,handpump,private operator,user-group,never pay,pay per bucket,,good,insufficient,dry,well,river,surface,cattle trough,improved spring,functional needs repair
10313,38.229305489037664,-2.0079545182439738,2012-01-16,District Council,2029.0,Private individual,Water_Point_313,,Internal,Subvillage_10,Dodoma,17,58,LGA_13,Ward_78,GeoData Consultants Ltd,WUA,,False,,gravity,other,gravity,wua,other,pay annually,pay annually,fluoride,milky,insufficient,insufficient,borehole,borehole,surface,cattle trough,communal standpipe,non functional
10314,32.31127037909295,-7.952645133451732,2011-09-26,Oxfam,102.0,Oxfam,Water_Point_314,4.0,Lake Tanganyika,Subvillage_95,Simiyu,9,91,LGA_28,Ward_106,GeoData Consultants Ltd,,,,,gravity,motorpump,gravity,private operator,,pay annually,other,fluoride,fluoride,seasonal,enough,,spring,groundwater,cattle trough,improved spring,functional needs repair
10315,30.550733168965323,-1.2347977765841271,2012-11-23,Wsdp,27.0,Rural Water Supply And Sanitation Programme,Water_Point_315,,Lake Nyasa,Subvillage_38,Pwani,18,38,LGA_13,Ward_110,GeoData Consultants Ltd,,,,,submersible,handpump,other,private operator,user-group,never pay,other,fluoride,good,dry,insufficient,river,other,groundwater,cattle trough,communal standpipe,non functional
10316,39.26290104166445,-6.050990775249836,2012-01-18,Tasaf,956.0,Hesawa,Water_Point_316,9.0,Lake Rukwa,Subvillage_67,Geita,5,71,LGA_3,Ward_177,GeoData Consultants Ltd,Private operator,,,2012.0,submersible,other,motorpump,wua,commercial,pay per bucket,pay per bucket,fluoride,salty,insufficient,insufficient,borehole,other,surface,hand pump,improved spring,non functional
10317,33.39152515069676,-5.416948234820409,2011-08-08,,348.0,,Water_Point_317,7.0,Internal,Subvillage_20,Katavi,4,82,LGA_14,Ward_186,GeoData Consultants Ltd,WUA,Scheme_65,True,1984.0,handpump,,gravity,wua,user-group,never pay,,colored,,dry,insufficient,lake,shallow well,groundwater,hand pump,improved spring,functional needs repair
10318,40.39333813534746,-2.702901898371211,2011-10-12,Kkkt,159.0,District Council,Water_Point_318,9.0,Internal,Subvillage_27,Mara,3,16,LGA_39,Ward_44,GeoData Consultants Ltd,VWC,,False,1991.0,submersible,other,motorpump,private operator,user-group,other,pay per bucket,colored,milky,seasonal,enough,lake,borehole,groundwater,cattle trough,other,functional needs repair
10319,36.37025414562788,-10.49164935376205,2012-09-12,Hesawa,391.0,,Water_Point_319,8.0,Lake Nyasa,Subvillage_18,Mwanza,22,82,LGA_37,Ward_82,GeoData Consultants Ltd,Water authority,,,2001.0,motorpump,other,handpump,vwc,user-group,never pay,other,soft,fluoride,insufficient,insufficient,river,river,surface,communal standpipe,cattle trough,functional
10320,36.71664346071601,-5.6864272540939105,2013-06-23,Wsdp,114.0,Government Of Tanzania,Water_Point_320,6.0,Pangani,Subvillage_47,Songwe,8,42,LGA_35,Ward_41,GeoData Consultants Ltd,VWC,,False,,motorpump,handpump,motorpump,vwc,other,other,never pay,salty,salty,insufficient,,river,river,surface,hand pump,other,functional needs repair
10321,32.481896312101966,-5.86737031336327,2011-08-02,District Council,44.0,,Water_Point_321,9.0,Lake Victoria,Subvillage_17,Tanga,22,7,LGA_25,Ward_101,GeoData Consultants Ltd,,,True,1991.0,gravity,handpump,handpump,water authority,commercial,never pay,pay per bucket,fluoride abandoned,salty,dry,insufficient,river,lake,surface,communal standpipe,other,functional
10322,,-9.595324076250646,2013-07-21,Private individual,1232.0,,Water_Point_322,8.0,Pangani,Subvillage_94,Kagera,20,39,LGA_23,Ward_41,GeoData Consultants Ltd,Water authority,,,1996.0,motorpump,motorpump,handpump,other,,pay monthly,never pay,colored,salty,insufficient,insufficient,other,,surface,improved spring,improved spring,functional needs repair
10323,35.244643865164974,-11.684673420909023,2011-11-17,Rwssp,209.0,Other,Water_Point_323,,Lake Victoria,,Njombe,3,81,LGA_12,Ward_152,GeoData Consultants Ltd,Private operator,,,,motorpump,other,handpump,,user-group,pay monthly,,milky,fluoride,insufficient,,spring,lake,surface,cattle trough,hand pump,non functional
10324,31.820025151454825,-4.835343069664451,2012-06-01,Kkkt,693.0,Rwssp,Water_Point_324,3.0,Lake Nyasa,Subvillage_60,Lindi,11,47,LGA_31,Ward_77,GeoData Consultants Ltd,,,False,,handpump,gravity,handpump,water authority,other,pay per bucket,never pay,,milky,enough,enough,borehole,river,groundwater,hand pump,improved spring,functional needs repair
10325,7.950200468218348,-1.4303965584542624,2011-03-30,World Vision,187.0,Private individual,Water_Point_325,0.0,Pangani,Subvillage_64,Tanga,5,15,LGA_43,Ward_17,GeoData Consultants Ltd,WUA,,False,1999.0,motorpump,motorpump,other,water authority,commercial,never pay,never pay,,good,dry,insufficient,well,river,surface,other,improved spring,functional needs repair
10326,29.858177396319682,-1.466348060238417,2013-09-10,Community,955.0,Dwe,Water_Point_326,1.0,Lake Nyasa,Subvillage_46,Manyara,13,4,LGA_20,Ward_148,GeoData Consultants Ltd,VWC,,,1995.0,submersible,motorpump,other,vwc,parastatal,,pay annually,colored,colored,insufficient,dry,river,shallow well,groundwater,improved spring,hand pump,non functional
10327,29.302274881882482,-3.5455312939819965,2013-08-07,Tcrs,305.0,,Water_Point_327,8.0,Ruvuma / Southern Coast,Subvillage_79,Mwanza,10,8,LGA_9,Ward_11,GeoData Consultants Ltd,WUA,,False,,gravity,other,handpump,wua,other,never pay,pay per bucket,fluoride abandoned,good,seasonal,dry,,spring,groundwater,other,communal standpipe,functional needs repair
10328,40.29714431621881,-6.088484410865417,2012-06-30,,1938.0,Government Of Tanzania,Water_Point_328,5.0,Internal,Subvillage_59,Geita,17,39,LGA_13,Ward_92,GeoData Consultants Ltd,,,,2003.0,,other,other,wua,user-group,other,pay monthly,fluoride abandoned,good,insufficient,dry,borehole,borehole,groundwater,communal standpipe,improved spring,functional
10329,36.45687521537316,-2.6126474382565945,2011-08-22,Private individual,1295.0,District Council,Water_Point_329,1.0,Lake Tanganyika,Subvillage_10,Geita,4,43,LGA_41,Ward_63,GeoData Consultants Ltd,WUA,Scheme_51,True,1993.0,handpump,motorpump,other,wua,parastatal,never pay,never pay,soft,colored,seasonal,dry,well,other,surface,improved spring,other,non functional
10330,36.856895559797245,-4.5297335236807035,2011-03-06,Rwssp,437.0,Tcrs,Water_Point_330,1.0,Lake Tanganyika,Subvillage_15,Kigoma,11,34,LGA_36,Ward_158,GeoData Consultants Ltd,WUA,,,1991.0,motorpump,motorpump,other,other,commercial,,pay per bucket,fluoride,fluoride,dry,enough,borehole,borehole,groundwater,other,communal standpipe,functional needs repair
10331,30.278200015871754,-9.733036128290152,2013-01-11,Unicef,1614.0,,Water_Point_331,2.0,Wami / Ruvu,Subvillage_38,Lindi,24,69,LGA_17,Ward_86,GeoData Consultants Ltd,WUA,,,2009.0,submersible,motorpump,other,water authority,commercial,pay annually,pay monthly,salty,colored,insufficient,enough,spring,river,groundwater,hand pump,cattle trough,functional
10332,29.88281747716728,-6.253220346098702,2011-07-28,Community,1581.0,World Vision,Water_Point_332,2.0,Internal,Subvillage_70,Mara,6,93,LGA_37,Ward_140,GeoData Consultants Ltd,VWC,,False,1973.0,other,other,other,private operator,,pay annually,pay annually,milky,colored,dry,enough,spring,borehole,,hand pump,cattle trough,non functional
10333,32.76886000184382,-2.056632214997858,2011-08-29,Rural Water Supply And Sanitation Programme,1037.0,Government Of Tanzania,Water_Point_333,5.0,Lake Rukwa,Subvillage_37,Arusha,18,88,LGA_49,Ward_56,GeoData Consultants Ltd,Water authority,,True,2007.0,submersible,motorpump,other,vwc,other,pay monthly,pay monthly,fluoride,salty,seasonal,dry,borehole,spring,groundwater,hand pump,cattle trough,non functional
10334,30.806177167140095,-7.874823429322645,2013-05-06,World Vision,2068.0,Private individual,,9.0,Pangani,Subvillage_5,Kigoma,11,35,LGA_48,Ward_170,GeoData Consultants Ltd,WUA,Scheme_10,False,,motorpump,handpump,gravity,wua,user-group,pay monthly,never pay,fluoride abandoned,,seasonal,enough,other,lake,surface,cattle trough,improved spring,non functional
10335,30.871614739497378,-2.1367850024127577,2012-11-29,Rwssp,614.0,Tcrs,Water_Point_335,7.0,Lake Nyasa,Subvillage_95,Mwanza,19,85,LGA_3,Ward_70,GeoData Consultants Ltd,Other,,True,1973.0,handpump,other,gravity,other,,other,pay per bucket,soft,salty,,insufficient,river,shallow well,surface,improved spring,hand pump,functional
10336,37.22439444719203,-3.1325211268700084,2012-11-03,Tasaf,1423.0,Rwssp,Water_Point_336,5.0,Lake Nyasa,Subvillage_98,Mara,6,54,LGA_33,Ward_8,GeoData Consultants Ltd,Other,Scheme_69,,1966.0,gravity,gravity,handpump,water authority,parastatal,pay per bucket,pay monthly,fluoride abandoned,milky,enough,enough,borehole,other,groundwater,communal standpipe,communal standpipe,functional
10337,35.41153032623406,-5.3577407494793015,2011-07-09,Rural Water Supply And Sanitation Programme,696.0,Unicef,Water_Point_337,,Lake Nyasa,Subvillage_34,Mara,7,97,LGA_35,Ward_93,GeoData Consultants Ltd,,,,1960.0,gravity,handpump,handpump,vwc,,other,pay monthly,milky,good,enough,insufficient,well,borehole,groundwater,improved spring,improved spring,functional needs repair
10338,29.44633778180874,-10.726178977202842,2012-12-30,Unicef,1706.0,Tcrs,Water_Point_338,,Internal,Subvillage_40,Pwani,20,1,LGA_24,Ward_102,GeoData Consultants Ltd,Private operator,,,1975.0,gravity,gravity,handpump,,user-group,pay monthly,pay annually,colored,fluoride,enough,insufficient,well,shallow well,groundwater,cattle trough,improved spring,non functional
10339,35.30934150449914,-5.367232234971753,2012-10-31,Tcrs,1893.0,World Bank,Water_Point_339,0.0,Lake Rukwa,Subvillage_6,Singida,16,77,LGA_2,Ward_51,GeoData Consultants Ltd,WUA,,True,1979.0,motorpump,other,handpump,,other,,,fluoride,fluoride,insufficient,insufficient,borehole,river,groundwater,other,communal standpipe,non functional
10340,37.51596119384817,-3.6290109943035365,2012-11-17,,,Hesawa,,9.0,Internal,Subvillage_28,Mbeya,17,38,LGA_47,Ward_30,GeoData Consultants Ltd,Other,,True,1961.0,other,motorpump,other,private operator,commercial,other,never pay,fluoride abandoned,,dry,dry,other,other,groundwater,communal standpipe,other,non functional
10341,33.474198160614506,-7.5422202575182045,2012-10-24,Hesawa,1296.0,Rural Water Supply And Sanitation Programme,Water_Point_341,0.0,Pangani,Subvillage_46,Kigoma,15,7,LGA_45,Ward_185,GeoData Consultants Ltd,,,,1979.0,submersible,motorpump,handpump,wua,commercial,other,other,salty,fluoride,enough,dry,river,other,surface,other,cattle trough,non functional
10342,34.81815192665996,-3.9029113129374693,2012-08-23,Tasaf,1594.0,World Bank,,7.0,Lake Rukwa,Subvillage_56,Dodoma,8,75,LGA_24,Ward_138,GeoData Consultants Ltd,,,False,,other,handpump,,other,user-group,never pay,pay per bucket,soft,salty,seasonal,dry,other,shallow well,surface,communal standpipe,hand pump,functional
10343,29.516185383212317,-11.375954205924277,2011-10-20,Government Of Tanzania,387.0,Oxfam,Water_Point_343,5.0,Lake Nyasa,Subvillage_28,Katavi,22,70,LGA_25,Ward_42,GeoData Consultants Ltd,,Scheme_35,False,,motorpump,handpump,,water authority,commercial,pay per bucket,pay annually,soft,salty,seasonal,insufficient,lake,spring,surface,cattle trough,other,functional
10344,39.578865714024595,-7.435023808925548,2011-07-08,Rwssp,863.0,Dwe,Water_Point_344,,Pangani,,Mbeya,5,98,LGA_19,Ward_71,GeoData Consultants Ltd,VWC,,,,submersible,motorpump,other,wua,parastatal,never pay,pay annually,soft,,,dry,borehole,spring,groundwater,hand pump,communal standpipe,functional
10345,30.550592741700434,-7.640355133004652,2013-09-07,,1468.0,,Water_Point_345,8.0,Internal,,Kilimanjaro,2,53,LGA_14,Ward_52,GeoData Consultants Ltd,Water authority,Scheme_84,False,1962.0,gravity,other,handpump,,commercial,,pay per bucket,milky,fluoride,insufficient,insufficient,other,river,surface,cattle trough,cattle trough,functional needs repair
10346,33.67975220831011,-11.048012601765745,2011-12-11,Private individual,1105.0,Danida,Water_Point_346,0.0,Pangani,Subvillage_95,Kagera,25,4,LGA_41,Ward_187,GeoData Consultants Ltd,,Scheme_62,True,1974.0,gravity,gravity,gravity,water authority,commercial,pay per bucket,,milky,salty,insufficient,insufficient,,lake,surface,improved spring,communal standpipe,non functional
10347,35.24875370330582,-2.2547175436401723,2013-04-07,Wsdp,1303.0,Government Of Tanzania,Water_Point_347,,Pangani,,Ruvuma,18,24,LGA_1,Ward_79,GeoData Consultants Ltd,Water authority,Scheme_16,False,2011.0,submersible,other,gravity,wua,parastatal,pay annually,other,fluoride abandoned,milky,enough,insufficient,,spring,groundwater,cattle trough,communal standpipe,functional
10348,33.24251529356663,-7.7281037209373675,2013-07-06,Tcrs,1809.0,,Water_Point_348,5.0,Lake Rukwa,Subvillage_25,Mbeya,12,94,LGA_20,Ward_58,GeoData Consultants Ltd,Other,,True,1975.0,motorpump,handpump,handpump,other,other,other,pay annually,,milky,dry,dry,other,spring,groundwater,improved spring,hand pump,functional
10349,30.10929119358235,-9.788615190316627,2012-10-26,,716.0,Tcrs,Water_Point_349,0.0,Rufiji,Subvillage_92,Manyara,3,98,LGA_6,Ward_171,GeoData Consultants Ltd,WUA,,,2006.0,motorpump,other,gravity,other,user-group,,pay annually,fluoride abandoned,fluoride,seasonal,enough,other,shallow well,surface,cattle trough,hand pump,functional
10350,38.94713843345052,-8.592715370832874,2011-07-15,World Bank,1034.0,Danida,Water_Point_350,9.0,Pangani,Subvillage_63,Dar es Salaam,21,92,LGA_38,Ward_120,GeoData Consultants Ltd,Water authority,Scheme_1,True,,other,handpump,handpump,private operator,other,pay monthly,pay annually,fluoride abandoned,colored,seasonal,enough,other,lake,groundwater,cattle trough,improved spring,functional needs repair
10351,33.018956703518946,-9.865581420914868,2011-01-19,Rwssp,1118.0,World Vision,Water_Point_351,2.0,Rufiji,Subvillage_55,Simiyu,6,35,LGA_37,Ward_13,GeoData Consultants Ltd,Water authority,,False,2011.0,submersible,gravity,handpump,other,other,pay per bucket,other,salty,salty,insufficient,dry,borehole,borehole,surface,hand pump,improved spring,non functional
10352,40.20012460720274,-8.13996814211313,2012-05-07,Oxfam,1192.0,World Vision,Water_Point_352,6.0,Internal,Subvillage_51,Njombe,4,81,LGA_39,Ward_34,GeoData Consultants Ltd,Water authority,,,1970.0,gravity,motorpump,other,wua,commercial,other,,,good,seasonal,dry,other,lake,surface,communal standpipe,improved spring,non functional
10353,38.82349252970729,-9.736340556917183,2012-06-14,,1108.0,World Bank,Water_Point_353,1.0,Wami / Ruvu,Subvillage_44,Pwani,3,62,LGA_10,Ward_20,GeoData Consultants Ltd,Other,Scheme_54,True,,motorpump,other,motorpump,private operator,other,never pay,never pay,fluoride,colored,dry,enough,well,lake,surface,hand pump,hand pump,functional
10354,32.40137686589981,-11.317054193143438,2011-05-28,Wsdp,607.0,District Council,Water_Point_354,0.0,Internal,Subvillage_31,Shinyanga,23,50,LGA_23,Ward_191,GeoData Consultants Ltd,Other,,True,1978.0,,other,motorpump,other,user-group,other,,milky,good,enough,insufficient,lake,borehole,surface,communal standpipe,improved spring,non functional
10355,40.05419909476017,-11.602237561748993,2013-03-22,,2051.0,Wsdp,Water_Point_355,4.0,Internal,Subvillage_81,Dar es Salaam,3,69,LGA_16,Ward_151,GeoData Consultants Ltd,,Scheme_35,False,,submersible,gravity,motorpump,water authority,,pay per bucket,,milky,,seasonal,dry,lake,borehole,surface,cattle trough,improved spring,non functional
10356,32.93388315366732,-5.480998231598461,2011-09-27,Unicef,1116.0,Community,Water_Point_356,3.0,Lake Nyasa,Subvillage_25,Simiyu,2,27,LGA_19,Ward_186,GeoData Consultants Ltd,Water authority,Scheme_92,False,1970.0,motorpump,other,gravity,private operator,commercial,other,pay per bucket,fluoride abandoned,fluoride,seasonal,dry,river,lake,surface,improved spring,other,functional needs repair
10357,34.09287056016332,-2.1107251329277847,2011-06-12,Private individual,1748.0,Rwssp,Water_Point_357,3.0,Rufiji,Subvillage_73,Mwanza,8,98,LGA_4,Ward_33,GeoData Consultants Ltd,WUA,,False,,gravity,other,other,private operator,user-group,other,pay annually,soft,fluoride,seasonal,enough,well,river,surface,cattle trough,communal standpipe,functional
10358,34.81984983236717,-11.199926164290511,2012-07-13,Danida,2309.0,Kkkt,Water_Point_358,,Lake Tanganyika,Subvillage_41,Mbeya,18,87,LGA_38,Ward_23,GeoData Consultants Ltd,,Scheme_82,True,1999.0,submersible,gravity,other,wua,,pay monthly,pay annually,fluoride,,seasonal,insufficient,other,lake,surface,cattle trough,communal standpipe,functional
10359,37.968189681722144,-3.8337952839547436,2011-06-23,,1603.0,World Vision,Water_Point_359,,Lake Tanganyika,Subvillage_36,Pwani,24,86,LGA_6,Ward_73,GeoData Consultants Ltd,Water authority,,False,,submersible,gravity,other,other,parastatal,pay per bucket,pay monthly,soft,milky,dry,dry,lake,spring,groundwater,other,cattle trough,functional
10360,36.68532794058354,-9.25370817406144,2013-06-01,Kkkt,869.0,,Water_Point_360,4.0,Ruvuma / Southern Coast,Subvillage_27,Singida,18,29,LGA_39,Ward_57,GeoData Consultants Ltd,Other,,False,1982.0,submersible,other,,wua,other,other,,salty,colored,insufficient,dry,well,borehole,surface,communal standpipe,hand pump,functional needs repair
10361,29.922579355711846,-5.803205835234719,2013-06-25,Dwe,1902.0,Danida,Water_Point_361,4.0,Lake Nyasa,Subvillage_43,Kigoma,3,73,LGA_35,Ward_83,GeoData Consultants Ltd,,Scheme_10,True,2005.0,gravity,gravity,gravity,private operator,,pay per bucket,other,salty,,dry,enough,other,shallow well,groundwater,hand pump,hand pump,functional needs repair
10362,32.43200178950212,-8.210515562956237,2011-11-02,Private individual,755.0,Private individual,Water_Point_362,2.0,Ruvuma / Southern Coast,Subvillage_45,Shinyanga,24,59,LGA_15,Ward_70,GeoData Consultants Ltd,,,,1971.0,gravity,motorpump,motorpump,water authority,user-group,pay per bucket,pay monthly,fluoride,good,insufficient,dry,well,lake,groundwater,other,cattle trough,functional needs repair
10363,29.13993597189338,-7.840506870581574,2012-10-10,World Vision,1482.0,Oxfam,Water_Point_363,3.0,Rufiji,Subvillage_3,Rukwa,12,90,LGA_47,Ward_90,GeoData Consultants Ltd,Water authority,Scheme_12,False,2001.0,handpump,other,motorpump,water authority,user-group,pay annually,pay annually,,colored,insufficient,,well,spring,groundwater,other,other,functional
10364,34.6303006061394,-1.4879203155734153,2013-06-18,Community,1309.0,,Water_Point_364,,Wami / Ruvu,Subvillage_40,Simiyu,12,95,LGA_19,Ward_29,GeoData Consultants Ltd,Private operator,,,1993.0,motorpump,handpump,other,other,commercial,pay per bucket,pay annually,colored,milky,enough,enough,other,lake,surface,improved spring,other,non functional
10365,36.9802999718024,-7.610009601091346,2013-05-10,,1658.0,Wsdp,Water_Point_365,8.0,Wami / Ruvu,Subvillage_75,Singida,6,9,LGA_16,Ward_4,GeoData Consultants Ltd,VWC,,,1976.0,submersible,handpump,motorpump,,user-group,pay annually,never pay,fluoride abandoned,fluoride,insufficient,dry,lake,river,groundwater,improved spring,cattle trough,non functional
10366,34.75182857224926,-6.447699935024945,2011-03-09,Unicef,108.0,World Vision,Water_Point_366,,Lake Nyasa,Subvillage_84,Dodoma,25,19,LGA_47,Ward_106,GeoData Consultants Ltd,Water authority,Scheme_33,True,1994.0,motorpump,motorpump,handpump,vwc,other,pay annually,other,,good,insufficient,dry,well,borehole,groundwater,cattle trough,other,functional
10367,30.59667888930183,-3.6415725776908374,2012-08-30,Danida,208.0,Oxfam,Water_Point_367,5.0,Ruvuma / Southern Coast,Subvillage_3,Geita,13,95,LGA_13,Ward_105,GeoData Consultants Ltd,Water authority,Scheme_55,False,2009.0,submersible,motorpump,other,other,parastatal,pay per bucket,never pay,fluoride,salty,insufficient,enough,lake,spring,groundwater,cattle trough,cattle trough,non functional
10368,39.90575570491587,-8.406109754464866,2012-09-03,Tasaf,1611.0,Wsdp,Water_Point_368,,Lake Rukwa,Subvillage_38,Rukwa,14,64,LGA_26,Ward_115,GeoData Consultants Ltd,Water authority,Scheme_78,False,1968.0,submersible,other,handpump,water authority,parastatal,other,other,fluoride,colored,,dry,well,river,groundwater,communal standpipe,communal standpipe,functional
10369,38.89827661593603,-8.431198170062974,2011-09-12,Kkkt,1621.0,Tasaf,Water_Point_369,,Internal,Subvillage_47,Tabora,3,84,LGA_36,Ward_189,GeoData Consultants Ltd,Water authority,Scheme_22,True,,,motorpump,gravity,private operator,commercial,pay monthly,pay per bucket,fluoride abandoned,milky,dry,enough,well,lake,groundwater,cattle trough,other,non functional
10370,30.860820700095903,-9.068431581830573,2012-05-19,Rwssp,51.0,Rwssp,Water_Point_370,5.0,Lake Rukwa,Subvillage_34,Arusha,4,95,LGA_20,Ward_81,GeoData Consultants Ltd,Other,,False,1965.0,handpump,gravity,handpump,vwc,commercial,other,other,soft,milky,enough,insufficient,spring,other,groundwater,other,cattle trough,non functional
10371,38.957690043391935,-2.8552321587961416,2011-10-04,Wsdp,,,Water_Point_371,7.0,Lake Victoria,Subvillage_98,Kigoma,4,66,LGA_12,Ward_56,GeoData Consultants Ltd,Other,,False,1977.0,motorpump,other,motorpump,wua,parastatal,pay monthly,never pay,fluoride,colored,insufficient,dry,lake,borehole,groundwater,improved spring,cattle trough,non functional
10372,32.04193651373086,-6.1172227470757194,2012-11-30,Hesawa,1812.0,Government Of Tanzania,Water_Point_372,6.0,Lake Tanganyika,Subvillage_56,Tabora,13,87,LGA_13,Ward_27,GeoData Consultants Ltd,WUA,Scheme_13,True,,submersible,handpump,gravity,other,other,pay annually,other,salty,salty,seasonal,,other,spring,groundwater,communal standpipe,hand pump,functional
10373,29.058271816718516,-4.929542653659234,2013-02-24,Dwe,2029.0,,Water_Point_373,9.0,Lake Nyasa,Subvillage_49,Dodoma,14,36,LGA_31,Ward_28,GeoData Consultants Ltd,Private operator,,False,1977.0,other,handpump,motorpump,wua,parastatal,pay per bucket,other,milky,fluoride,insufficient,dry,well,other,groundwater,communal standpipe,other,non functional
10374,39.60109686462173,-4.0785171811521055,2011-08-29,Kkkt,1682.0,,Water_Point_374,8.0,Rufiji,Subvillage_28,Pwani,19,41,LGA_36,Ward_103,GeoData Consultants Ltd,WUA,Scheme_72,,1987.0,motorpump,motorpump,handpump,other,parastatal,other,other,,fluoride,enough,dry,well,other,groundwater,hand pump,other,non functional
10375,33.30220905199752,-4.689808284898671,2013-05-26,World Vision,944.0,,,4.0,Lake Rukwa,Subvillage_44,Morogoro,20,40,LGA_11,Ward_78,GeoData Consultants Ltd,WUA,Scheme_45,,1987.0,motorpump,motorpump,motorpump,vwc,parastatal,never pay,never pay,fluoride,salty,seasonal,enough,borehole,shallow well,surface,communal standpipe,,non functional
10376,39.659817621993454,-8.176299756511114,2013-07-07,,1065.0,Private individual,Water_Point_376,,Ruvuma / Southern Coast,Subvillage_22,Katavi,5,63,LGA_29,Ward_59,GeoData Consultants Ltd,WUA,,True,,submersible,handpump,motorpump,private operator,parastatal,pay annually,pay monthly,salty,milky,dry,insufficient,lake,other,surface,hand pump,cattle trough,non functional
10377,39.2958903627979,-3.6280639024692327,2011-07-24,,536.0,World Vision,Water_Point_377,2.0,Rufiji,Subvillage_12,Kigoma,25,60,LGA_11,Ward_110,GeoData Consultants Ltd,Private operator,,True,1999.0,handpump,handpump,motorpump,private operator,commercial,other,never pay,soft,salty,insufficient,dry,lake,river,groundwater,cattle trough,communal standpipe,functional needs repair
10378,39.83280318409251,-8.118997002696371,2012-02-16,,2046.0,Unicef,Water_Point_378,9.0,Lake Victoria,Subvillage_50,Kigoma,15,29,LGA_11,Ward_40,GeoData Consultants Ltd,Water authority,,,2010.0,motorpump,gravity,gravity,wua,parastatal,other,other,colored,milky,enough,insufficient,other,lake,surface,other,other,non functional
10379,36.432000863270716,-7.681980510763454,2011-06-20,Danida,110.0,Rwssp,Water_Point_379,4.0,Lake Rukwa,,Mbeya,15,83,LGA_30,Ward_160,GeoData Consultants Ltd,WUA,,,2007.0,gravity,motorpump,,vwc,user-group,pay per bucket,never pay,salty,colored,insufficient,,river,other,surface,hand pump,,non functional
10380,36.61441956730581,-3.8983907893469842,2012-04-21,Wsdp,1276.0,,Water_Point_380,6.0,Lake Victoria,Subvillage_94,Mtwara,20,25,LGA_47,Ward_71,GeoData Consultants Ltd,Private operator,,,,submersible,other,motorpump,other,user-group,,pay monthly,milky,colored,dry,dry,other,lake,surface,other,cattle trough,functional
10381,38.867896119405856,-4.248925469100394,2012-01-17,Tasaf,1414.0,Rwssp,Water_Point_381,8.0,Lake Tanganyika,Subvillage_21,Shinyanga,25,91,LGA_46,Ward_154,GeoData Consultants Ltd,Other,,True,,handpump,motorpump,,vwc,user-group,other,pay per bucket,soft,colored,dry,insufficient,borehole,spring,groundwater,cattle trough,hand pump,functional needs repair
10382,31.469963092120015,-1.8542520058836356,2011-08-27,,891.0,Wsdp,Water_Point_382,6.0,Pangani,,Katavi,7,9,LGA_4,Ward_66,GeoData Consultants Ltd,Water authority,Scheme_44,True,,submersible,other,other,wua,user-group,pay annually,pay annually,salty,salty,seasonal,enough,borehole,spring,groundwater,communal standpipe,other,functional needs repair
10383,36.46829749689671,-6.746262421764944,2013-03-13,Community,1402.0,Rwssp,Water_Point_383,,Rufiji,Subvillage_86,Morogoro,9,20,LGA_21,Ward_127,GeoData Consultants Ltd,Private operator,,True,2007.0,gravity,motorpump,handpump,vwc,parastatal,pay monthly,pay per bucket,fluoride,fluoride,seasonal,insufficient,river,river,groundwater,hand pump,hand pump,functional needs repair
10384,35.49437890458844,-10.85178981971574,2011-02-22,Tasaf,39.0,Tasaf,Water_Point_384,8.0,Lake Victoria,Subvillage_77,Mwanza,13,9,LGA_37,Ward_87,GeoData Consultants Ltd,Water authority,,True,,gravity,motorpump,gravity,wua,other,never pay,other,colored,salty,seasonal,enough,lake,other,surface,improved spring,other,functional needs repair
10385,33.11239454539429,,2011-10-29,Tasaf,1473.0,Government Of Tanzania,Water_Point_385,6.0,Wami / Ruvu,Subvillage_53,Shinyanga,4,61,LGA_35,Ward_180,GeoData Consultants Ltd,Other,,True,,submersible,other,,water authority,user-group,pay monthly,never pay,fluoride abandoned,milky,insufficient,dry,borehole,borehole,groundwater,,cattle trough,non functional
10386,34.067517399665576,-1.180983802971392,2013-01-09,District Council,1574.0,,Water_Point_386,1.0,Rufiji,Subvillage_42,Njombe,24,93,LGA_5,Ward_146,GeoData Consultants Ltd,VWC,,False,,handpump,gravity,other,,commercial,pay monthly,pay annually,fluoride abandoned,salty,insufficient,dry,lake,spring,surface,other,improved spring,functional needs repair
10387,40.47989558714194,-2.06408095762821,2013-05-10,District Council,1207.0,Danida,Water_Point_387,,Lake Tanganyika,Subvillage_2,Songwe,12,5,LGA_42,Ward_188,GeoData Consultants Ltd,VWC,,,1990.0,submersible,other,gravity,vwc,parastatal,other,other,fluoride abandoned,milky,insufficient,enough,well,shallow well,surface,hand pump,other,non functional
10388,33.22499858866426,-11.272511520031623,2011-01-10,Rural Water Supply And Sanitation Programme,156.0,,Water_Point_388,8.0,Lake Nyasa,Subvillage_76,Njombe,14,34,LGA_19,Ward_70,GeoData Consultants Ltd,Other,,,1965.0,motorpump,other,gravity,vwc,commercial,pay annually,pay monthly,colored,fluoride,insufficient,enough,lake,other,surface,hand pump,cattle trough,functional needs repair
10389,35.91437727093003,-5.249951963525226,2011-07-16,Unicef,2147.0,,Water_Point_389,,Lake Rukwa,Subvillage_7,Katavi,2,96,LGA_21,Ward_70,GeoData Consultants Ltd,Other,Scheme_41,,,submersible,gravity,handpump,water authority,user-group,other,pay per bucket,colored,colored,insufficient,enough,lake,spring,surface,communal standpipe,improved spring,functional needs repair
10390,32.685789027247985,-8.02577786607682,2011-01-21,Tcrs,895.0,,Water_Point_390,,Pangani,Subvillage_88,Dar es Salaam,23,78,LGA_29,Ward_153,GeoData Consultants Ltd,WUA,,True,,gravity,handpump,handpump,private operator,other,,pay annually,colored,salty,dry,enough,well,lake,groundwater,communal standpipe,communal standpipe,functional needs repair
10391,38.62791396832659,-11.37953472932137,2011-04-29,Other,2258.0,,Water_Point_391,,Lake Nyasa,Subvillage_30,Dodoma,8,28,LGA_25,Ward_161,GeoData Consultants Ltd,Private operator,Scheme_2,,1972.0,submersible,other,motorpump,water authority,,pay monthly,pay monthly,fluoride,colored,dry,,other,lake,surface,cattle trough,other,functional needs repair
10392,29.092605148690733,-1.436397951330962,2011-06-19,,518.0,World Bank,Water_Point_392,1.0,Lake Victoria,Subvillage_48,Ruvuma,15,47,LGA_29,Ward_153,GeoData Consultants Ltd,Water authority,,,,handpump,other,motorpump,vwc,parastatal,pay per bucket,never pay,milky,milky,enough,enough,lake,lake,surface,other,communal standpipe,non functional
10393,33.548697078153104,-9.633176447785662,2011-02-01,Hesawa,956.0,Community,Water_Point_393,1.0,Rufiji,Subvillage_64,Dodoma,25,26,LGA_11,Ward_87,GeoData Consultants Ltd,Other,,True,1996.0,submersible,motorpump,handpump,water authority,commercial,never pay,pay monthly,milky,milky,enough,dry,borehole,shallow well,groundwater,communal standpipe,communal standpipe,non functional
10394,33.764454736056436,-6.087599051505527,2012-06-21,,,Tcrs,Water_Point_394,4.0,Lake Tanganyika,Subvillage_92,Kagera,3,72,LGA_15,Ward_117,GeoData Consultants Ltd,Water authority,Scheme_26,,,handpump,handpump,other,other,other,other,pay per bucket,soft,good,insufficient,dry,river,river,surface,other,other,non functional
10395,36.257182312458966,-9.259526125299745,2013-09-20,,439.0,Dwe,Water_Point_395,,Lake Victoria,Subvillage_64,Katavi,18,78,LGA_17,Ward_66,GeoData Consultants Ltd,Private operator,,,,handpump,gravity,handpump,water authority,commercial,,other,fluoride abandoned,good,enough,dry,well,lake,surface,other,cattle trough,non functional
10396,40.191414263085576,-9.604531196070091,2012-06-11,Other,77.0,World Bank,Water_Point_396,1.0,Lake Nyasa,Subvillage_5,Kilimanjaro,23,94,LGA_8,Ward_100,GeoData Consultants Ltd,Water authority,,True,,handpump,other,handpump,private operator,commercial,pay annually,pay monthly,soft,good,insufficient,dry,borehole,river,surface,improved spring,hand pump,non functional
10397,30.361837981210083,-1.1800894104354303,2011-04-26,District Council,1047.0,Tcrs,Water_Point_397,3.0,Lake Tanganyika,Subvillage_15,Tanga,5,63,LGA_29,Ward_177,GeoData Consultants Ltd,Private operator,Scheme_19,,1969.0,gravity,other,gravity,other,user-group,never pay,pay annually,salty,salty,insufficient,dry,other,river,groundwater,other,hand pump,non functional
10398,32.2398903016711,-7.467666703513201,2011-08-01,Danida,568.0,Tcrs,Water_Point_398,,Lake Victoria,Subvillage_74,Kagera,11,47,LGA_3,Ward_130,GeoData Consultants Ltd,,,,1964.0,motorpump,other,gravity,other,user-group,pay per bucket,,fluoride,milky,seasonal,enough,other,shallow well,groundwater,other,other,non functional
10399,35.94024189217456,-8.37277869330601,2013-01-24,Private individual,2010.0,Kkkt,Water_Point_399,7.0,Ruvuma / Southern Coast,Subvillage_22,Pwani,7,36,LGA_44,Ward_24,GeoData Consultants Ltd,,,False,2012.0,handpump,motorpump,other,other,other,never pay,never pay,fluoride,fluoride,insufficient,,river,river,surface,cattle trough,other,functional needs repair
10400,35.9543503757792,-5.31632885326222,2011-05-19,Oxfam,2170.0,Tcrs,Water_Point_400,,Lake Rukwa,Subvillage_77,Ruvuma,10,80,LGA_15,Ward_53,GeoData Consultants Ltd,,Scheme_35,,,gravity,gravity,other,vwc,commercial,pay annually,pay monthly,colored,good,dry,dry,well,lake,surface,other,hand pump,functional needs repair
10401,37.76121530101295,-6.29208153003041,2012-08-26,District Council,,Government Of Tanzania,Water_Point_401,3.0,Lake Nyasa,Subvillage_13,Tanga,9,49,LGA_37,Ward_31,GeoData Consultants Ltd,,Scheme_63,False,1960.0,submersible,,gravity,wua,user-group,,never pay,soft,milky,insufficient,enough,other,other,groundwater,improved spring,cattle trough,functional
10402,39.81562680172048,-10.27980243534058,2012-07-08,Oxfam,1059.0,,Water_Point_402,9.0,Ruvuma / Southern Coast,Subvillage_23,Katavi,4,70,LGA_17,Ward_95,GeoData Consultants Ltd,Private operator,,,1984.0,motorpump,motorpump,,private operator,other,pay annually,pay annually,milky,fluoride,insufficient,insufficient,lake,spring,groundwater,communal standpipe,cattle trough,non functional
10403,38.09053461548153,-7.808737044462934,2013-01-19,Other,1006.0,Private individual,Water_Point_403,5.0,Lake Tanganyika,Subvillage_80,Kagera,12,95,LGA_37,Ward_53,GeoData Consultants Ltd,Water authority,Scheme_84,,1961.0,other,other,motorpump,vwc,commercial,pay monthly,pay per bucket,colored,,dry,insufficient,well,other,surface,hand pump,cattle trough,functional
10404,30.36307233143145,-2.118601037938479,2012-12-02,Rwssp,1605.0,Rwssp,Water_Point_404,2.0,Lake Rukwa,Subvillage_74,Lindi,5,23,LGA_34,Ward_124,GeoData Consultants Ltd,Private operator,,,,motorpump,other,handpump,,parastatal,other,pay per bucket,colored,good,seasonal,,borehole,borehole,surface,cattle trough,cattle trough,non functional
10405,35.97683778119985,-8.339762217257572,2011-11-12,Unicef,2303.0,District Council,Water_Point_405,7.0,Lake Rukwa,Subvillage_30,Tanga,18,14,LGA_29,Ward_155,GeoData Consultants Ltd,WUA,Scheme_34,,1974.0,handpump,gravity,gravity,vwc,,never pay,pay monthly,,good,insufficient,insufficient,river,river,surface,hand pump,hand pump,functional needs repair
10406,34.07615059857946,-5.373067993365181,2013-01-05,Government Of Tanzania,322.0,Wsdp,Water_Point_406,8.0,Rufiji,Subvillage_14,Kilimanjaro,18,9,LGA_47,Ward_118,GeoData Consultants Ltd,Water authority,,,1996.0,handpump,handpump,gravity,water authority,parastatal,pay annually,pay per bucket,salty,milky,seasonal,,other,lake,surface,hand pump,improved spring,functional
10407,40.250912677160706,-6.627725763667745,2013-01-23,,355.0,World Vision,,6.0,Internal,Subvillage_9,Rukwa,13,37,LGA_5,Ward_147,GeoData Consultants Ltd,Water authority,Scheme_13,,2001.0,motorpump,motorpump,gravity,,commercial,other,,milky,fluoride,seasonal,dry,other,borehole,groundwater,communal standpipe,hand pump,functional
10408,35.07738590434056,-5.363611557743474,2012-10-23,Rwssp,1485.0,Tcrs,Water_Point_408,0.0,Lake Victoria,Subvillage_42,Morogoro,7,64,LGA_25,Ward_72,GeoData Consultants Ltd,Private operator,Scheme_95,,2012.0,gravity,other,other,private operator,parastatal,pay annually,other,soft,fluoride,insufficient,enough,well,shallow well,groundwater,cattle trough,other,functional needs repair
10409,34.37705915855291,-8.024775787896763,2013-01-24,World Bank,,Danida,Water_Point_409,,Lake Rukwa,Subvillage_74,Tanga,22,84,LGA_48,Ward_84,GeoData Consultants Ltd,Private operator,,,,other,motorpump,handpump,other,,other,pay monthly,soft,salty,insufficient,dry,spring,river,surface,other,cattle trough,non functional
10410,36.34016962333166,-10.14222996563364,2012-01-03,,1113.0,Dwe,Water_Point_410,,Wami / Ruvu,Subvillage_74,Rukwa,23,62,LGA_18,Ward_46,GeoData Consultants Ltd,Other,,False,1981.0,motorpump,other,other,wua,commercial,pay monthly,pay monthly,fluoride abandoned,fluoride,seasonal,enough,other,other,,hand pump,hand pump,functional
10411,36.76710254632491,-11.533796671925442,2011-04-10,District Council,2069.0,Wsdp,Water_Point_411,,Internal,Subvillage_51,Morogoro,2,49,LGA_10,Ward_30,GeoData Consultants Ltd,WUA,,,1979.0,other,other,handpump,vwc,other,pay monthly,other,colored,good,seasonal,insufficient,river,spring,surface,communal standpipe,communal standpipe,functional needs repair
10412,35.47867504695132,-5.294774858317233,2013-05-15,World Bank,2340.0,World Vision,Water_Point_412,5.0,Lake Victoria,Subvillage_58,Manyara,4,73,LGA_46,Ward_12,GeoData Consultants Ltd,,,,,motorpump,handpump,gravity,other,other,pay per bucket,pay per bucket,colored,milky,dry,insufficient,spring,shallow well,groundwater,improved spring,other,functional needs repair
10413,34.33272072628537,-4.530585721491861,2012-11-10,World Bank,1890.0,Rural Water Supply And Sanitation Programme,Water_Point_413,0.0,Internal,,Morogoro,3,93,LGA_47,Ward_119,GeoData Consultants Ltd,Water authority,,,1989.0,other,motorpump,gravity,,parastatal,pay annually,pay per bucket,soft,colored,seasonal,dry,other,borehole,surface,improved spring,other,non functional
10414,39.461284601908474,-7.705245182515794,2013-05-09,Tcrs,772.0,Wsdp,Water_Point_414,5.0,Lake Nyasa,Subvillage_34,Morogoro,17,42,LGA_14,Ward_33,GeoData Consultants Ltd,Private operator,,True,1970.0,motorpump,handpump,other,other,other,other,,,milky,enough,insufficient,river,spring,surface,communal standpipe,improved spring,non functional
10415,31.561718305791725,-2.903941196936753,2013-03-05,Tasaf,398.0,Rwssp,Water_Point_415,,Wami / Ruvu,Subvillage_2,Simiyu,25,5,LGA_7,Ward_86,GeoData Consultants Ltd,VWC,,False,1997.0,other,motorpump,handpump,,commercial,never pay,pay annually,colored,good,enough,insufficient,lake,lake,groundwater,cattle trough,,non functional
10416,36.63127095847508,-4.917527800141544,2011-03-14,Wsdp,1124.0,Wsdp,Water_Point_416,7.0,Lake Victoria,Subvillage_79,Manyara,13,50,LGA_24,Ward_37,GeoData Consultants Ltd,,,True,1962.0,handpump,other,handpump,wua,other,pay monthly,pay per bucket,milky,good,insufficient,enough,lake,shallow well,surface,communal standpipe,other,functional needs repair
10417,33.57446099910695,-9.815873085796312,2013-03-21,Kkkt,2274.0,Rwssp,Water_Point_417,1.0,Rufiji,Subvillage_6,Songwe,19,58,LGA_18,Ward_67,GeoData Consultants Ltd,WUA,,False,1986.0,other,,,water authority,commercial,,pay per bucket,,,dry,enough,lake,river,surface,communal standpipe,hand pump,functional
10418,33.74000675510131,-8.457577076332669,2012-05-28,Rwssp,1832.0,Danida,Water_Point_418,2.0,Pangani,Subvillage_72,Rukwa,24,21,LGA_41,Ward_22,GeoData Consultants Ltd,Water authority,,False,1971.0,handpump,gravity,handpump,water authority,parastatal,pay per bucket,never pay,fluoride,salty,dry,dry,river,other,surface,improved spring,,non functional
10419,30.659227482920617,-4.613324930065653,2011-12-12,Tasaf,449.0,Rural Water Supply And Sanitation Programme,Water_Point_419,,Rufiji,Subvillage_39,Mtwara,8,41,LGA_7,Ward_115,GeoData Consultants Ltd,Other,Scheme_82,False,,submersible,other,handpump,water authority,user-group,pay annually,pay annually,salty,milky,dry,enough,lake,river,surface,other,cattle trough,functional
10420,39.4241420167815,,2012-08-09,Danida,,,Water_Point_420,4.0,Lake Tanganyika,Subvillage_12,Kigoma,19,47,LGA_49,Ward_15,GeoData Consultants Ltd,Other,,,1973.0,submersible,other,gravity,vwc,parastatal,pay annually,other,,good,seasonal,dry,well,borehole,surface,communal standpipe,other,functional
10421,40.10011808431544,-5.993294587952859,2012-05-09,Wsdp,2236.0,Private individual,Water_Point_421,,Lake Nyasa,,Tabora,9,18,LGA_38,Ward_111,GeoData Consultants Ltd,Water authority,Scheme_68,True,1989.0,motorpump,handpump,other,other,other,other,never pay,salty,fluoride,seasonal,insufficient,borehole,other,surface,communal standpipe,improved spring,functional
10422,35.395955782572166,-9.42731008040903,2013-02-21,Rwssp,2245.0,Tasaf,Water_Point_422,1.0,Internal,Subvillage_22,Mwanza,18,10,LGA_46,Ward_149,GeoData Consultants Ltd,VWC,Scheme_67,True,1966.0,handpump,other,gravity,water authority,parastatal,other,pay per bucket,fluoride abandoned,good,dry,enough,lake,lake,groundwater,cattle trough,cattle trough,functional
10423,33.718606717893785,-2.2393259943698443,2012-09-21,Rural Water Supply And Sanitation Programme,122.0,Private individual,Water_Point_423,9.0,Lake Rukwa,,Singida,5,30,LGA_1,Ward_69,GeoData Consultants Ltd,Water authority,Scheme_29,False,2004.0,submersible,motorpump,gravity,water authority,user-group,,other,salty,fluoride,seasonal,enough,river,river,,other,cattle trough,functional needs repair
10424,32.660739950147075,-11.47441144611994,2012-12-21,Community,6292.795127454582,Community,Water_Point_424,3.0,Ruvuma / Southern Coast,Subvillage_91,Kigoma,12,18,LGA_35,Ward_15,GeoData Consultants Ltd,Other,,True,1980.0,gravity,other,gravity,,commercial,pay annually,pay monthly,fluoride,,dry,enough,lake,shallow well,surface,cattle trough,cattle trough,non functional
10425,36.18223066940783,-9.463959037928012,2012-03-29,,2340.0,Private individual,Water_Point_425,4.0,Ruvuma / Southern Coast,Subvillage_83,Rukwa,1,28,LGA_35,Ward_156,GeoData Consultants Ltd,Private operator,Scheme_41,False,1998.0,gravity,other,handpump,wua,other,other,pay per bucket,colored,milky,enough,dry,lake,lake,surface,other,cattle trough,functional needs repair
10426,35.59031257294471,-1.7022951176904204,2011-01-16,Danida,2347.0,Other,Water_Point_426,2.0,Wami / Ruvu,,Njombe,17,50,LGA_16,Ward_4,GeoData Consultants Ltd,VWC,,True,1998.0,other,,other,private operator,parastatal,pay per bucket,,fluoride,milky,dry,insufficient,well,borehole,surface,communal standpipe,other,functional
10427,38.31840431850798,-7.134327975725263,2011-07-16,,6017.651210435297,Hesawa,Water_Point_427,,Lake Tanganyika,Subvillage_26,Rukwa,17,95,LGA_37,Ward_125,GeoData Consultants Ltd,WUA,,True,1961.0,motorpump,gravity,motorpump,wua,parastatal,pay annually,other,milky,,seasonal,insufficient,spring,river,groundwater,improved spring,communal standpipe,functional
10428,37.91899564237603,-4.117646419278511,2013-01-19,Government Of Tanzania,2327.0,,Water_Point_428,,Wami / Ruvu,Subvillage_41,Pwani,20,44,LGA_16,Ward_149,GeoData Consultants Ltd,,Scheme_4,,1989.0,handpump,other,gravity,,other,pay annually,other,salty,good,,dry,well,lake,groundwater,cattle trough,cattle trough,non functional
10429,32.32137717242548,-9.177621200634592,2011-11-12,,2402.0,Government Of Tanzania,Water_Point_429,6.0,Lake Nyasa,Subvillage_9,Songwe,8,78,LGA_15,Ward_190,GeoData Consultants Ltd,VWC,Scheme_36,False,,gravity,motorpump,handpump,vwc,commercial,pay per bucket,pay monthly,soft,,seasonal,insufficient,river,borehole,groundwater,other,cattle trough,functional
10430,37.596444312596326,-8.981116306874842,2011-10-08,World Bank,1381.0,Unicef,Water_Point_430,3.0,Lake Rukwa,Subvillage_22,Dodoma,4,19,LGA_30,Ward_129,GeoData Consultants Ltd,Private operator,,False,1992.0,other,other,gravity,other,,pay per bucket,pay annually,milky,fluoride,dry,insufficient,river,,,cattle trough,cattle trough,functional
10431,35.017308752054156,-3.6476521687596133,2011-04-10,Kkkt,705.0,Tasaf,Water_Point_431,3.0,Rufiji,Subvillage_80,Pwani,21,93,LGA_44,Ward_60,GeoData Consultants Ltd,Water authority,Scheme_93,,,other,handpump,motorpump,vwc,other,pay annually,other,,salty,enough,insufficient,lake,lake,groundwater,cattle trough,improved spring,functional
10432,29.936723469445603,-3.203541582700309,2012-10-16,Community,267.0,,Water_Point_432,0.0,Lake Tanganyika,Subvillage_73,Iringa,3,29,LGA_21,Ward_35,GeoData Consultants Ltd,,,False,1980.0,motorpump,,gravity,private operator,commercial,pay monthly,never pay,milky,good,enough,dry,spring,river,groundwater,cattle trough,cattle trough,non functional
10433,39.86539632282508,-3.340175368446495,2012-04-26,Hesawa,1072.0,Unicef,Water_Point_433,8.0,Ruvuma / Southern Coast,,Morogoro,22,13,LGA_49,Ward_175,GeoData Consultants Ltd,Private operator,,,1999.0,gravity,handpump,handpump,vwc,commercial,other,never pay,colored,fluoride,seasonal,enough,spring,shallow well,surface,hand pump,communal standpipe,functional
10434,30.555206818190292,-7.1791025594594435,2013-01-12,Government Of Tanzania,1066.0,World Vision,Water_Point_434,2.0,Internal,Subvillage_20,Kilimanjaro,22,58,LGA_42,Ward_117,GeoData Consultants Ltd,Water authority,Scheme_61,,1961.0,motorpump,other,gravity,water authority,parastatal,pay per bucket,never pay,salty,milky,dry,enough,well,spring,surface,communal standpipe,improved spring,non functional
10435,40.336715533608,-4.041154279346241,2012-03-22,District Council,943.0,,Water_Point_435,1.0,Ruvuma / Southern Coast,Subvillage_12,Songwe,8,24,LGA_11,Ward_194,GeoData Consultants Ltd,WUA,Scheme_94,,,other,other,gravity,private operator,parastatal,other,pay monthly,fluoride,milky,insufficient,insufficient,,river,groundwater,other,hand pump,non functional
10436,35.063797326387366,-9.080099264977251,2013-05-08,World Vision,2272.0,Rural Water Supply And Sanitation Programme,Water_Point_436,0.0,Lake Nyasa,Subvillage_47,Tanga,15,10,LGA_16,Ward_13,GeoData Consultants Ltd,WUA,,,2002.0,submersible,gravity,motorpump,vwc,commercial,pay annually,pay annually,salty,salty,insufficient,enough,borehole,other,groundwater,,communal standpipe,functional
10437,34.757786360262976,-2.6706362156706778,2011-09-03,Kkkt,514.0,Tcrs,Water_Point_437,1.0,Lake Rukwa,Subvillage_7,Geita,2,38,LGA_5,Ward_82,GeoData Consultants Ltd,Other,Scheme_85,False,1994.0,other,motorpump,motorpump,vwc,other,never pay,other,fluoride,fluoride,insufficient,enough,lake,river,surface,communal standpipe,improved spring,non functional
10438,32.914447163947564,-2.2739763846917533,2012-02-12,Rural Water Supply And Sanitation Programme,636.0,,Water_Point_438,,Wami / Ruvu,Subvillage_3,Katavi,16,44,LGA_17,Ward_158,GeoData Consultants Ltd,Water authority,,,1968.0,submersible,gravity,handpump,private operator,other,pay annually,pay per bucket,,milky,enough,enough,other,other,surface,other,cattle trough,functional
10439,39.23664040001871,-3.172673226713888,2012-04-08,Tcrs,1776.0,Wsdp,Water_Point_439,,Rufiji,Subvillage_46,Iringa,13,96,LGA_17,Ward_67,GeoData Consultants Ltd,Other,Scheme_89,True,,other,gravity,motorpump,private operator,parastatal,pay per bucket,pay per bucket,soft,salty,dry,insufficient,other,spring,groundwater,improved spring,communal standpipe,functional needs repair
10440,34.54874281095608,-2.668104798402707,2012-03-05,Private individual,797.0,,Water_Point_440,8.0,Internal,Subvillage_67,Katavi,24,18,LGA_49,Ward_5,GeoData Consultants Ltd,Water authority,,,,submersible,,gravity,vwc,other,pay per bucket,pay annually,fluoride,milky,insufficient,dry,spring,lake,surface,other,other,functional needs repair
10441,39.47802732409025,-8.8007167736089,2013-09-10,Community,1049.0,Oxfam,Water_Point_441,8.0,Lake Nyasa,,Iringa,3,22,LGA_48,Ward_85,GeoData Consultants Ltd,,Scheme_49,True,1966.0,handpump,handpump,gravity,other,commercial,pay monthly,,fluoride abandoned,salty,enough,insufficient,lake,other,groundwater,improved spring,communal standpipe,non functional
10442,39.48885975178907,-9.580078512351392,2011-02-02,Government Of Tanzania,2389.0,Oxfam,Water_Point_442,,Lake Victoria,,Kilimanjaro,13,70,LGA_43,Ward_70,GeoData Consultants Ltd,VWC,,,,submersible,other,gravity,,commercial,pay annually,other,colored,milky,seasonal,enough,lake,borehole,groundwater,other,hand pump,functional needs repair
10443,,-11.128257579228142,2012-11-10,Community,2195.0,Kkkt,Water_Point_443,8.0,Lake Victoria,Subvillage_99,Simiyu,6,7,LGA_9,Ward_101,GeoData Consultants Ltd,WUA,Scheme_20,,1994.0,motorpump,motorpump,motorpump,private operator,parastatal,pay annually,,salty,milky,dry,enough,lake,spring,surface,other,communal standpipe,functional
10444,30.50159330404636,-4.383239156895777,2013-04-06,Oxfam,1730.0,Kkkt,Water_Point_444,,Lake Rukwa,Subvillage_29,Iringa,4,14,LGA_44,Ward_146,GeoData Consultants Ltd,,,False,2010.0,motorpump,handpump,other,wua,parastatal,pay monthly,never pay,colored,salty,insufficient,dry,lake,spring,groundwater,improved spring,other,non functional
10445,36.024019102752185,-3.7832738472823584,2013-05-05,Hesawa,29.0,Tasaf,Water_Point_445,0.0,Wami / Ruvu,Subvillage_93,Mbeya,21,19,LGA_23,Ward_111,GeoData Consultants Ltd,VWC,,False,1964.0,motorpump,other,handpump,other,user-group,other,,,milky,dry,dry,lake,lake,groundwater,other,other,functional
10446,32.740676406279576,-8.750735738554775,2011-04-30,Unicef,1949.0,District Council,Water_Point_446,,Internal,Subvillage_65,Ruvuma,24,91,LGA_18,Ward_186,GeoData Consultants Ltd,,,True,,gravity,gravity,gravity,,user-group,pay monthly,other,colored,salty,seasonal,dry,spring,other,surface,cattle trough,communal standpipe,functional
10447,38.39052291200123,-1.6325714553051611,2011-08-12,,2426.0,,Water_Point_447,,Lake Victoria,Subvillage_77,Morogoro,25,23,LGA_47,Ward_5,GeoData Consultants Ltd,Other,Scheme_5,True,1986.0,motorpump,other,gravity,other,other,pay monthly,never pay,fluoride abandoned,milky,dry,dry,other,shallow well,groundwater,other,improved spring,functional needs repair
10448,38.84301646746851,-7.986421809788647,2011-08-30,Unicef,1740.0,Government Of Tanzania,Water_Point_448,,Ruvuma / Southern Coast,Subvillage_87,Songwe,16,27,LGA_47,Ward_64,GeoData Consultants Ltd,VWC,Scheme_70,True,1989.0,motorpump,other,motorpump,water authority,parastatal,pay per bucket,pay annually,soft,fluoride,seasonal,dry,other,lake,groundwater,other,other,functional needs repair
10449,37.49540771281764,-5.7364772338067995,2011-12-26,Tcrs,2167.0,,Water_Point_449,6.0,Lake Nyasa,Subvillage_5,Geita,9,92,LGA_22,Ward_93,GeoData Consultants Ltd,Private operator,Scheme_63,,1969.0,other,gravity,motorpump,,user-group,never pay,pay monthly,salty,colored,seasonal,dry,other,lake,surface,other,cattle trough,non functional
10450,33.69015202676377,-7.152567761282758,2013-04-27,Rural Water Supply And Sanitation Programme,2492.0,Other,Water_Point_450,5.0,Lake Rukwa,Subvillage_3,Shinyanga,21,8,LGA_28,Ward_187,GeoData Consultants Ltd,Water authority,Scheme_16,True,1998.0,other,other,gravity,water authority,other,pay monthly,other,fluoride,milky,insufficient,dry,spring,spring,groundwater,other,communal standpipe,functional needs repair
10451,36.56465704779612,-3.792040385161778,2011-04-29,Rwssp,1672.0,Rural Water Supply And Sanitation Programme,Water_Point_451,,Internal,Subvillage_15,Iringa,8,47,LGA_37,Ward_148,GeoData Consultants Ltd,,,True,,other,other,motorpump,other,user-group,,pay annually,fluoride abandoned,milky,insufficient,dry,lake,spring,surface,communal standpipe,other,functional
10452,39.831246182017146,-10.461421966561941,2011-04-03,Dwe,1996.0,Tasaf,Water_Point_452,2.0,Lake Tanganyika,Subvillage_2,Njombe,5,83,LGA_33,Ward_103,GeoData Consultants Ltd,VWC,Scheme_28,False,1979.0,motorpump,handpump,other,water authority,commercial,pay annually,other,fluoride abandoned,fluoride,insufficient,enough,river,lake,surface,hand pump,cattle trough,functional needs repair
10453,35.664680422365635,-4.076387528534412,2012-02-03,,1399.0,Dwe,Water_Point_453,1.0,Wami / Ruvu,Subvillage_90,Dodoma,21,43,LGA_18,Ward_26,GeoData Consultants Ltd,VWC,,False,2001.0,submersible,gravity,gravity,other,other,other,pay annually,colored,good,dry,enough,lake,borehole,surface,hand pump,cattle trough,functional
10454,38.15859987086243,-11.070679714036661,2011-07-08,,1516.0,,Water_Point_454,3.0,Ruvuma / Southern Coast,Subvillage_97,Njombe,9,48,LGA_47,Ward_178,GeoData Consultants Ltd,Private operator,,False,1971.0,handpump,motorpump,handpump,private operator,parastatal,pay monthly,pay per bucket,fluoride abandoned,milky,dry,insufficient,spring,spring,surface,communal standpipe,other,functional needs repair
10455,37.62525518945948,-5.526633086790345,2012-06-02,Dwe,2366.0,Wsdp,Water_Point_455,5.0,Ruvuma / Southern Coast,Subvillage_51,Songwe,1,54,LGA_30,Ward_72,GeoData Consultants Ltd,WUA,,,1990.0,motorpump,motorpump,other,other,,other,pay monthly,salty,fluoride,dry,insufficient,other,river,,cattle trough,cattle trough,functional
10456,36.27588862547384,-4.738980816084674,2012-05-28,Dwe,2428.0,,Water_Point_456,3.0,Rufiji,,Manyara,24,82,LGA_27,Ward_101,GeoData Consultants Ltd,Water authority,Scheme_49,True,,submersible,gravity,other,vwc,parastatal,other,pay annually,colored,milky,seasonal,enough,,shallow well,surface,cattle trough,improved spring,functional
10457,37.15261216998347,-8.07908821436129,2013-01-01,World Bank,753.0,Tcrs,Water_Point_457,3.0,Pangani,Subvillage_41,Shinyanga,15,56,LGA_31,Ward_189,GeoData Consultants Ltd,,,,2001.0,motorpump,,other,other,other,,pay annually,fluoride,colored,dry,dry,well,shallow well,groundwater,improved spring,improved spring,functional needs repair
10458,40.276217459827976,-2.980533821337948,2012-08-15,,1076.0,,Water_Point_458,8.0,Lake Victoria,Subvillage_10,Lindi,18,25,LGA_42,Ward_41,GeoData Consultants Ltd,,,,,submersible,,gravity,other,parastatal,pay monthly,,fluoride abandoned,fluoride,enough,dry,borehole,shallow well,surface,hand pump,improved spring,functional
10459,35.83181252504448,-8.502936104002066,2011-04-18,Danida,792.0,Private individual,Water_Point_459,4.0,Rufiji,Subvillage_9,Tabora,3,69,LGA_26,Ward_127,GeoData Consultants Ltd,WUA,,,1982.0,handpump,gravity,,private operator,user-group,pay annually,pay monthly,milky,good,dry,enough,other,spring,surface,communal standpipe,hand pump,functional needs repair
10460,32.82072084533888,-9.113278812659104,2011-01-03,Other,2163.0,Hesawa,Water_Point_460,,Rufiji,Subvillage_72,Mwanza,4,15,LGA_47,Ward_58,GeoData Consultants Ltd,,,,,motorpump,other,handpump,private operator,commercial,pay monthly,,soft,fluoride,dry,insufficient,river,spring,groundwater,improved spring,communal standpipe,non functional
10461,36.25639827345689,-7.439984428926759,2011-08-14,,1891.0,World Vision,Water_Point_461,2.0,Lake Tanganyika,Subvillage_12,Geita,11,27,LGA_23,Ward_161,GeoData Consultants Ltd,Private operator,,False,1988.0,gravity,other,other,vwc,user-group,other,pay annually,fluoride,good,dry,,other,borehole,groundwater,communal standpipe,hand pump,non functional
10462,29.990916974116274,-5.819549891150453,2011-11-12,Kkkt,907.0,,Water_Point_462,9.0,Internal,Subvillage_23,Lindi,10,74,LGA_10,Ward_103,GeoData Consultants Ltd,VWC,,False,,gravity,gravity,handpump,private operator,other,pay monthly,other,salty,milky,seasonal,enough,well,spring,surface,other,other,functional
10463,37.49005811924107,-0.9855326465937662,2012-05-21,,715.0,Dwe,Water_Point_463,,Internal,,Mara,10,93,LGA_9,Ward_33,GeoData Consultants Ltd,Water authority,,True,1975.0,other,other,motorpump,vwc,commercial,never pay,never pay,colored,,seasonal,dry,spring,other,surface,improved spring,communal standpipe,non functional
10464,31.77948327297995,-5.955671356322221,2012-02-10,,178.0,World Vision,Water_Point_464,4.0,Rufiji,Subvillage_81,Mbeya,23,46,LGA_29,Ward_68,GeoData Consultants Ltd,,Scheme_68,,2008.0,other,handpump,other,private operator,user-group,never pay,never pay,fluoride abandoned,,enough,dry,other,shallow well,groundwater,other,communal standpipe,functional needs repair
10465,36.53008906739338,-1.0224015924383263,2013-03-04,Other,2280.0,Unicef,Water_Point_465,,Lake Rukwa,Subvillage_89,Njombe,18,22,LGA_47,Ward_72,GeoData Consultants Ltd,Private operator,Scheme_67,False,,handpump,other,other,vwc,user-group,never pay,other,colored,milky,dry,dry,well,lake,groundwater,hand pump,other,non functional
10466,33.62092318146976,-6.131006742577539,2011-09-03,World Vision,1916.0,Other,Water_Point_466,0.0,Lake Rukwa,Subvillage_93,Pwani,5,44,LGA_32,Ward_3,GeoData Consultants Ltd,,,True,,handpump,handpump,motorpump,private operator,user-group,other,other,,milky,,insufficient,other,shallow well,groundwater,communal standpipe,improved spring,functional
10467,37.08158560662438,-6.823356761980133,2011-04-18,,127.0,Unicef,Water_Point_467,,Internal,Subvillage_37,Iringa,9,77,LGA_28,Ward_49,GeoData Consultants Ltd,Other,,False,,gravity,handpump,handpump,water authority,other,pay per bucket,other,soft,colored,dry,enough,other,lake,groundwater,cattle trough,hand pump,non functional
10468,34.86859470923846,-8.617548338527579,2011-08-26,Private individual,,World Vision,Water_Point_468,4.0,Internal,Subvillage_11,Morogoro,13,18,LGA_29,Ward_148,GeoData Consultants Ltd,,,False,,handpump,handpump,gravity,water authority,commercial,other,pay per bucket,fluoride,fluoride,dry,insufficient,river,shallow well,surface,cattle trough,cattle trough,functional
10469,39.213307034574335,-5.608547777692704,2013-01-01,Rwssp,2174.0,,Water_Point_469,8.0,Lake Rukwa,Subvillage_61,Mtwara,21,68,LGA_49,Ward_198,GeoData Consultants Ltd,WUA,,False,,motorpump,handpump,handpump,wua,parastatal,other,,fluoride abandoned,,insufficient,dry,borehole,lake,groundwater,hand pump,other,functional
10470,36.007598300171914,-4.466391607115145,2011-05-08,Unicef,1835.0,Tcrs,Water_Point_470,,Wami / Ruvu,Subvillage_13,Singida,16,53,LGA_35,Ward_100,GeoData Consultants Ltd,Water authority,,,2011.0,other,motorpump,gravity,private operator,other,pay per bucket,other,milky,,dry,insufficient,river,shallow well,groundwater,hand pump,communal standpipe,functional
10471,31.12162275849463,-5.261803492574276,2011-10-21,Rwssp,130.0,Private individual,Water_Point_471,5.0,Lake Rukwa,Subvillage_19,Kilimanjaro,16,91,LGA_46,Ward_188,GeoData Consultants Ltd,Water authority,,,1980.0,other,handpump,gravity,wua,commercial,other,,soft,milky,seasonal,insufficient,river,river,surface,cattle trough,improved spring,non functional
10472,37.332613164152455,-8.035950057910767,2012-12-02,Government Of Tanzania,2150.0,Hesawa,Water_Point_472,,Ruvuma / Southern Coast,Subvillage_89,Manyara,3,48,LGA_10,Ward_87,GeoData Consultants Ltd,Water authority,,True,1963.0,other,gravity,motorpump,,other,pay monthly,,soft,fluoride,dry,insufficient,lake,spring,groundwater,cattle trough,cattle trough,functional needs repair
10473,34.98366399480414,-8.97298137035235,2013-04-22,Tasaf,591.0,Tasaf,Water_Point_473,6.0,Lake Nyasa,Subvillage_44,Shinyanga,16,97,LGA_39,Ward_35,GeoData Consultants Ltd,Other,Scheme_67,True,,,motorpump,motorpump,vwc,user-group,other,pay per bucket,soft,fluoride,insufficient,enough,river,river,surface,hand pump,hand pump,non functional
10474,29.751759749239046,-8.009192404111426,2013-07-10,World Vision,775.0,Oxfam,,3.0,Lake Victoria,Subvillage_96,Rukwa,12,64,LGA_37,Ward_93,GeoData Consultants Ltd,Water authority,,False,1966.0,handpump,other,gravity,wua,parastatal,other,pay per bucket,fluoride abandoned,,enough,enough,spring,other,surface,cattle trough,other,functional needs repair
10475,30.301968781013798,-1.3528164041945292,2012-04-13,,372.0,Dwe,Water_Point_475,,Internal,Subvillage_73,Songwe,2,66,LGA_21,Ward_86,GeoData Consultants Ltd,WUA,,,,handpump,other,motorpump,other,commercial,other,pay monthly,milky,good,dry,dry,borehole,other,groundwater,,hand pump,functional needs repair
10476,36.46913401221795,-2.0102169399320786,2011-09-15,Private individual,220.0,Community,Water_Point_476,7.0,Lake Nyasa,Subvillage_42,Dar es Salaam,22,67,LGA_14,Ward_64,GeoData Consultants Ltd,Other,,,1996.0,submersible,motorpump,other,water authority,commercial,never pay,pay monthly,milky,fluoride,insufficient,dry,river,other,groundwater,cattle trough,cattle trough,functional
10477,33.94689120391675,,2012-01-18,,1295.0,District Council,Water_Point_477,,Rufiji,Subvillage_57,Tabora,25,70,LGA_46,Ward_144,GeoData Consultants Ltd,Other,,,1978.0,handpump,other,handpump,wua,user-group,never pay,,salty,fluoride,insufficient,,other,spring,surface,other,communal standpipe,functional needs repair
10478,36.30724470605653,-5.294243363747666,2013-04-15,Tasaf,1327.0,Wsdp,Water_Point_478,,Lake Victoria,Subvillage_68,Tanga,5,8,LGA_42,Ward_49,GeoData Consultants Ltd,,,False,2009.0,handpump,handpump,other,water authority,other,pay monthly,pay annually,milky,,dry,insufficient,borehole,borehole,surface,improved spring,cattle trough,non functional
10479,32.6213572779467,-5.6885689900099745,2013-03-03,Rwssp,,,Water_Point_479,,Rufiji,Subvillage_63,Morogoro,13,6,LGA_12,Ward_175,GeoData Consultants Ltd,Other,Scheme_84,,1981.0,handpump,gravity,other,private operator,other,pay monthly,other,colored,good,seasonal,dry,river,,surface,cattle trough,cattle trough,functional
10480,29.281590273264943,-1.5860642272113843,2013-07-08,Community,799.0,Dwe,Water_Point_480,9.0,Wami / Ruvu,,Shinyanga,1,32,LGA_19,Ward_125,GeoData Consultants Ltd,WUA,,False,,other,motorpump,gravity,other,other,pay monthly,pay per bucket,salty,colored,insufficient,insufficient,river,borehole,surface,cattle trough,hand pump,functional needs repair
10481,33.72681178649708,-2.136571715265486,2012-12-30,Oxfam,,World Bank,Water_Point_481,2.0,Lake Nyasa,Subvillage_85,Lindi,20,69,LGA_21,Ward_155,GeoData Consultants Ltd,Other,,,1996.0,submersible,handpump,motorpump,private operator,user-group,never pay,pay per bucket,salty,fluoride,seasonal,dry,river,other,groundwater,other,improved spring,non functional
10482,35.3845768959019,-7.377227866205629,2012-01-29,World Vision,1238.0,Other,Water_Point_482,9.0,Wami / Ruvu,,Mtwara,4,82,LGA_31,Ward_17,GeoData Consultants Ltd,VWC,Scheme_59,True,,,other,motorpump,private operator,parastatal,pay monthly,pay monthly,soft,milky,insufficient,dry,spring,shallow well,groundwater,communal standpipe,hand pump,non functional
10483,34.226647423052725,-9.634955421498056,2011-12-03,Private individual,6.0,Government Of Tanzania,Water_Point_483,6.0,Wami / Ruvu,Subvillage_33,Iringa,16,62,LGA_38,Ward_139,GeoData Consultants Ltd,VWC,,,1997.0,handpump,handpump,gravity,private operator,user-group,pay monthly,never pay,,salty,enough,insufficient,river,lake,groundwater,other,cattle trough,functional
10484,29.199686872676875,-5.889053978470372,2011-01-15,District Council,1555.0,District Council,Water_Point_484,,Lake Nyasa,Subvillage_76,Njombe,23,37,LGA_14,Ward_121,GeoData Consultants Ltd,,Scheme_73,True,,gravity,motorpump,motorpump,private operator,other,pay annually,pay annually,salty,colored,dry,insufficient,river,shallow well,groundwater,hand pump,other,functional
10485,40.103789555780374,-2.508900340555382,2012-07-11,Tcrs,,Rwssp,Water_Point_485,1.0,Lake Rukwa,Subvillage_21,Mtwara,12,93,LGA_24,Ward_33,GeoData Consultants Ltd,WUA,,True,2011.0,submersible,other,other,water authority,commercial,pay annually,never pay,colored,fluoride,seasonal,insufficient,borehole,lake,surface,improved spring,cattle trough,functional needs repair
10486,33.40063046277731,-8.602119687636428,2013-09-01,Wsdp,1046.0,Tcrs,Water_Point_486,7.0,Ruvuma / Southern Coast,Subvillage_48,Kigoma,14,47,LGA_31,Ward_48,GeoData Consultants Ltd,Water authority,,True,1996.0,other,,handpump,vwc,parastatal,pay annually,never pay,salty,milky,insufficient,dry,spring,other,surface,hand pump,hand pump,non functional
10487,,-1.7374614580394407,2013-05-07,Community,1693.0,,Water_Point_487,0.0,Ruvuma / Southern Coast,Subvillage_82,Kigoma,14,14,LGA_45,Ward_97,GeoData Consultants Ltd,Water authority,Scheme_48,True,,other,handpump,gravity,water authority,commercial,pay annually,other,fluoride,colored,insufficient,insufficient,other,spring,groundwater,cattle trough,hand pump,non functional
10488,37.485014264453554,-0.9559068778363908,2011-11-03,District Council,590.0,Dwe,Water_Point_488,2.0,Lake Victoria,Subvillage_64,Mbeya,9,66,LGA_41,Ward_136,GeoData Consultants Ltd,Other,Scheme_42,True,2007.0,gravity,motorpump,handpump,vwc,parastatal,pay per bucket,pay per bucket,fluoride abandoned,,enough,,other,lake,groundwater,hand pump,other,non functional
10489,35.11000522261123,-6.333777112107798,2012-01-19,Other,1604.0,Community,Water_Point_489,,Lake Rukwa,Subvillage_23,Arusha,20,37,LGA_5,Ward_148,GeoData Consultants Ltd,,Scheme_70,,1993.0,gravity,gravity,other,,other,other,pay per bucket,colored,fluoride,enough,insufficient,borehole,shallow well,surface,hand pump,cattle trough,non functional
10490,36.38554927182013,-11.27123429902193,2013-09-16,Government Of Tanzania,19.0,Unicef,Water_Point_490,4.0,Lake Tanganyika,Subvillage_39,Kigoma,6,74,LGA_42,Ward_58,GeoData Consultants Ltd,WUA,Scheme_39,True,2008.0,gravity,other,motorpump,water authority,user-group,pay monthly,pay annually,soft,good,insufficient,insufficient,lake,lake,groundwater,communal standpipe,improved spring,non functional
10491,36.563976408355934,-5.546495062370911,2013-02-06,,712.0,Government Of Tanzania,,4.0,Lake Nyasa,,Kigoma,16,74,LGA_31,Ward_14,GeoData Consultants Ltd,Private operator,,,,submersible,gravity,,water authority,other,never pay,other,fluoride abandoned,colored,enough,insufficient,other,lake,,communal standpipe,communal standpipe,functional
10492,31.52722417669854,-6.988174099024684,2012-04-17,Hesawa,875.0,,Water_Point_492,5.0,Wami / Ruvu,Subvillage_38,Lindi,18,96,LGA_17,Ward_58,GeoData Consultants Ltd,,,False,1984.0,submersible,motorpump,gravity,water authority,other,pay annually,pay annually,fluoride,milky,dry,dry,borehole,,groundwater,communal standpipe,hand pump,non functional
10493,30.95557376836908,-10.41662733351926,2013-04-24,Wsdp,1963.0,Tcrs,,3.0,Rufiji,Subvillage_95,Dodoma,22,4,LGA_47,Ward_122,GeoData Consultants Ltd,Water authority,Scheme_36,True,2004.0,submersible,other,gravity,vwc,user-group,,pay annually,,milky,seasonal,dry,other,spring,groundwater,communal standpipe,hand pump,functional
10494,34.61309429654188,-10.501122754659134,2012-01-11,World Bank,1783.0,Community,Water_Point_494,6.0,Wami / Ruvu,Subvillage_76,Kigoma,1,2,LGA_10,Ward_98,GeoData Consultants Ltd,,,,1971.0,submersible,gravity,gravity,wua,user-group,pay per bucket,pay monthly,fluoride,fluoride,seasonal,dry,river,shallow well,surface,communal standpipe,improved spring,functional needs repair
10495,31.900898585432824,-5.79063663103223,2012-11-10,Hesawa,1548.0,District Council,Water_Point_495,6.0,Lake Rukwa,Subvillage_97,Simiyu,10,28,LGA_30,Ward_117,GeoData Consultants Ltd,Other,,False,1967.0,other,other,other,water authority,parastatal,never pay,pay annually,soft,,dry,dry,spring,lake,surface,other,communal standpipe,functional
10496,29.309308468633855,-3.040470390623719,2011-11-16,,48.0,Other,Water_Point_496,,Ruvuma / Southern Coast,Subvillage_33,Kigoma,5,89,LGA_25,Ward_103,GeoData Consultants Ltd,,,,1983.0,other,gravity,gravity,wua,commercial,pay annually,pay annually,,milky,insufficient,,well,river,surface,other,cattle trough,functional
10497,30.767477047103792,-5.954538931525563,2013-06-14,Unicef,2396.0,District Council,Water_Point_497,7.0,Lake Rukwa,Subvillage_73,Manyara,17,41,LGA_1,Ward_168,GeoData Consultants Ltd,Water authority,Scheme_81,,,other,motorpump,motorpump,water authority,other,pay monthly,pay annually,colored,fluoride,insufficient,enough,spring,spring,surface,hand pump,improved spring,functional
10498,38.68351679063498,-3.9219779455683748,2012-05-25,Government Of Tanzania,1288.0,Wsdp,Water_Point_498,,Ruvuma / Southern Coast,Subvillage_48,Katavi,6,52,LGA_23,Ward_46,GeoData Consultants Ltd,Private operator,Scheme_50,True,2000.0,handpump,gravity,other,wua,other,other,pay monthly,milky,salty,seasonal,insufficient,river,other,surface,hand pump,improved spring,functional
10499,35.56058387510761,-8.658419370309158,2012-08-05,Hesawa,1976.0,Dwe,Water_Point_499,,Rufiji,Subvillage_22,Shinyanga,1,47,LGA_24,Ward_143,GeoData Consultants Ltd,,Scheme_15,True,2007.0,motorpump,gravity,gravity,other,user-group,pay per bucket,other,salty,salty,enough,enough,lake,borehole,surface,communal standpipe,communal standpipe,functional
10500,32.389357012368286,-4.988448308241038,2011-12-23,Wsdp,2153.0,Other,Water_Point_500,8.0,Lake Nyasa,Subvillage_27,Mtwara,3,55,LGA_9,Ward_18,GeoData Consultants Ltd,Other,,,1999.0,other,other,gravity,other,user-group,other,pay monthly,milky,fluoride,insufficient,dry,lake,other,surface,other,other,non functional
10501,37.19820221410658,-8.651514673317497,2012-12-11,Rural Water Supply And Sanitation Programme,1158.0,Danida,Water_Point_501,2.0,Lake Victoria,Subvillage_87,Mara,16,46,LGA_32,Ward_81,GeoData Consultants Ltd,Private operator,Scheme_23,False,,submersible,gravity,handpump,water authority,parastatal,pay annually,never pay,salty,fluoride,seasonal,enough,borehole,other,surface,improved spring,communal standpipe,functional needs repair
10502,32.59409064067617,-10.209072831263974,2012-10-03,Unicef,1617.0,World Vision,Water_Point_502,5.0,Lake Nyasa,Subvillage_56,Lindi,25,81,LGA_42,Ward_120,GeoData Consultants Ltd,Water authority,Scheme_86,False,1996.0,other,gravity,other,wua,other,pay monthly,other,milky,colored,insufficient,dry,lake,borehole,groundwater,cattle trough,improved spring,functional needs repair
10503,30.27575937012658,-6.711204287022954,2013-01-22,Government Of Tanzania,321.0,Danida,Water_Point_503,3.0,Wami / Ruvu,Subvillage_60,Manyara,4,93,LGA_30,Ward_141,GeoData Consultants Ltd,,,False,1989.0,motorpump,motorpump,other,other,commercial,pay per bucket,pay per bucket,milky,salty,insufficient,dry,spring,other,surface,communal standpipe,hand pump,non functional
10504,31.132459276154414,-5.361108706365878,2011-04-13,Kkkt,2021.0,Tcrs,,8.0,Lake Victoria,Subvillage_59,Kilimanjaro,18,75,LGA_5,Ward_95,GeoData Consultants Ltd,,,True,1999.0,gravity,other,handpump,other,other,never pay,never pay,salty,salty,insufficient,enough,well,shallow well,groundwater,cattle trough,other,functional needs repair
10505,32.254658735430894,-7.746390874009279,2011-06-05,Community,596.0,,Water_Point_505,,Lake Rukwa,Subvillage_98,Njombe,14,20,LGA_39,Ward_175,GeoData Consultants Ltd,Private operator,Scheme_6,,,submersible,motorpump,handpump,water authority,,pay annually,other,fluoride,,seasonal,dry,well,shallow well,groundwater,improved spring,cattle trough,functional needs repair
10506,,-6.605759111549442,2012-05-21,Private individual,494.0,Kkkt,Water_Point_506,3.0,Lake Rukwa,Subvillage_97,Dodoma,14,43,LGA_12,Ward_171,GeoData Consultants Ltd,,,,1986.0,submersible,other,,other,other,other,pay annually,,colored,insufficient,dry,well,lake,groundwater,communal standpipe,improved spring,functional needs repair
10507,31.932412558725915,-6.888488200744022,2011-02-09,Government Of Tanzania,321.0,Unicef,Water_Point_507,7.0,Rufiji,Subvillage_37,Kilimanjaro,5,73,LGA_27,Ward_32,GeoData Consultants Ltd,WUA,,,1970.0,submersible,motorpump,gravity,vwc,commercial,pay monthly,pay monthly,fluoride,fluoride,enough,dry,well,other,groundwater,hand pump,hand pump,functional
10508,39.2866527660601,-7.225930542495851,2012-09-29,Private individual,15.0,Rural Water Supply And Sanitation Programme,,,Ruvuma / Southern Coast,Subvillage_3,Shinyanga,19,37,LGA_5,Ward_175,GeoData Consultants Ltd,Water authority,,False,,submersible,motorpump,other,water authority,,pay annually,pay per bucket,milky,good,insufficient,,borehole,borehole,surface,cattle trough,other,functional
10509,35.82328812885867,-11.592502198850113,2013-07-29,Oxfam,1073.0,Other,Water_Point_509,7.0,Pangani,Subvillage_91,Dar es Salaam,17,25,LGA_38,Ward_42,GeoData Consultants Ltd,Private operator,,True,1985.0,gravity,handpump,motorpump,private operator,user-group,pay monthly,other,fluoride abandoned,fluoride,insufficient,insufficient,well,other,surface,improved spring,cattle trough,non functional
10510,39.13061793951474,-8.776075505202428,2011-06-19,Hesawa,,Hesawa,Water_Point_510,,Internal,Subvillage_66,Katavi,22,27,LGA_22,Ward_116,GeoData Consultants Ltd,Water authority,,True,1976.0,handpump,motorpump,motorpump,wua,user-group,pay annually,never pay,fluoride,fluoride,insufficient,insufficient,spring,river,surface,other,cattle trough,non functional
10511,31.811892774731533,-9.766982622703994,2012-04-19,Kkkt,1354.0,Wsdp,Water_Point_511,,Pangani,Subvillage_46,Tanga,2,5,LGA_46,Ward_79,GeoData Consultants Ltd,Water authority,Scheme_72,,1997.0,gravity,motorpump,gravity,wua,parastatal,,never pay,colored,fluoride,insufficient,dry,lake,other,surface,other,improved spring,functional
10512,40.39912713001918,-5.324095904900471,2013-08-07,Rwssp,421.0,,Water_Point_512,,Lake Nyasa,Subvillage_3,Kagera,16,96,LGA_1,Ward_117,GeoData Consultants Ltd,,Scheme_12,,2012.0,motorpump,motorpump,handpump,private operator,parastatal,pay monthly,pay monthly,soft,colored,insufficient,enough,river,shallow well,groundwater,cattle trough,cattle trough,functional
10513,39.700653651578996,-3.7327932097674426,2011-06-29,Danida,15.0,Rural Water Supply And Sanitation Programme,Water_Point_513,,Lake Nyasa,Subvillage_52,Dodoma,12,30,LGA_23,Ward_79,GeoData Consultants Ltd,WUA,Scheme_75,False,,gravity,handpump,handpump,private operator,other,pay annually,never pay,fluoride,milky,seasonal,dry,borehole,,surface,hand pump,hand pump,functional
10514,36.80281010850756,-6.192449755851983,2011-07-29,World Bank,1654.0,,Water_Point_514,,Pangani,Subvillage_27,Ruvuma,10,75,LGA_30,Ward_3,GeoData Consultants Ltd,Other,,True,,submersible,other,handpump,,parastatal,pay annually,pay per bucket,soft,fluoride,enough,enough,spring,other,groundwater,,other,non functional
10515,39.94371309645057,-5.066667407815729,2013-08-21,Danida,1837.0,Unicef,Water_Point_515,0.0,Internal,Subvillage_29,Iringa,9,96,LGA_21,Ward_102,GeoData Consultants Ltd,Water authority,,True,1993.0,motorpump,handpump,gravity,other,user-group,never pay,pay monthly,salty,milky,insufficient,enough,spring,borehole,groundwater,improved spring,hand pump,functional
10516,34.158544625053764,-8.61555687416848,2012-02-04,Tasaf,416.0,Private individual,Water_Point_516,,Lake Victoria,Subvillage_84,Mwanza,1,68,LGA_3,Ward_105,GeoData Consultants Ltd,,,False,1979.0,gravity,motorpump,gravity,water authority,user-group,other,,soft,salty,dry,insufficient,spring,lake,surface,hand pump,cattle trough,non functional
10517,30.739263405240987,-5.441805317318234,2011-04-25,Rwssp,919.0,Kkkt,Water_Point_517,9.0,Rufiji,Subvillage_61,Dar es Salaam,3,22,LGA_17,Ward_139,GeoData Consultants Ltd,Other,Scheme_49,False,,submersible,motorpump,gravity,private operator,user-group,other,pay annually,fluoride abandoned,milky,enough,insufficient,spring,river,surface,hand pump,improved spring,non functional
10518,33.10905889819258,-6.338552193767365,2013-03-04,Tcrs,854.0,Community,Water_Point_518,2.0,Lake Victoria,Subvillage_7,Tabora,24,89,LGA_35,Ward_26,GeoData Consultants Ltd,,Scheme_47,,2009.0,motorpump,other,,water authority,parastatal,,pay per bucket,,salty,enough,dry,borehole,river,surface,hand pump,communal standpipe,functional
10519,30.771033045621447,-10.958197978595678,2011-05-31,Community,700.0,World Bank,Water_Point_519,1.0,Rufiji,Subvillage_32,Mtwara,22,10,LGA_29,Ward_139,GeoData Consultants Ltd,Other,,,1976.0,gravity,gravity,handpump,vwc,parastatal,other,,fluoride abandoned,milky,,enough,borehole,borehole,groundwater,improved spring,cattle trough,non functional
10520,32.558112654922404,-2.617881782612347,2011-01-07,Tcrs,1812.0,Tasaf,Water_Point_520,1.0,Wami / Ruvu,Subvillage_13,Morogoro,12,65,LGA_18,Ward_122,GeoData Consultants Ltd,Private operator,Scheme_60,False,1972.0,gravity,other,motorpump,private operator,user-group,pay monthly,never pay,fluoride abandoned,colored,dry,dry,lake,lake,groundwater,communal standpipe,other,functional
10521,34.1560262309699,-9.765922386434994,2012-10-03,,1721.0,Rural Water Supply And Sanitation Programme,Water_Point_521,2.0,Lake Victoria,Subvillage_51,Kagera,9,13,LGA_30,Ward_154,GeoData Consultants Ltd,,,True,2009.0,submersible,other,handpump,other,parastatal,other,never pay,soft,colored,,dry,other,river,surface,improved spring,cattle trough,functional
10522,34.15621535253648,-6.880642202635844,2012-02-02,Community,812.0,Hesawa,Water_Point_522,,Ruvuma / Southern Coast,Subvillage_45,Mbeya,9,96,LGA_24,Ward_139,GeoData Consultants Ltd,Other,Scheme_27,,1988.0,gravity,motorpump,motorpump,wua,user-group,other,other,colored,,seasonal,enough,other,shallow well,surface,improved spring,improved spring,non functional
10523,32.821378766767666,-3.622256279088896,2012-02-22,Other,1127.0,Community,Water_Point_523,7.0,Lake Tanganyika,Subvillage_73,Tabora,14,52,LGA_46,Ward_145,GeoData Consultants Ltd,,,False,1975.0,handpump,gravity,other,vwc,commercial,pay per bucket,pay annually,salty,fluoride,seasonal,dry,other,spring,surface,,other,non functional
10524,31.831594997823757,-4.08498390097262,2013-08-03,Hesawa,817.0,,Water_Point_524,0.0,Pangani,Subvillage_96,Dodoma,9,29,LGA_15,Ward_18,GeoData Consultants Ltd,Other,Scheme_83,,2004.0,motorpump,other,motorpump,,other,pay per bucket,pay per bucket,milky,milky,enough,insufficient,well,lake,surface,improved spring,other,functional
10525,31.062989054780616,-8.211910323026554,2011-10-25,Danida,1476.0,Hesawa,Water_Point_525,2.0,Rufiji,Subvillage_52,Mara,15,54,LGA_28,Ward_101,GeoData Consultants Ltd,Water authority,Scheme_32,,1975.0,,gravity,other,other,commercial,pay annually,pay annually,,fluoride,insufficient,enough,other,lake,surface,improved spring,cattle trough,functional needs repair
10526,39.07423957134505,-11.427360895522172,2013-06-12,Other,642.0,Tasaf,Water_Point_526,5.0,Lake Rukwa,Subvillage_17,Geita,21,55,LGA_6,Ward_84,GeoData Consultants Ltd,WUA,Scheme_72,,1988.0,handpump,other,gravity,water authority,other,pay annually,other,colored,fluoride,dry,enough,borehole,lake,surface,cattle trough,communal standpipe,functional
10527,33.821676078296655,-11.11309744599088,2012-05-04,Dwe,243.0,Oxfam,Water_Point_527,6.0,Lake Rukwa,Subvillage_34,Manyara,22,65,LGA_32,Ward_190,GeoData Consultants Ltd,,Scheme_70,True,,motorpump,motorpump,,private operator,parastatal,pay monthly,pay monthly,fluoride,salty,enough,insufficient,spring,borehole,surface,improved spring,improved spring,functional needs repair
10528,29.456793821295342,-11.086324411691702,2011-10-29,Tcrs,911.0,Other,Water_Point_528,,Internal,Subvillage_76,Lindi,25,57,LGA_37,Ward_49,GeoData Consultants Ltd,VWC,,,1966.0,motorpump,gravity,motorpump,other,other,pay annually,pay per bucket,fluoride,milky,enough,dry,spring,lake,groundwater,cattle trough,other,non functional
10529,33.86387451565182,-6.062427898773226,2011-06-22,Rural Water Supply And Sanitation Programme,2376.0,Other,Water_Point_529,7.0,Lake Tanganyika,Subvillage_73,Tabora,20,69,LGA_20,Ward_85,GeoData Consultants Ltd,,,True,1977.0,submersible,gravity,gravity,other,other,pay annually,,colored,salty,dry,insufficient,spring,shallow well,surface,other,cattle trough,non functional
10530,35.45841884535342,-1.748292187722237,2011-10-14,Kkkt,808.0,Dwe,Water_Point_530,,Lake Rukwa,Subvillage_74,Iringa,4,93,LGA_45,Ward_72,GeoData Consultants Ltd,VWC,,,1961.0,motorpump,motorpump,handpump,vwc,other,pay per bucket,,milky,fluoride,insufficient,insufficient,lake,spring,groundwater,cattle trough,cattle trough,non functional
10531,31.701772934912526,-11.509798517779714,2012-05-12,Rwssp,81.0,Tasaf,Water_Point_531,5.0,Lake Tanganyika,Subvillage_65,Katavi,9,63,LGA_32,Ward_66,GeoData Consultants Ltd,,Scheme_43,False,1960.0,handpump,other,other,water authority,user-group,pay monthly,never pay,soft,fluoride,seasonal,dry,river,lake,groundwater,hand pump,other,functional
10532,32.86650811493669,-9.818974796252048,2011-03-09,Government Of Tanzania,728.0,,Water_Point_532,,Lake Tanganyika,Subvillage_39,Kilimanjaro,25,78,LGA_44,Ward_175,GeoData Consultants Ltd,,,True,1975.0,other,gravity,handpump,,user-group,pay annually,never pay,milky,milky,enough,enough,other,borehole,surface,communal standpipe,other,functional
10533,34.91084752596055,-5.638336423848951,2011-12-31,Rural Water Supply And Sanitation Programme,643.0,,Water_Point_533,4.0,Pangani,Subvillage_75,Manyara,19,53,LGA_25,Ward_64,GeoData Consultants Ltd,WUA,Scheme_69,False,,handpump,motorpump,handpump,other,user-group,pay annually,other,soft,milky,enough,enough,river,spring,surface,hand pump,improved spring,functional
10534,32.95724737421414,-1.9555005549959414,2013-07-09,Community,412.0,Wsdp,Water_Point_534,7.0,Wami / Ruvu,Subvillage_45,Morogoro,8,79,LGA_28,Ward_36,GeoData Consultants Ltd,Water authority,,True,2012.0,other,other,other,other,commercial,pay monthly,never pay,salty,salty,,enough,well,borehole,surface,cattle trough,improved spring,functional
10535,37.9861681509671,-5.649732086958731,2012-11-22,,1269.0,Unicef,Water_Point_535,2.0,Lake Nyasa,Subvillage_46,Kigoma,7,1,LGA_34,Ward_185,GeoData Consultants Ltd,,Scheme_82,False,1993.0,submersible,handpump,other,private operator,other,pay per bucket,pay per bucket,soft,salty,insufficient,dry,other,lake,surface,communal standpipe,communal standpipe,non functional
10536,36.722544136169546,-7.650504462594761,2013-03-12,Community,319.0,Unicef,Water_Point_536,6.0,Rufiji,Subvillage_56,Mara,17,32,LGA_25,Ward_115,GeoData Consultants Ltd,VWC,,,1973.0,other,handpump,handpump,water authority,user-group,never pay,pay annually,colored,good,enough,enough,,spring,groundwater,hand pump,communal standpipe,functional
10537,29.220472911986175,-3.6305945268709383,2013-03-05,Hesawa,2485.0,Hesawa,Water_Point_537,7.0,Lake Rukwa,,Ruvuma,23,3,LGA_26,Ward_78,GeoData Consultants Ltd,,,True,2003.0,other,handpump,gravity,,other,pay per bucket,never pay,colored,milky,insufficient,,river,other,groundwater,improved spring,,functional
10538,33.52752945016297,-7.444754305863369,2012-01-02,Dwe,1688.0,Tasaf,Water_Point_538,8.0,Lake Victoria,Subvillage_32,Dodoma,10,45,LGA_4,Ward_135,GeoData Consultants Ltd,,Scheme_73,False,1997.0,gravity,other,motorpump,vwc,user-group,never pay,pay per bucket,milky,colored,insufficient,dry,well,spring,surface,hand pump,communal standpipe,functional
10539,32.522390099933254,-10.99691468930174,2011-07-06,World Bank,1852.0,World Vision,Water_Point_539,8.0,Lake Rukwa,Subvillage_76,Rukwa,13,66,LGA_20,Ward_80,GeoData Consultants Ltd,WUA,,True,,other,other,other,private operator,user-group,pay annually,pay annually,colored,milky,enough,insufficient,other,spring,groundwater,communal standpipe,communal standpipe,functional
10540,32.5145684450712,-3.03971392650279,2012-03-24,District Council,1314.0,District Council,Water_Point_540,3.0,Lake Tanganyika,Subvillage_65,Kigoma,6,46,LGA_11,Ward_33,GeoData Consultants Ltd,Water authority,,,1981.0,submersible,gravity,handpump,private operator,commercial,pay per bucket,never pay,soft,good,dry,dry,lake,borehole,surface,communal standpipe,other,non functional
10541,33.451697821242036,,2013-07-29,Dwe,531.0,Danida,Water_Point_541,,Lake Nyasa,,Geita,13,81,LGA_12,Ward_3,GeoData Consultants Ltd,,,False,1991.0,submersible,handpump,gravity,private operator,user-group,pay per bucket,never pay,salty,fluoride,dry,insufficient,river,borehole,,hand pump,hand pump,functional needs repair
10542,37.72146655971418,-1.1260913210384338,2013-06-30,Tcrs,2289.0,Wsdp,Water_Point_542,7.0,Lake Tanganyika,Subvillage_69,Mara,17,73,LGA_34,Ward_161,GeoData Consultants Ltd,Water authority,Scheme_71,False,1979.0,handpump,motorpump,gravity,wua,parastatal,never pay,pay per bucket,salty,milky,,enough,lake,shallow well,surface,improved spring,communal standpipe,functional needs repair
10543,30.788200125308904,-6.0470332382997425,2012-10-23,Hesawa,685.0,Government Of Tanzania,Water_Point_543,,Lake Nyasa,Subvillage_11,Kagera,23,71,LGA_21,Ward_57,GeoData Consultants Ltd,Other,Scheme_30,False,1998.0,submersible,motorpump,gravity,wua,user-group,never pay,pay per bucket,fluoride abandoned,colored,seasonal,enough,other,river,groundwater,cattle trough,hand pump,functional
10544,37.27601448742391,-6.076106332375188,2011-05-03,World Bank,1253.0,World Vision,Water_Point_544,7.0,Wami / Ruvu,,Pwani,9,18,LGA_15,Ward_132,GeoData Consultants Ltd,VWC,,,2006.0,,other,handpump,wua,other,pay annually,other,colored,good,enough,enough,other,river,surface,other,hand pump,functional needs repair
10545,36.636182741075984,-5.875270467330306,2013-01-19,District Council,2302.0,Private individual,Water_Point_545,,Lake Tanganyika,Subvillage_99,Geita,3,11,LGA_20,Ward_31,GeoData Consultants Ltd,Private operator,Scheme_63,False,1971.0,motorpump,motorpump,motorpump,wua,user-group,pay monthly,other,fluoride,,enough,insufficient,river,borehole,surface,other,hand pump,functional needs repair
10546,32.3933076076235,-8.931493909913726,2012-07-19,Unicef,487.0,,Water_Point_546,,Lake Victoria,Subvillage_18,Songwe,7,92,LGA_17,Ward_153,GeoData Consultants Ltd,Water authority,Scheme_7,False,1978.0,other,other,gravity,water authority,commercial,never pay,other,salty,milky,enough,insufficient,lake,spring,groundwater,,,functional
10547,37.60298037352148,-4.685519933792643,2011-01-14,,1064.0,,Water_Point_547,9.0,Wami / Ruvu,Subvillage_98,Singida,24,3,LGA_15,Ward_195,GeoData Consultants Ltd,WUA,Scheme_22,False,1997.0,motorpump,other,other,wua,commercial,other,never pay,,salty,dry,enough,other,shallow well,groundwater,hand pump,hand pump,non functional
10548,39.12276052664773,-10.8424088029237,2011-07-02,Tasaf,1046.0,District Council,Water_Point_548,3.0,Lake Nyasa,,Kilimanjaro,21,96,LGA_30,Ward_70,GeoData Consultants Ltd,VWC,,False,1976.0,motorpump,motorpump,other,vwc,user-group,other,other,fluoride,milky,seasonal,dry,spring,shallow well,surface,improved spring,hand pump,functional needs repair
10549,34.47169923879083,-5.107081206548022,2012-03-28,Dwe,2046.0,Hesawa,Water_Point_549,,Internal,Subvillage_12,Arusha,11,22,LGA_26,Ward_33,GeoData Consultants Ltd,Other,,False,1964.0,other,handpump,gravity,wua,user-group,pay monthly,pay monthly,soft,good,enough,insufficient,borehole,other,groundwater,communal standpipe,hand pump,functional
10550,32.47790115041431,-1.3046930761912687,2012-12-06,,441.0,Oxfam,Water_Point_550,8.0,Ruvuma / Southern Coast,,Iringa,7,2,LGA_12,Ward_133,GeoData Consultants Ltd,WUA,,False,1997.0,gravity,other,gravity,private operator,parastatal,pay per bucket,never pay,fluoride,fluoride,seasonal,enough,borehole,shallow well,groundwater,cattle trough,hand pump,functional
10551,32.31397531529549,-7.803433407480938,2012-06-27,Tasaf,2325.0,Hesawa,Water_Point_551,,Rufiji,,Tabora,20,39,LGA_12,Ward_157,GeoData Consultants Ltd,Private operator,,True,2011.0,handpump,handpump,gravity,vwc,commercial,pay per bucket,pay monthly,milky,salty,seasonal,enough,river,lake,groundwater,other,improved spring,functional
10552,40.06195516102092,-1.7855360465465626,2013-01-26,Tasaf,167.0,Other,Water_Point_552,5.0,Lake Tanganyika,Subvillage_89,Njombe,24,31,LGA_24,Ward_163,GeoData Consultants Ltd,VWC,,,1989.0,other,other,handpump,private operator,parastatal,never pay,pay monthly,fluoride abandoned,salty,dry,insufficient,spring,borehole,surface,cattle trough,improved spring,non functional
10553,38.73222012261319,-2.9416184139862906,2012-08-21,Other,622.0,Private individual,Water_Point_553,6.0,Lake Nyasa,Subvillage_45,Pwani,13,31,LGA_47,Ward_61,GeoData Consultants Ltd,Other,,False,,handpump,gravity,motorpump,private operator,other,never pay,pay annually,soft,good,enough,dry,borehole,borehole,surface,communal standpipe,,functional
10554,30.92034305883866,-9.12482299724891,2013-06-16,,785.0,Kkkt,Water_Point_554,,Lake Victoria,Subvillage_20,Mwanza,20,22,LGA_21,Ward_160,GeoData Consultants Ltd,Water authority,,True,1982.0,motorpump,gravity,other,,commercial,never pay,pay annually,milky,colored,enough,dry,borehole,borehole,groundwater,hand pump,communal standpipe,non functional
10555,29.22985918906658,-6.408931882602101,2013-01-08,Government Of Tanzania,,World Vision,Water_Point_555,,Pangani,Subvillage_21,Mwanza,12,73,LGA_41,Ward_87,GeoData Consultants Ltd,VWC,Scheme_10,False,1969.0,handpump,other,handpump,other,parastatal,other,pay per bucket,fluoride,salty,insufficient,dry,,other,groundwater,hand pump,hand pump,functional
10556,32.54132448477732,-8.644111550308564,2011-12-23,Danida,1022.0,Dwe,Water_Point_556,1.0,Rufiji,Subvillage_1,Tabora,20,73,LGA_45,Ward_189,GeoData Consultants Ltd,,,,1990.0,handpump,other,other,wua,parastatal,never pay,pay monthly,fluoride,milky,seasonal,dry,river,borehole,groundwater,,improved spring,non functional
10557,34.938072870664705,,2011-08-15,District Council,2277.0,Government Of Tanzania,Water_Point_557,9.0,Lake Nyasa,Subvillage_29,Dodoma,21,15,LGA_3,Ward_161,GeoData Consultants Ltd,,,True,1971.0,gravity,motorpump,other,wua,other,pay per bucket,pay annually,milky,salty,,dry,,borehole,groundwater,communal standpipe,other,functional
10558,40.376394877514876,-10.34763611099921,2013-01-03,Oxfam,1802.0,,Water_Point_558,3.0,Ruvuma / Southern Coast,Subvillage_91,Lindi,21,73,LGA_29,Ward_124,GeoData Consultants Ltd,VWC,,True,1982.0,other,handpump,motorpump,vwc,user-group,never pay,never pay,salty,fluoride,dry,insufficient,river,borehole,surface,communal standpipe,communal standpipe,non functional
10559,32.824696340673654,-2.749092282897305,2012-04-12,District Council,2429.0,Rural Water Supply And Sanitation Programme,Water_Point_559,,Lake Rukwa,Subvillage_72,Simiyu,7,93,LGA_12,Ward_197,GeoData Consultants Ltd,Private operator,,True,2001.0,gravity,other,handpump,vwc,user-group,pay annually,pay annually,fluoride,good,seasonal,insufficient,spring,lake,,improved spring,improved spring,functional needs repair
10560,38.583809903925456,-9.031274536146562,2011-01-19,Tasaf,1683.0,Rwssp,Water_Point_560,5.0,Pangani,,Morogoro,4,75,LGA_41,Ward_163,GeoData Consultants Ltd,,,,,gravity,motorpump,other,private operator,commercial,never pay,other,colored,salty,insufficient,enough,well,shallow well,groundwater,improved spring,,non functional
10561,36.676868696605226,-6.183009091012093,2013-01-14,Hesawa,1025.0,Rural Water Supply And Sanitation Programme,Water_Point_561,,Wami / Ruvu,Subvillage_82,Songwe,4,23,LGA_21,Ward_164,GeoData Consultants Ltd,Other,Scheme_72,True,,,other,handpump,wua,parastatal,pay monthly,pay annually,soft,salty,dry,dry,river,spring,surface,improved spring,improved spring,functional needs repair
10562,36.71960642217183,-4.159143086693385,2011-10-02,Government Of Tanzania,2023.0,Rural Water Supply And Sanitation Programme,Water_Point_562,0.0,Lake Victoria,Subvillage_14,Ruvuma,3,92,LGA_12,Ward_104,GeoData Consultants Ltd,VWC,Scheme_28,True,,other,other,handpump,other,user-group,never pay,pay monthly,milky,good,insufficient,enough,lake,river,surface,cattle trough,improved spring,non functional
10563,39.554426902288526,-10.410265437287524,2013-05-03,Kkkt,638.0,Kkkt,Water_Point_563,9.0,Lake Victoria,Subvillage_63,Simiyu,7,60,LGA_41,Ward_127,GeoData Consultants Ltd,WUA,Scheme_76,False,1960.0,gravity,motorpump,,other,other,,pay annually,fluoride,milky,dry,dry,river,river,groundwater,cattle trough,cattle trough,non functional
10564,38.31666176926281,-11.11516995721581,2011-02-22,Oxfam,2415.0,Rwssp,Water_Point_564,3.0,Wami / Ruvu,Subvillage_23,Kilimanjaro,24,6,LGA_13,Ward_49,GeoData Consultants Ltd,,,False,2007.0,,motorpump,other,other,commercial,other,never pay,soft,fluoride,seasonal,dry,lake,spring,groundwater,improved spring,hand pump,non functional
10565,31.77564983074132,-5.530905918247538,2013-03-04,District Council,1147.0,,Water_Point_565,6.0,Lake Rukwa,Subvillage_50,Rukwa,6,62,LGA_19,Ward_72,GeoData Consultants Ltd,Private operator,Scheme_54,False,2010.0,gravity,gravity,motorpump,private operator,other,other,pay annually,colored,,dry,dry,river,river,groundwater,improved spring,cattle trough,functional
10566,40.09141189720693,-6.044229779488876,2012-09-06,Rural Water Supply And Sanitation Programme,721.0,Danida,Water_Point_566,5.0,Pangani,,Kigoma,11,93,LGA_34,Ward_168,GeoData Consultants Ltd,Private operator,,False,,motorpump,gravity,other,vwc,parastatal,pay annually,pay monthly,salty,milky,dry,insufficient,borehole,spring,surface,other,other,non functional
10567,38.02372197346585,-10.858352645720682,2012-07-01,,1358.0,,Water_Point_567,,Lake Victoria,Subvillage_91,Dar es Salaam,17,15,LGA_17,Ward_137,GeoData Consultants Ltd,WUA,,,2005.0,submersible,other,handpump,,parastatal,other,pay annually,salty,salty,dry,dry,other,shallow well,groundwater,other,communal standpipe,functional needs repair
10568,34.215912741730975,-9.371410234238523,2013-01-15,District Council,1586.0,Other,,9.0,Wami / Ruvu,Subvillage_47,Lindi,17,99,LGA_36,Ward_104,GeoData Consultants Ltd,Private operator,,,2010.0,motorpump,motorpump,gravity,vwc,user-group,pay monthly,other,colored,good,,dry,lake,spring,groundwater,other,communal standpipe,functional
10569,33.5571160485345,-2.0218059704443316,2013-09-09,Government Of Tanzania,2173.0,Unicef,Water_Point_569,,Rufiji,Subvillage_7,Simiyu,7,2,LGA_43,Ward_97,GeoData Consultants Ltd,,,True,1999.0,submersible,,handpump,,commercial,pay monthly,pay annually,fluoride abandoned,milky,enough,insufficient,other,spring,groundwater,communal standpipe,hand pump,functional
10570,-9.214788777895478,-19.821032910116436,2012-01-15,Rural Water Supply And Sanitation Programme,1713.0,Danida,Water_Point_570,1.0,Lake Rukwa,Subvillage_93,Simiyu,14,31,LGA_24,Ward_119,GeoData Consultants Ltd,,Scheme_4,True,,gravity,motorpump,other,water authority,commercial,pay monthly,pay per bucket,milky,colored,seasonal,insufficient,,lake,groundwater,communal standpipe,hand pump,non functional
10571,34.508119484310185,-11.350306213200529,2012-08-05,Tasaf,214.0,Unicef,Water_Point_571,1.0,Ruvuma / Southern Coast,Subvillage_40,Pwani,9,6,LGA_17,Ward_168,GeoData Consultants Ltd,,Scheme_43,True,1974.0,,gravity,other,private operator,user-group,never pay,pay monthly,fluoride abandoned,good,enough,insufficient,river,lake,surface,cattle trough,cattle trough,non functional
10572,37.05186443535261,-7.9488625135252455,2012-09-11,Kkkt,1031.0,Rural Water Supply And Sanitation Programme,Water_Point_572,,Lake Nyasa,,Kagera,22,72,LGA_37,Ward_140,GeoData Consultants Ltd,VWC,,,,submersible,motorpump,,wua,,pay monthly,pay annually,fluoride abandoned,salty,dry,insufficient,spring,other,,communal standpipe,other,functional
10573,36.81780678721707,-3.5184924380582103,2011-10-14,World Bank,1086.0,Other,Water_Point_573,3.0,Wami / Ruvu,Subvillage_48,Mwanza,12,38,LGA_16,Ward_153,GeoData Consultants Ltd,WUA,,True,1971.0,handpump,other,motorpump,other,parastatal,never pay,,salty,,dry,enough,borehole,other,surface,other,communal standpipe,non functional
10574,35.37248819116,-6.646655088075594,2012-09-25,Private individual,1241.0,Rwssp,Water_Point_574,,Lake Rukwa,Subvillage_94,Geita,15,75,LGA_2,Ward_191,GeoData Consultants Ltd,VWC,Scheme_90,False,,submersible,other,motorpump,vwc,parastatal,never pay,pay per bucket,fluoride abandoned,colored,dry,insufficient,lake,spring,groundwater,improved spring,other,functional
10575,31.03657233500348,-7.858209959785522,2012-09-07,,35.0,,Water_Point_575,9.0,Ruvuma / Southern Coast,Subvillage_88,Arusha,6,86,LGA_29,Ward_78,GeoData Consultants Ltd,,,,1982.0,submersible,motorpump,motorpump,other,other,pay annually,pay monthly,soft,good,insufficient,insufficient,well,other,surface,hand pump,hand pump,functional needs repair
10576,31.07421235637296,-6.627601156118279,2012-12-20,Other,1201.0,Rwssp,Water_Point_576,0.0,Wami / Ruvu,Subvillage_17,Lindi,5,1,LGA_15,Ward_71,GeoData Consultants Ltd,Other,Scheme_91,,,other,handpump,gravity,vwc,parastatal,pay annually,pay monthly,fluoride,milky,enough,enough,other,river,groundwater,communal standpipe,cattle trough,functional
10577,39.2447909546306,-7.219075082711517,2012-02-12,Tcrs,2146.0,Private individual,Water_Point_577,1.0,Wami / Ruvu,Subvillage_83,Tanga,3,38,LGA_9,Ward_74,GeoData Consultants Ltd,WUA,Scheme_49,,1969.0,gravity,,other,wua,parastatal,pay annually,,colored,colored,,enough,other,shallow well,groundwater,other,communal standpipe,non functional
10578,31.37498650446208,,2011-05-09,,,,Water_Point_578,,Wami / Ruvu,Subvillage_55,Iringa,20,36,LGA_29,Ward_112,GeoData Consultants Ltd,Private operator,,True,1981.0,submersible,motorpump,,other,user-group,pay annually,,colored,good,seasonal,,borehole,other,groundwater,other,improved spring,non functional
10579,39.146470601247806,-1.4162358801090704,2012-01-06,World Vision,824.0,Tasaf,,9.0,Pangani,Subvillage_56,Simiyu,25,58,LGA_25,Ward_114,GeoData Consultants Ltd,,,False,1970.0,submersible,handpump,other,private operator,other,pay annually,,,fluoride,insufficient,dry,other,borehole,surface,cattle trough,other,non functional
10580,32.25675406678683,-11.05998729550788,2013-08-13,Rural Water Supply And Sanitation Programme,,World Vision,Water_Point_580,1.0,Lake Tanganyika,Subvillage_66,Mtwara,22,9,LGA_14,Ward_139,GeoData Consultants Ltd,Private operator,,False,1992.0,motorpump,other,handpump,water authority,parastatal,pay per bucket,,colored,milky,dry,enough,well,other,surface,hand pump,,functional needs repair
10581,37.55398485942902,-5.549152319157692,2012-03-02,Unicef,,Dwe,Water_Point_581,,Ruvuma / Southern Coast,Subvillage_55,Tanga,12,18,LGA_8,Ward_32,GeoData Consultants Ltd,,Scheme_77,True,,handpump,motorpump,handpump,,other,other,pay annually,fluoride,,dry,insufficient,lake,,groundwater,communal standpipe,hand pump,functional
10582,37.32102705829406,-10.390948079822078,2012-01-23,Kkkt,,World Bank,Water_Point_582,3.0,Ruvuma / Southern Coast,Subvillage_54,Rukwa,22,72,LGA_34,Ward_104,GeoData Consultants Ltd,,Scheme_79,True,2005.0,gravity,gravity,other,other,other,pay monthly,pay monthly,salty,fluoride,dry,dry,well,river,,improved spring,communal standpipe,functional needs repair
10583,31.02941220711505,-1.5834318052082796,2013-03-07,Government Of Tanzania,452.0,Community,Water_Point_583,7.0,Rufiji,Subvillage_9,Njombe,6,53,LGA_13,Ward_90,GeoData Consultants Ltd,VWC,Scheme_70,True,1970.0,motorpump,other,motorpump,other,other,other,pay monthly,salty,,seasonal,dry,spring,river,surface,improved spring,hand pump,non functional
10584,30.483109073712324,-3.855106916541719,2011-07-07,,1697.0,Tasaf,Water_Point_584,3.0,Lake Victoria,Subvillage_71,Morogoro,25,4,LGA_11,Ward_19,GeoData Consultants Ltd,Water authority,,,2006.0,gravity,other,handpump,vwc,parastatal,pay annually,other,fluoride abandoned,salty,dry,insufficient,borehole,lake,surface,hand pump,communal standpipe,functional needs repair
10585,32.9869393358364,-8.800527155968975,2011-10-26,Dwe,1542.0,World Bank,Water_Point_585,4.0,Lake Rukwa,Subvillage_86,Simiyu,11,34,LGA_45,Ward_144,GeoData Consultants Ltd,Other,Scheme_47,True,1961.0,handpump,motorpump,gravity,other,user-group,pay per bucket,other,fluoride abandoned,good,dry,enough,lake,river,surface,communal standpipe,hand pump,functional needs repair
10586,39.58601424246998,-3.3168328085322756,2013-03-19,,996.0,World Bank,Water_Point_586,7.0,Wami / Ruvu,Subvillage_24,Lindi,11,59,LGA_38,Ward_79,GeoData Consultants Ltd,Other,Scheme_93,True,1974.0,handpump,motorpump,motorpump,vwc,commercial,never pay,other,fluoride abandoned,salty,dry,dry,spring,other,surface,communal standpipe,cattle trough,non functional
10587,31.038470297758415,-2.552182377944799,2011-06-18,Government Of Tanzania,1789.0,Danida,,7.0,Lake Tanganyika,Subvillage_16,Songwe,16,6,LGA_20,Ward_184,GeoData Consultants Ltd,Water authority,Scheme_96,False,,handpump,motorpump,other,wua,other,pay monthly,other,soft,fluoride,enough,dry,other,other,surface,other,improved spring,functional
10588,33.30161518700917,-5.081763593383996,2011-01-21,Private individual,87.0,Wsdp,Water_Point_588,,Ruvuma / Southern Coast,Subvillage_69,Kigoma,9,54,LGA_35,Ward_174,GeoData Consultants Ltd,VWC,Scheme_77,False,2002.0,handpump,motorpump,gravity,vwc,other,pay per bucket,pay monthly,fluoride,,enough,insufficient,borehole,river,groundwater,improved spring,communal standpipe,non functional
10589,31.78438874723393,,2011-12-01,Rwssp,1200.0,Wsdp,Water_Point_589,3.0,Internal,Subvillage_21,Mtwara,21,54,LGA_22,Ward_171,GeoData Consultants Ltd,Private operator,,,,handpump,motorpump,other,vwc,parastatal,pay monthly,,fluoride abandoned,colored,dry,enough,lake,other,groundwater,communal standpipe,communal standpipe,non functional
10590,34.10301896459196,-5.7391813713338715,2012-10-25,Government Of Tanzania,1703.0,,Water_Point_590,0.0,Lake Victoria,Subvillage_31,Tabora,22,34,LGA_33,Ward_121,GeoData Consultants Ltd,Other,,False,1965.0,motorpump,handpump,handpump,water authority,parastatal,,pay monthly,colored,colored,enough,enough,river,spring,surface,other,other,non functional
10591,31.01921269776634,-1.8169007956770287,2011-05-25,Other,284.0,Oxfam,Water_Point_591,,Lake Tanganyika,Subvillage_64,Morogoro,10,9,LGA_14,Ward_102,GeoData Consultants Ltd,Water authority,,,,,gravity,gravity,wua,parastatal,pay monthly,pay monthly,,milky,dry,dry,well,lake,groundwater,communal standpipe,improved spring,non functional
10592,29.858016825967102,-7.350401294944263,2011-06-06,,1903.0,Tasaf,Water_Point_592,5.0,Ruvuma / Southern Coast,Subvillage_91,Tanga,1,70,LGA_31,Ward_65,GeoData Consultants Ltd,Water authority,,,,submersible,,motorpump,water authority,commercial,other,other,soft,milky,enough,dry,other,spring,surface,,hand pump,functional
10593,34.0146970390615,-4.410645265447489,2013-06-30,Rural Water Supply And Sanitation Programme,2227.0,Unicef,,5.0,Pangani,Subvillage_58,Ruvuma,4,74,LGA_9,Ward_62,GeoData Consultants Ltd,WUA,,True,1972.0,other,gravity,motorpump,vwc,,never pay,pay annually,fluoride abandoned,fluoride,insufficient,dry,well,river,surface,hand pump,improved spring,functional needs repair
10594,32.82495921616848,-1.7642509407914915,2012-11-04,Rwssp,327.0,District Council,Water_Point_594,9.0,Ruvuma / Southern Coast,Subvillage_89,Mtwara,8,34,LGA_21,Ward_152,GeoData Consultants Ltd,Private operator,,,,motorpump,motorpump,handpump,water authority,commercial,,pay per bucket,salty,colored,dry,enough,other,lake,groundwater,other,cattle trough,non functional
10595,39.9496812449172,-2.9982657379573787,2011-11-26,Other,1263.0,World Bank,Water_Point_595,8.0,Lake Rukwa,Subvillage_41,Mtwara,2,7,LGA_26,Ward_129,GeoData Consultants Ltd,WUA,,,,motorpump,gravity,handpump,vwc,user-group,other,,soft,colored,insufficient,dry,lake,borehole,surface,other,improved spring,functional
10596,36.74908518129705,-2.5439917249769746,2012-07-09,,560.0,Rwssp,Water_Point_596,0.0,Wami / Ruvu,Subvillage_47,Mara,4,98,LGA_45,Ward_108,GeoData Consultants Ltd,VWC,Scheme_27,False,2005.0,handpump,other,motorpump,vwc,user-group,pay annually,never pay,soft,,seasonal,,lake,spring,groundwater,,cattle trough,non functional
10597,38.99647241450816,-3.9511474871590444,2011-07-19,,1.0,Kkkt,Water_Point_597,1.0,Lake Rukwa,Subvillage_33,Ruvuma,10,76,LGA_3,Ward_131,GeoData Consultants Ltd,Water authority,,True,,handpump,other,motorpump,water authority,other,never pay,never pay,salty,colored,insufficient,insufficient,borehole,shallow well,,communal standpipe,improved spring,functional
10598,37.1150878293137,,2012-01-04,World Bank,2374.0,,Water_Point_598,0.0,Lake Nyasa,Subvillage_26,Iringa,20,53,LGA_48,Ward_63,GeoData Consultants Ltd,Water authority,,,1996.0,motorpump,other,motorpump,wua,other,never pay,never pay,soft,,enough,insufficient,other,other,surface,communal standpipe,cattle trough,functional needs repair
10599,30.7935862210104,-7.804547660191859,2013-03-10,Tasaf,2238.0,,Water_Point_599,5.0,Internal,Subvillage_49,Mara,21,12,LGA_11,Ward_182,GeoData Consultants Ltd,WUA,,True,,gravity,gravity,handpump,private operator,other,other,pay per bucket,,colored,enough,enough,other,lake,surface,improved spring,communal standpipe,non functional
10600,30.463897261043243,-9.927252503647972,2013-03-23,,137.0,,Water_Point_600,2.0,Internal,Subvillage_30,Morogoro,8,6,LGA_15,Ward_163,GeoData Consultants Ltd,Water authority,,False,1982.0,handpump,,gravity,water authority,commercial,pay per bucket,pay per bucket,soft,,enough,enough,spring,shallow well,groundwater,other,cattle trough,non functional
10601,37.0591057104565,-10.541770933634417,2012-09-02,Unicef,,Wsdp,Water_Point_601,9.0,Ruvuma / Southern Coast,Subvillage_12,Tabora,12,51,LGA_9,Ward_60,GeoData Consultants Ltd,,Scheme_71,False,,gravity,handpump,handpump,water authority,user-group,never pay,pay monthly,salty,fluoride,seasonal,enough,spring,shallow well,groundwater,improved spring,hand pump,non functional
10602,,-10.709743753137314,2011-01-09,Oxfam,2262.0,Wsdp,Water_Point_602,7.0,Lake Tanganyika,Subvillage_70,Songwe,14,78,LGA_45,Ward_111,GeoData Consultants Ltd,,,False,1999.0,other,gravity,gravity,water authority,other,pay monthly,pay annually,colored,colored,enough,dry,well,lake,surface,improved spring,improved spring,functional needs repair
10603,32.56470297261226,-5.124924244402482,2011-03-31,Dwe,2356.0,Tcrs,Water_Point_603,5.0,Rufiji,Subvillage_79,Morogoro,16,39,LGA_28,Ward_66,GeoData Consultants Ltd,Private operator,Scheme_41,,1961.0,motorpump,gravity,handpump,wua,parastatal,never pay,pay monthly,,salty,insufficient,insufficient,river,other,surface,communal standpipe,other,non functional
10604,39.25922016860357,-9.492576214249882,2011-05-23,Rural Water Supply And Sanitation Programme,1488.0,Oxfam,Water_Point_604,0.0,Wami / Ruvu,Subvillage_8,Ruvuma,12,37,LGA_20,Ward_1,GeoData Consultants Ltd,Other,Scheme_4,True,1986.0,motorpump,motorpump,motorpump,other,other,pay monthly,other,milky,milky,,dry,,borehole,groundwater,communal standpipe,other,functional needs repair
10605,39.43451132286819,-4.1160457922022715,2011-10-09,District Council,1804.0,Community,Water_Point_605,3.0,Wami / Ruvu,Subvillage_86,Njombe,18,6,LGA_30,Ward_74,GeoData Consultants Ltd,,,,,handpump,motorpump,motorpump,private operator,commercial,other,pay monthly,milky,good,dry,enough,lake,river,surface,,other,functional needs repair
10606,34.953028040108784,-7.74138188969,2012-10-18,Tasaf,202.0,Danida,Water_Point_606,8.0,Lake Rukwa,Subvillage_78,Iringa,8,91,LGA_29,Ward_180,GeoData Consultants Ltd,Private operator,Scheme_94,,1993.0,other,other,other,wua,parastatal,other,pay per bucket,,salty,seasonal,insufficient,well,river,surface,cattle trough,hand pump,functional
10607,35.309750119479745,-10.851695664147071,2013-03-26,District Council,2022.0,Other,Water_Point_607,,Lake Rukwa,Subvillage_88,Kagera,4,72,LGA_43,Ward_193,GeoData Consultants Ltd,,,True,1968.0,motorpump,gravity,other,water authority,parastatal,never pay,pay per bucket,,fluoride,insufficient,dry,borehole,other,groundwater,,other,non functional
10608,32.19684953631359,-3.5245666950200665,2013-03-21,Government Of Tanzania,1104.0,Community,Water_Point_608,9.0,Rufiji,Subvillage_49,Kagera,11,53,LGA_18,Ward_51,GeoData Consultants Ltd,VWC,Scheme_65,False,1971.0,submersible,gravity,other,other,user-group,never pay,pay per bucket,fluoride,good,dry,dry,borehole,spring,surface,hand pump,other,non functional
10609,37.299199545556434,-2.979076877193844,2013-02-01,Rwssp,2342.0,Government Of Tanzania,Water_Point_609,9.0,Pangani,Subvillage_28,Iringa,23,1,LGA_39,Ward_91,GeoData Consultants Ltd,Water authority,,True,1981.0,handpump,gravity,handpump,vwc,other,,pay monthly,fluoride abandoned,fluoride,enough,insufficient,river,,groundwater,communal standpipe,improved spring,functional
10610,35.253074915354254,-2.3827736723181765,2011-03-11,,350.0,Hesawa,Water_Point_610,9.0,Lake Victoria,Subvillage_50,Kilimanjaro,9,72,LGA_11,Ward_88,GeoData Consultants Ltd,VWC,,True,2012.0,motorpump,handpump,motorpump,wua,commercial,other,pay annually,fluoride abandoned,colored,enough,insufficient,spring,lake,groundwater,cattle trough,cattle trough,non functional
10611,31.96360556925861,-8.71168029359839,2011-03-19,Tcrs,957.0,Wsdp,Water_Point_611,,Lake Victoria,Subvillage_84,Lindi,24,84,LGA_36,Ward_197,GeoData Consultants Ltd,VWC,Scheme_25,True,2006.0,gravity,motorpump,motorpump,wua,other,never pay,pay annually,colored,milky,dry,enough,well,other,groundwater,communal standpipe,hand pump,functional needs repair
10612,31.24958137225024,-2.990852993616153,2013-02-28,Other,1391.0,Kkkt,Water_Point_612,7.0,Ruvuma / Southern Coast,,Iringa,21,41,LGA_20,Ward_71,GeoData Consultants Ltd,,Scheme_79,,,handpump,gravity,handpump,other,,never pay,,fluoride,milky,dry,dry,lake,shallow well,surface,hand pump,hand pump,functional needs repair
10613,33.09315716063946,-4.888383594286181,2011-12-25,Community,2457.0,,Water_Point_613,,Lake Victoria,Subvillage_35,Mara,20,23,LGA_5,Ward_9,GeoData Consultants Ltd,Other,,True,,submersible,other,motorpump,private operator,commercial,pay monthly,pay per bucket,milky,good,seasonal,insufficient,well,spring,surface,hand pump,hand pump,functional
10614,36.16244002542953,-3.7774653812416856,2012-03-02,Tasaf,785.0,Private individual,Water_Point_614,8.0,Wami / Ruvu,,Iringa,14,55,LGA_10,Ward_28,GeoData Consultants Ltd,WUA,Scheme_34,,1993.0,motorpump,gravity,motorpump,other,commercial,,other,milky,salty,,dry,river,other,surface,improved spring,communal standpipe,functional
10615,37.90518419268972,-5.9263327470679235,2012-10-02,Government Of Tanzania,737.0,Other,Water_Point_615,1.0,Pangani,,Pwani,16,19,LGA_28,Ward_198,GeoData Consultants Ltd,Private operator,,,,other,,handpump,private operator,other,never pay,other,salty,milky,insufficient,insufficient,spring,spring,surface,hand pump,other,non functional
10616,36.244310907614995,-3.101032781784218,2012-04-17,World Vision,2028.0,Rwssp,Water_Point_616,,Pangani,Subvillage_17,Songwe,23,98,LGA_21,Ward_33,GeoData Consultants Ltd,,Scheme_62,True,1975.0,gravity,other,gravity,private operator,user-group,other,pay monthly,salty,good,seasonal,enough,lake,other,surface,improved spring,communal standpipe,non functional
10617,30.499187549900686,-9.21996900820875,2012-10-30,Rural Water Supply And Sanitation Programme,1702.0,Dwe,Water_Point_617,3.0,Rufiji,,Tanga,21,47,LGA_18,Ward_66,GeoData Consultants Ltd,WUA,Scheme_42,True,1997.0,motorpump,motorpump,motorpump,vwc,parastatal,pay annually,pay monthly,fluoride,colored,enough,insufficient,other,borehole,groundwater,hand pump,improved spring,non functional
10618,29.340547914632786,-4.959587335455225,2012-12-23,Unicef,361.0,Tasaf,Water_Point_618,2.0,Rufiji,Subvillage_62,Singida,8,26,LGA_38,Ward_92,GeoData Consultants Ltd,,Scheme_2,True,,motorpump,,motorpump,private operator,other,never pay,other,salty,salty,,enough,well,river,groundwater,hand pump,improved spring,non functional
10619,31.014113671838363,-9.919848280657327,2011-12-15,Rural Water Supply And Sanitation Programme,1533.0,Rural Water Supply And Sanitation Programme,Water_Point_619,,Lake Victoria,Subvillage_14,Kagera,21,63,LGA_46,Ward_55,GeoData Consultants Ltd,WUA,,,1985.0,gravity,handpump,handpump,other,other,pay per bucket,pay per bucket,fluoride abandoned,fluoride,enough,insufficient,borehole,borehole,surface,hand pump,improved spring,non functional
10620,33.861611245662075,-9.884517569568866,2011-03-29,Oxfam,,Rural Water Supply And Sanitation Programme,Water_Point_620,1.0,Lake Nyasa,Subvillage_47,Rukwa,22,80,LGA_24,Ward_3,GeoData Consultants Ltd,Private operator,,True,1980.0,other,motorpump,,vwc,other,never pay,,salty,good,seasonal,dry,well,lake,surface,hand pump,cattle trough,functional
10621,37.16882939819783,-7.46705934620482,2011-03-11,Other,2144.0,Tcrs,Water_Point_621,0.0,Internal,Subvillage_58,Mara,6,1,LGA_20,Ward_133,GeoData Consultants Ltd,VWC,,,,other,motorpump,motorpump,water authority,other,pay annually,other,salty,milky,insufficient,enough,lake,borehole,groundwater,improved spring,communal standpipe,functional
10622,0.3289552149288184,-17.304178775164615,2012-06-08,Community,217.0,Wsdp,Water_Point_622,1.0,Lake Tanganyika,Subvillage_25,Shinyanga,7,10,LGA_25,Ward_110,GeoData Consultants Ltd,Private operator,,True,1973.0,gravity,handpump,other,private operator,other,pay monthly,never pay,fluoride,fluoride,seasonal,insufficient,river,spring,surface,hand pump,improved spring,functional needs repair
10623,31.260282038507878,-1.0178091143765666,2013-04-18,,1110.0,World Bank,Water_Point_623,3.0,Lake Victoria,Subvillage_26,Rukwa,25,15,LGA_20,Ward_149,GeoData Consultants Ltd,Private operator,Scheme_75,,1977.0,motorpump,motorpump,handpump,private operator,commercial,,pay annually,colored,good,insufficient,insufficient,lake,other,groundwater,hand pump,other,non functional
10624,38.93237356575308,-10.77116387492733,2013-09-22,Oxfam,581.0,,Water_Point_624,2.0,Internal,Subvillage_62,Ruvuma,1,4,LGA_26,Ward_190,GeoData Consultants Ltd,,,,,other,,gravity,other,parastatal,pay per bucket,pay annually,soft,colored,insufficient,dry,river,other,groundwater,communal standpipe,improved spring,functional
10625,39.55301290302097,,2011-01-10,Private individual,1405.0,Rwssp,Water_Point_625,,Internal,Subvillage_24,Manyara,7,10,LGA_39,Ward_78,GeoData Consultants Ltd,Other,,,,motorpump,handpump,other,water authority,commercial,other,other,fluoride abandoned,salty,seasonal,dry,river,borehole,groundwater,communal standpipe,cattle trough,functional
10626,40.34736248531617,-2.384659736574468,2012-02-15,Unicef,1193.0,Tasaf,Water_Point_626,5.0,Pangani,,Dodoma,24,67,LGA_31,Ward_43,GeoData Consultants Ltd,Other,,False,1977.0,handpump,gravity,gravity,vwc,other,pay monthly,pay annually,soft,fluoride,seasonal,insufficient,other,other,groundwater,hand pump,hand pump,functional
10627,39.645767811922376,-2.5764877362802743,2012-11-19,,,Unicef,Water_Point_627,5.0,Pangani,,Dodoma,4,14,LGA_15,Ward_188,GeoData Consultants Ltd,VWC,Scheme_68,True,,other,handpump,motorpump,private operator,other,other,never pay,soft,good,enough,enough,spring,spring,groundwater,improved spring,other,non functional
10628,37.257794681016705,-8.535622606103733,2011-03-20,World Bank,471.0,Oxfam,Water_Point_628,3.0,Lake Rukwa,Subvillage_46,Morogoro,11,78,LGA_7,Ward_45,GeoData Consultants Ltd,VWC,,True,,gravity,gravity,other,water authority,other,never pay,pay per bucket,salty,salty,dry,enough,spring,lake,surface,,improved spring,non functional
10629,33.54542109757239,-2.0846343476474676,2013-03-10,,1464.0,World Bank,Water_Point_629,3.0,Wami / Ruvu,Subvillage_89,Katavi,7,37,LGA_42,Ward_160,GeoData Consultants Ltd,WUA,,False,,other,gravity,gravity,vwc,user-group,never pay,pay monthly,colored,,enough,dry,other,borehole,surface,improved spring,improved spring,functional
10630,33.274814475919506,-9.884294104430637,2012-02-11,Government Of Tanzania,1721.0,Wsdp,Water_Point_630,7.0,Ruvuma / Southern Coast,Subvillage_92,Ruvuma,14,17,LGA_35,Ward_159,GeoData Consultants Ltd,,Scheme_25,False,,motorpump,motorpump,,water authority,,pay per bucket,pay per bucket,fluoride abandoned,colored,enough,insufficient,spring,spring,surface,cattle trough,hand pump,functional needs repair
10631,33.1280505182943,-8.694061676212565,2012-03-16,World Vision,1270.0,Unicef,,7.0,Lake Nyasa,Subvillage_87,Pwani,19,76,LGA_26,Ward_157,GeoData Consultants Ltd,VWC,Scheme_21,False,1967.0,motorpump,motorpump,other,other,parastatal,pay monthly,pay annually,colored,salty,insufficient,dry,well,lake,groundwater,other,communal standpipe,functional needs repair
10632,31.232462106179682,-1.5103666167048324,2011-11-24,Tcrs,1188.0,Dwe,Water_Point_632,2.0,Internal,Subvillage_66,Mtwara,24,6,LGA_38,Ward_28,GeoData Consultants Ltd,,Scheme_67,False,1970.0,other,motorpump,motorpump,private operator,commercial,,other,fluoride abandoned,milky,seasonal,dry,lake,borehole,groundwater,improved spring,communal standpipe,functional
10633,38.73249802491365,-3.8695109174572586,2011-08-21,Oxfam,1738.0,,Water_Point_633,6.0,Internal,Subvillage_64,Iringa,12,91,LGA_40,Ward_174,GeoData Consultants Ltd,VWC,,False,1978.0,motorpump,motorpump,other,,user-group,pay monthly,other,fluoride,colored,dry,insufficient,spring,spring,surface,communal standpipe,communal standpipe,functional needs repair
10634,31.64181244825403,-10.774117992286435,2011-07-31,Government Of Tanzania,777.0,Community,Water_Point_634,,Lake Tanganyika,Subvillage_79,Mara,16,60,LGA_44,Ward_119,GeoData Consultants Ltd,Private operator,Scheme_61,,1961.0,submersible,other,,wua,other,pay monthly,other,fluoride abandoned,colored,seasonal,dry,spring,spring,groundwater,communal standpipe,communal standpipe,non functional
10635,31.495505522708722,-9.613091480650656,2011-05-28,Wsdp,2206.0,Unicef,Water_Point_635,3.0,Pangani,Subvillage_99,Mtwara,6,34,LGA_28,Ward_108,GeoData Consultants Ltd,,Scheme_98,True,2012.0,motorpump,motorpump,motorpump,vwc,user-group,pay monthly,pay monthly,colored,colored,seasonal,enough,lake,other,groundwater,other,other,functional
10636,33.3750314141453,-10.60250282040074,2012-07-16,Community,1572.0,World Vision,Water_Point_636,5.0,Wami / Ruvu,Subvillage_50,Singida,20,30,LGA_48,Ward_179,GeoData Consultants Ltd,Private operator,,False,1992.0,handpump,other,gravity,vwc,commercial,pay monthly,pay annually,soft,milky,dry,enough,other,river,groundwater,improved spring,improved spring,functional
10637,36.0467197696843,-3.900868750203922,2013-02-28,Danida,1284.0,District Council,Water_Point_637,,Lake Rukwa,,Geita,9,28,LGA_47,Ward_21,GeoData Consultants Ltd,Other,Scheme_11,,,other,gravity,motorpump,wua,user-group,never pay,,salty,,insufficient,enough,borehole,other,surface,communal standpipe,communal standpipe,functional needs repair
10638,31.06071516283666,-8.678740439723413,2011-07-18,Community,676.0,World Vision,Water_Point_638,2.0,Lake Rukwa,Subvillage_71,Tabora,10,60,LGA_8,Ward_186,GeoData Consultants Ltd,Private operator,,,1970.0,motorpump,motorpump,handpump,private operator,commercial,pay annually,pay per bucket,,salty,enough,enough,other,borehole,groundwater,other,improved spring,functional
10639,37.57495986039158,-6.242768644678078,2012-07-29,,2067.0,,Water_Point_639,2.0,Lake Nyasa,Subvillage_76,Morogoro,7,20,LGA_40,Ward_83,GeoData Consultants Ltd,,,True,1970.0,motorpump,other,other,water authority,other,pay annually,pay annually,fluoride,good,enough,insufficient,well,shallow well,groundwater,hand pump,hand pump,non functional
10640,38.43589834840195,-4.501798274064874,2012-07-23,Community,948.0,,Water_Point_640,0.0,Lake Nyasa,Subvillage_26,Mbeya,19,15,LGA_5,Ward_2,GeoData Consultants Ltd,Other,Scheme_65,,1993.0,motorpump,gravity,motorpump,other,other,never pay,pay annually,salty,milky,enough,dry,borehole,other,groundwater,hand pump,improved spring,functional
10641,33.65237597565899,-1.5120028231377525,2011-06-12,Wsdp,946.0,Rwssp,Water_Point_641,9.0,Lake Nyasa,Subvillage_82,Mara,14,59,LGA_20,Ward_118,GeoData Consultants Ltd,Other,,,,handpump,other,motorpump,water authority,commercial,pay per bucket,pay annually,,good,dry,dry,river,lake,groundwater,improved spring,hand pump,non functional
10642,30.526396625768875,-6.223551529151046,2013-03-03,,1060.0,Kkkt,Water_Point_642,0.0,Lake Rukwa,Subvillage_9,Tanga,22,30,LGA_31,Ward_19,GeoData Consultants Ltd,,,,,motorpump,handpump,handpump,private operator,,pay annually,pay monthly,milky,good,dry,insufficient,lake,lake,groundwater,other,cattle trough,functional needs repair
10643,,-9.670091080970053,2013-09-07,Kkkt,,Private individual,Water_Point_643,8.0,Pangani,Subvillage_80,Mbeya,12,75,LGA_21,Ward_199,GeoData Consultants Ltd,,,,,other,handpump,motorpump,private operator,commercial,pay annually,other,soft,salty,enough,enough,,river,groundwater,other,improved spring,functional
10644,38.4543366945651,-9.734662350799852,2013-08-23,World Bank,265.0,Hesawa,Water_Point_644,3.0,Lake Tanganyika,Subvillage_72,Simiyu,16,91,LGA_2,Ward_183,GeoData Consultants Ltd,Private operator,,True,1976.0,other,gravity,,other,commercial,other,never pay,milky,salty,enough,dry,spring,shallow well,surface,hand pump,other,non functional
10645,34.247632956768356,-6.570104832464823,2012-10-29,Private individual,1698.0,Private individual,Water_Point_645,,Lake Tanganyika,Subvillage_65,Morogoro,1,15,LGA_13,Ward_157,GeoData Consultants Ltd,Private operator,,False,1984.0,other,gravity,,private operator,other,pay annually,never pay,fluoride,milky,dry,enough,other,lake,surface,cattle trough,improved spring,non functional
10646,37.649079214871676,-10.078218606019451,2013-02-08,Government Of Tanzania,1500.0,Tasaf,Water_Point_646,9.0,Ruvuma / Southern Coast,Subvillage_13,Mbeya,18,96,LGA_31,Ward_69,GeoData Consultants Ltd,VWC,,True,,motorpump,motorpump,other,private operator,user-group,pay per bucket,pay monthly,colored,good,seasonal,insufficient,other,shallow well,groundwater,cattle trough,communal standpipe,non functional
10647,38.75773871536648,-1.7663047218945351,2011-03-01,Wsdp,2272.0,Government Of Tanzania,Water_Point_647,6.0,Lake Victoria,Subvillage_29,Mbeya,7,57,LGA_41,Ward_101,GeoData Consultants Ltd,WUA,,True,1987.0,motorpump,handpump,other,wua,commercial,other,pay monthly,colored,milky,insufficient,enough,other,river,surface,communal standpipe,cattle trough,functional
10648,2.9681706834371724,-6.049830123730869,2011-04-27,World Bank,38.0,World Vision,Water_Point_648,,Lake Victoria,Subvillage_74,Kilimanjaro,11,11,LGA_16,Ward_166,GeoData Consultants Ltd,,Scheme_38,True,,handpump,other,other,private operator,commercial,never pay,pay per bucket,fluoride,,seasonal,enough,well,river,groundwater,other,communal standpipe,non functional
10649,39.76349681985971,-7.036875706064271,2012-06-02,Rwssp,1785.0,,Water_Point_649,3.0,Wami / Ruvu,Subvillage_27,Kilimanjaro,7,73,LGA_40,Ward_28,GeoData Consultants Ltd,,Scheme_82,,1983.0,submersible,motorpump,handpump,other,other,pay monthly,never pay,fluoride abandoned,good,dry,insufficient,other,borehole,groundwater,cattle trough,improved spring,functional needs repair
10650,35.86283236252129,-9.955712141286012,2011-07-09,,813.0,World Bank,Water_Point_650,5.0,Lake Rukwa,Subvillage_58,Simiyu,21,43,LGA_24,Ward_143,GeoData Consultants Ltd,Other,Scheme_93,,,handpump,motorpump,gravity,water authority,commercial,pay per bucket,other,salty,good,insufficient,insufficient,other,,surface,improved spring,hand pump,non functional
10651,36.83711053610654,-1.5084672616694448,2012-08-19,Wsdp,536.0,Other,Water_Point_651,2.0,Lake Nyasa,Subvillage_83,Morogoro,17,51,LGA_28,Ward_184,GeoData Consultants Ltd,VWC,,False,1969.0,submersible,other,handpump,wua,parastatal,never pay,pay per bucket,colored,salty,dry,enough,other,spring,groundwater,improved spring,hand pump,non functional
10652,39.71443574099101,-7.185875893423193,2013-05-12,Community,1542.0,Danida,Water_Point_652,0.0,Pangani,Subvillage_18,Tabora,12,18,LGA_37,Ward_135,GeoData Consultants Ltd,Private operator,,True,,motorpump,gravity,handpump,vwc,parastatal,pay annually,pay per bucket,fluoride abandoned,milky,insufficient,enough,spring,shallow well,groundwater,other,hand pump,non functional
10653,29.551446308278962,-10.376713779192167,2011-10-01,Oxfam,1537.0,Wsdp,Water_Point_653,,Internal,Subvillage_95,Kilimanjaro,9,85,LGA_47,Ward_110,GeoData Consultants Ltd,Water authority,,False,1980.0,gravity,other,other,wua,user-group,pay per bucket,pay per bucket,colored,,seasonal,dry,other,lake,surface,cattle trough,hand pump,functional needs repair
10654,29.40552470820919,-11.217955218776087,2012-10-17,Unicef,2302.0,Oxfam,Water_Point_654,8.0,Lake Nyasa,Subvillage_26,Kilimanjaro,13,76,LGA_18,Ward_38,GeoData Consultants Ltd,Private operator,Scheme_5,True,,other,gravity,motorpump,wua,user-group,pay monthly,pay annually,fluoride abandoned,colored,,insufficient,lake,spring,groundwater,other,hand pump,non functional
10655,38.71223367827044,-6.377139073149365,2011-10-07,World Vision,951.0,Kkkt,Water_Point_655,9.0,Pangani,,Morogoro,21,90,LGA_15,Ward_172,GeoData Consultants Ltd,Water authority,Scheme_5,,1997.0,submersible,motorpump,motorpump,wua,other,other,never pay,salty,colored,insufficient,enough,river,shallow well,groundwater,communal standpipe,other,non functional
10656,,-2.9434632718968725,2011-06-08,World Bank,1238.0,,Water_Point_656,3.0,Wami / Ruvu,,Njombe,24,40,LGA_45,Ward_184,GeoData Consultants Ltd,Water authority,,True,1978.0,motorpump,handpump,handpump,private operator,user-group,never pay,pay monthly,fluoride abandoned,milky,enough,enough,borehole,borehole,surface,cattle trough,hand pump,functional needs repair
10657,38.860086939832705,-8.009542143417928,2011-06-06,,320.0,Rwssp,Water_Point_657,8.0,Internal,,Mwanza,4,41,LGA_25,Ward_145,GeoData Consultants Ltd,WUA,Scheme_2,,,submersible,other,,wua,parastatal,pay per bucket,pay monthly,colored,salty,dry,insufficient,other,spring,surface,hand pump,hand pump,functional
10658,39.2248356514292,-4.901323196106734,2012-12-28,Oxfam,2155.0,Government Of Tanzania,,,Ruvuma / Southern Coast,,Tabora,24,96,LGA_9,Ward_172,GeoData Consultants Ltd,,Scheme_36,,,motorpump,other,handpump,wua,parastatal,pay monthly,,salty,salty,dry,dry,spring,other,groundwater,improved spring,improved spring,non functional
10659,36.01159237475869,-10.945010679893413,2012-03-29,Danida,1265.0,Rural Water Supply And Sanitation Programme,Water_Point_659,9.0,Lake Rukwa,Subvillage_3,Arusha,11,24,LGA_24,Ward_21,GeoData Consultants Ltd,Other,Scheme_23,True,,other,handpump,motorpump,wua,commercial,pay annually,pay monthly,colored,fluoride,insufficient,insufficient,spring,shallow well,,hand pump,hand pump,non functional
10660,39.74567643607824,-4.6014922515464045,2012-06-17,Community,2297.0,Tcrs,Water_Point_660,5.0,Internal,Subvillage_45,Ruvuma,4,37,LGA_21,Ward_28,GeoData Consultants Ltd,,Scheme_53,False,,,gravity,handpump,private operator,commercial,,pay annually,fluoride,milky,insufficient,insufficient,spring,shallow well,surface,hand pump,communal standpipe,non functional
10661,29.254072668609783,-6.720826483428947,2013-01-18,Rwssp,792.0,,Water_Point_661,9.0,Lake Tanganyika,Subvillage_88,Singida,2,1,LGA_48,Ward_191,GeoData Consultants Ltd,,,,1985.0,handpump,,gravity,,commercial,pay per bucket,,salty,good,seasonal,dry,spring,lake,groundwater,improved spring,hand pump,non functional
10662,34.911978360051386,-6.103973108223805,2011-10-06,World Vision,723.0,Kkkt,Water_Point_662,7.0,Wami / Ruvu,Subvillage_77,Kagera,18,41,LGA_34,Ward_100,GeoData Consultants Ltd,Private operator,Scheme_75,True,2012.0,other,handpump,,wua,parastatal,pay monthly,other,fluoride abandoned,milky,enough,insufficient,spring,other,surface,communal standpipe,hand pump,functional
10663,34.830283933584035,-1.0122641085099566,2012-11-03,World Vision,1401.0,,Water_Point_663,6.0,Wami / Ruvu,Subvillage_52,Mara,11,86,LGA_5,Ward_12,GeoData Consultants Ltd,VWC,Scheme_17,True,2003.0,submersible,handpump,other,water authority,user-group,never pay,never pay,fluoride,fluoride,insufficient,dry,borehole,borehole,surface,hand pump,hand pump,non functional
10664,-1.7313747285614678,-11.122204218777004,2012-01-15,World Vision,1826.0,Tasaf,Water_Point_664,2.0,Lake Nyasa,Subvillage_85,Tabora,17,35,LGA_29,Ward_88,GeoData Consultants Ltd,Other,Scheme_10,,,motorpump,handpump,other,wua,other,never pay,pay annually,milky,salty,insufficient,dry,well,borehole,groundwater,cattle trough,improved spring,functional
10665,29.13879749347167,-5.870371236717787,2013-07-12,Oxfam,1737.0,,Water_Point_665,6.0,Pangani,Subvillage_48,Kilimanjaro,8,60,LGA_17,Ward_196,GeoData Consultants Ltd,Water authority,,,,motorpump,gravity,gravity,water authority,user-group,never pay,pay per bucket,,colored,enough,dry,borehole,other,groundwater,hand pump,communal standpipe,non functional
10666,35.31828894272483,-1.806891003117352,2012-11-16,Rwssp,141.0,,Water_Point_666,2.0,Lake Victoria,Subvillage_6,Geita,21,81,LGA_43,Ward_100,GeoData Consultants Ltd,VWC,,False,1989.0,motorpump,other,handpump,,other,never pay,pay annually,soft,good,enough,insufficient,borehole,lake,surface,hand pump,improved spring,functional
10667,30.01150649478435,-4.509793455157353,2011-10-14,Community,1656.0,Tasaf,,,Lake Nyasa,Subvillage_12,Kilimanjaro,19,36,LGA_47,Ward_75,GeoData Consultants Ltd,Other,,,1978.0,other,gravity,handpump,water authority,,pay annually,pay per bucket,colored,salty,seasonal,enough,well,other,groundwater,hand pump,other,non functional
10668,39.086197849738966,-5.982726507829633,2012-03-14,World Vision,1950.0,,Water_Point_668,0.0,Lake Nyasa,Subvillage_3,Iringa,1,78,LGA_38,Ward_29,GeoData Consultants Ltd,,,True,,other,gravity,motorpump,vwc,parastatal,pay monthly,pay per bucket,salty,milky,seasonal,insufficient,river,other,groundwater,hand pump,cattle trough,functional
10669,,-8.31405497974763,2013-05-14,,1231.0,Oxfam,Water_Point_669,,Lake Nyasa,Subvillage_56,Singida,17,36,LGA_12,Ward_50,GeoData Consultants Ltd,Private operator,Scheme_40,,,gravity,handpump,motorpump,vwc,commercial,never pay,pay monthly,salty,milky,insufficient,dry,lake,shallow well,surface,other,improved spring,non functional
10670,37.93224274700217,-10.855084818630129,2013-03-05,Government Of Tanzania,1683.0,Wsdp,Water_Point_670,3.0,Lake Rukwa,Subvillage_89,Dar es Salaam,15,19,LGA_39,Ward_186,GeoData Consultants Ltd,WUA,Scheme_70,,2000.0,other,gravity,handpump,wua,user-group,pay per bucket,other,fluoride abandoned,milky,seasonal,insufficient,lake,spring,groundwater,other,other,non functional
10671,40.01216284224597,-10.075275134150145,2011-09-23,Tasaf,556.0,,Water_Point_671,,Lake Victoria,Subvillage_64,Singida,2,20,LGA_6,Ward_171,GeoData Consultants Ltd,Other,,False,,gravity,gravity,handpump,private operator,other,other,other,fluoride abandoned,salty,seasonal,insufficient,spring,shallow well,groundwater,other,hand pump,functional needs repair
10672,40.3421024220021,-9.841282096003168,2013-06-10,Hesawa,1012.0,,Water_Point_672,,Lake Tanganyika,Subvillage_14,Njombe,2,31,LGA_21,Ward_58,GeoData Consultants Ltd,,,,,other,handpump,gravity,private operator,other,pay per bucket,pay monthly,fluoride,fluoride,seasonal,dry,river,borehole,surface,other,communal standpipe,functional
10673,39.037752827700515,-7.254447747694451,2012-10-18,Private individual,163.0,Tasaf,Water_Point_673,,Rufiji,Subvillage_47,Ruvuma,21,66,LGA_43,Ward_80,GeoData Consultants Ltd,WUA,Scheme_76,True,1977.0,submersible,handpump,motorpump,private operator,commercial,pay monthly,never pay,fluoride abandoned,fluoride,dry,dry,spring,other,groundwater,,improved spring,non functional
10674,29.997387130386613,-6.5061987828612455,2012-11-26,Hesawa,2494.0,,Water_Point_674,6.0,Pangani,Subvillage_14,Mbeya,8,7,LGA_5,Ward_1,GeoData Consultants Ltd,Private operator,Scheme_10,True,2002.0,handpump,handpump,gravity,wua,commercial,,other,,milky,insufficient,dry,lake,river,groundwater,hand pump,communal standpipe,non functional
10675,31.253389897080247,-4.179157293469628,2011-06-10,District Council,2385.0,Community,Water_Point_675,,Ruvuma / Southern Coast,Subvillage_63,Mwanza,8,1,LGA_8,Ward_81,GeoData Consultants Ltd,VWC,,,2010.0,handpump,other,motorpump,water authority,other,pay monthly,never pay,fluoride,milky,seasonal,enough,borehole,river,groundwater,,communal standpipe,non functional
10676,37.45686903337901,-9.110403803823896,2011-12-06,Tcrs,1098.0,District Council,Water_Point_676,,Ruvuma / Southern Coast,Subvillage_4,Geita,14,38,LGA_12,Ward_31,GeoData Consultants Ltd,WUA,,True,2011.0,gravity,other,motorpump,,,never pay,pay per bucket,colored,milky,dry,enough,lake,shallow well,surface,other,cattle trough,functional
10677,,-6.880869124797711,2013-05-02,Rural Water Supply And Sanitation Programme,34.0,Rwssp,Water_Point_677,0.0,Lake Nyasa,Subvillage_71,Shinyanga,10,38,LGA_39,Ward_110,GeoData Consultants Ltd,Water authority,Scheme_32,False,,submersible,handpump,motorpump,,parastatal,never pay,pay annually,milky,colored,,,borehole,borehole,groundwater,communal standpipe,cattle trough,functional
10678,30.702550584389748,-5.336629600962036,2013-05-01,,2292.0,Rwssp,Water_Point_678,8.0,Rufiji,Subvillage_44,Mbeya,4,23,LGA_40,Ward_88,GeoData Consultants Ltd,,,False,,gravity,other,gravity,,other,never pay,pay per bucket,salty,colored,insufficient,dry,borehole,shallow well,surface,improved spring,improved spring,functional needs repair
10679,38.23243236142673,-7.214695184081134,2011-10-08,Tcrs,1991.0,District Council,Water_Point_679,,Internal,Subvillage_83,Rukwa,14,90,LGA_1,Ward_131,GeoData Consultants Ltd,,,True,1989.0,other,,gravity,,user-group,other,other,colored,salty,dry,dry,other,borehole,groundwater,other,other,non functional
10680,39.78326509311888,-3.483615708581768,2011-05-27,Other,761.0,Unicef,Water_Point_680,,Ruvuma / Southern Coast,Subvillage_89,Mara,8,9,LGA_18,Ward_31,GeoData Consultants Ltd,,,,2009.0,submersible,handpump,gravity,private operator,commercial,pay monthly,pay annually,colored,salty,seasonal,enough,,lake,groundwater,hand pump,improved spring,functional needs repair
10681,37.48880524683081,-4.286764673318156,2011-02-16,Tasaf,1747.0,Rwssp,Water_Point_681,,Ruvuma / Southern Coast,Subvillage_34,Songwe,4,69,LGA_2,Ward_160,GeoData Consultants Ltd,,,,2009.0,handpump,motorpump,handpump,other,user-group,never pay,,fluoride,colored,insufficient,dry,lake,spring,groundwater,communal standpipe,other,non functional
10682,30.987474315215017,-4.228044734832908,2013-07-04,Dwe,1339.0,District Council,Water_Point_682,4.0,Lake Rukwa,Subvillage_27,Geita,3,1,LGA_7,Ward_115,GeoData Consultants Ltd,,,False,,other,motorpump,handpump,water authority,user-group,pay annually,pay annually,fluoride,salty,,insufficient,lake,other,groundwater,communal standpipe,other,functional needs repair
10683,37.49272101024576,-8.089597423540402,2011-11-09,Hesawa,,Tasaf,,1.0,Lake Victoria,Subvillage_30,Kigoma,24,67,LGA_2,Ward_44,GeoData Consultants Ltd,WUA,,,2009.0,other,other,motorpump,water authority,user-group,pay per bucket,never pay,colored,fluoride,insufficient,insufficient,well,lake,surface,other,communal standpipe,non functional
10684,38.8547086031634,-6.666075767192012,2012-07-29,Private individual,295.0,Government Of Tanzania,Water_Point_684,1.0,Ruvuma / Southern Coast,Subvillage_25,Mbeya,13,98,LGA_35,Ward_189,GeoData Consultants Ltd,Other,Scheme_80,,1969.0,submersible,gravity,,private operator,other,other,never pay,milky,good,dry,enough,lake,other,surface,communal standpipe,improved spring,functional
10685,31.546350547857912,-2.5253670553474112,2012-06-16,Tasaf,1656.0,,Water_Point_685,6.0,Rufiji,Subvillage_12,Tanga,3,95,LGA_27,Ward_125,GeoData Consultants Ltd,Other,Scheme_2,True,1964.0,gravity,handpump,handpump,wua,commercial,pay per bucket,other,colored,fluoride,dry,insufficient,spring,lake,surface,cattle trough,improved spring,non functional
10686,29.971504436083606,-6.017865052975895,2012-04-13,Government Of Tanzania,1839.0,,Water_Point_686,2.0,Rufiji,Subvillage_93,Dar es Salaam,15,23,LGA_15,Ward_154,GeoData Consultants Ltd,,,True,1982.0,gravity,,handpump,private operator,commercial,other,pay annually,colored,milky,insufficient,dry,spring,borehole,surface,improved spring,other,non functional
10687,38.07233547554265,-2.7942979918461024,2013-04-11,Other,30.0,Rwssp,,,Internal,Subvillage_55,Ruvuma,7,22,LGA_23,Ward_76,GeoData Consultants Ltd,Water authority,,,1987.0,handpump,gravity,motorpump,private operator,,other,pay per bucket,salty,,insufficient,enough,well,shallow well,groundwater,other,hand pump,functional needs repair
10688,32.39115188560147,-3.8143450897969373,2011-03-16,,2150.0,Oxfam,Water_Point_688,3.0,Pangani,Subvillage_79,Manyara,21,68,LGA_13,Ward_197,GeoData Consultants Ltd,VWC,,False,1987.0,other,gravity,,wua,commercial,other,pay monthly,salty,milky,seasonal,dry,river,lake,groundwater,communal standpipe,communal standpipe,functional needs repair
10689,39.8546764654471,-7.828441542418336,2012-10-14,Government Of Tanzania,1920.0,Tasaf,Water_Point_689,,Lake Nyasa,Subvillage_6,Kagera,25,2,LGA_44,Ward_192,GeoData Consultants Ltd,VWC,Scheme_37,True,1965.0,submersible,handpump,gravity,other,commercial,pay per bucket,pay annually,soft,fluoride,seasonal,enough,river,lake,groundwater,improved spring,hand pump,functional
10690,34.38795887915836,-4.41192190938431,2011-06-19,World Bank,748.0,Dwe,Water_Point_690,3.0,Wami / Ruvu,Subvillage_94,Songwe,13,39,LGA_27,Ward_167,GeoData Consultants Ltd,Private operator,Scheme_15,,2006.0,other,gravity,gravity,vwc,other,pay monthly,other,colored,milky,insufficient,dry,other,other,surface,hand pump,other,functional
10691,36.713266240415486,-0.9581637625872705,2011-07-10,,2013.0,Kkkt,Water_Point_691,,Lake Nyasa,Subvillage_44,Katavi,22,80,LGA_34,Ward_67,GeoData Consultants Ltd,Other,Scheme_51,True,1961.0,,gravity,gravity,other,parastatal,pay monthly,pay monthly,milky,colored,seasonal,enough,well,spring,surface,hand pump,cattle trough,functional needs repair
10692,35.78669718164778,-1.7311719610951144,2011-11-17,World Vision,2137.0,,Water_Point_692,5.0,Pangani,Subvillage_48,Mbeya,20,72,LGA_47,Ward_130,GeoData Consultants Ltd,Other,,False,2003.0,motorpump,handpump,other,private operator,commercial,pay per bucket,pay monthly,,fluoride,enough,dry,river,lake,surface,,communal standpipe,non functional
10693,34.64652265744676,-1.8264539489104052,2012-06-09,Dwe,1575.0,,Water_Point_693,,Lake Tanganyika,,Kagera,17,85,LGA_26,Ward_3,GeoData Consultants Ltd,,,,,handpump,,handpump,wua,,other,,colored,good,seasonal,insufficient,spring,spring,groundwater,other,communal standpipe,functional
10694,40.41259895738014,-4.676698423131953,2012-10-02,Tcrs,1741.0,Private individual,Water_Point_694,,Lake Tanganyika,Subvillage_70,Manyara,7,18,LGA_15,Ward_72,GeoData Consultants Ltd,VWC,Scheme_9,,,submersible,motorpump,gravity,wua,other,other,pay monthly,fluoride abandoned,fluoride,dry,dry,spring,lake,surface,other,cattle trough,non functional
10695,37.03608742977494,-6.338239667291589,2011-06-24,Tasaf,1658.0,Kkkt,Water_Point_695,,Lake Rukwa,Subvillage_22,Njombe,11,71,LGA_6,Ward_36,GeoData Consultants Ltd,,Scheme_47,True,1962.0,gravity,other,other,vwc,parastatal,never pay,pay per bucket,soft,salty,dry,enough,other,lake,groundwater,communal standpipe,cattle trough,functional needs repair
10696,36.566542114658105,-1.3960268680500487,2013-01-24,Government Of Tanzania,172.0,Danida,Water_Point_696,1.0,Pangani,Subvillage_45,Mbeya,1,82,LGA_5,Ward_83,GeoData Consultants Ltd,WUA,Scheme_15,False,,gravity,other,gravity,other,user-group,pay per bucket,never pay,soft,,insufficient,dry,,other,groundwater,communal standpipe,hand pump,functional
10697,30.71547912827259,-5.10323406929397,2012-09-05,Tasaf,2268.0,Private individual,Water_Point_697,0.0,Lake Rukwa,Subvillage_2,Mtwara,12,60,LGA_25,Ward_118,GeoData Consultants Ltd,WUA,Scheme_97,,1999.0,motorpump,handpump,motorpump,vwc,other,other,pay annually,fluoride abandoned,fluoride,dry,insufficient,lake,,groundwater,cattle trough,improved spring,non functional
10698,37.42902597442976,,2012-08-06,Other,487.0,Community,Water_Point_698,8.0,Lake Nyasa,Subvillage_64,Dar es Salaam,1,66,LGA_4,Ward_12,GeoData Consultants Ltd,,Scheme_23,True,1968.0,other,motorpump,motorpump,wua,parastatal,pay per bucket,never pay,milky,salty,dry,insufficient,well,spring,surface,improved spring,improved spring,functional
10699,29.536771157294066,-2.093648426392832,2011-09-19,Danida,1838.0,Dwe,Water_Point_699,7.0,Lake Nyasa,Subvillage_54,Manyara,22,97,LGA_29,Ward_149,GeoData Consultants Ltd,WUA,Scheme_3,False,1974.0,handpump,gravity,handpump,other,parastatal,pay monthly,other,fluoride,milky,seasonal,dry,other,spring,surface,improved spring,hand pump,functional needs repair
10700,36.98016718710768,-9.134986706321072,2011-09-27,Hesawa,1579.0,Rural Water Supply And Sanitation Programme,Water_Point_700,5.0,Rufiji,Subvillage_18,Songwe,4,17,LGA_47,Ward_118,GeoData Consultants Ltd,VWC,,True,1998.0,submersible,other,handpump,vwc,user-group,pay annually,pay monthly,soft,salty,enough,dry,lake,shallow well,surface,cattle trough,other,non functional
10701,32.040075859521295,-4.630417054181367,2012-10-09,Rwssp,,Community,Water_Point_701,,Pangani,Subvillage_2,Ruvuma,7,47,LGA_26,Ward_54,GeoData Consultants Ltd,,,True,2001.0,gravity,,handpump,,commercial,,other,fluoride,milky,insufficient,insufficient,borehole,borehole,groundwater,communal standpipe,other,non functional
10702,35.496554182306895,-3.632978384266673,2012-11-15,Unicef,736.0,District Council,Water_Point_702,9.0,Lake Victoria,Subvillage_29,Pwani,15,59,LGA_35,Ward_115,GeoData Consultants Ltd,Other,Scheme_52,True,,handpump,gravity,other,wua,commercial,pay per bucket,pay monthly,fluoride abandoned,milky,seasonal,insufficient,river,other,surface,improved spring,other,functional
10703,32.38970880687657,-7.5692089767682535,2013-03-05,Rwssp,1458.0,Rural Water Supply And Sanitation Programme,,8.0,Lake Rukwa,Subvillage_10,Katavi,5,55,LGA_26,Ward_4,GeoData Consultants Ltd,WUA,,,1985.0,other,handpump,handpump,water authority,other,pay monthly,never pay,,good,enough,dry,lake,other,surface,improved spring,cattle trough,non functional
10704,,-3.2102441919204843,2012-03-18,,1261.0,Community,Water_Point_704,5.0,Lake Tanganyika,,Lindi,12,14,LGA_30,Ward_183,GeoData Consultants Ltd,Private operator,,True,1969.0,motorpump,motorpump,gravity,vwc,other,pay annually,never pay,fluoride,good,enough,dry,lake,river,surface,other,other,functional
10705,38.2948097614371,-8.027176209887806,2012-07-07,Wsdp,1815.0,,Water_Point_705,7.0,Wami / Ruvu,Subvillage_51,Geita,14,75,LGA_35,Ward_1,GeoData Consultants Ltd,Other,Scheme_1,False,1999.0,submersible,motorpump,motorpump,water authority,commercial,other,pay monthly,fluoride,fluoride,dry,dry,borehole,,groundwater,cattle trough,cattle trough,functional needs repair
10706,35.66877228731824,-2.96136760028336,2013-04-10,Danida,2325.0,Hesawa,Water_Point_706,2.0,Lake Nyasa,,Geita,1,87,LGA_26,Ward_120,GeoData Consultants Ltd,,,False,,handpump,other,motorpump,private operator,parastatal,,,milky,milky,,dry,well,shallow well,surface,other,other,functional
10707,30.460797817077115,-5.977312235575898,2012-12-30,,1567.0,World Bank,Water_Point_707,5.0,Pangani,Subvillage_18,Arusha,10,77,LGA_32,Ward_60,GeoData Consultants Ltd,,Scheme_41,False,2011.0,other,gravity,gravity,water authority,parastatal,pay per bucket,pay per bucket,colored,milky,seasonal,enough,river,lake,surface,communal standpipe,improved spring,functional
10708,35.79135836189357,-11.25913418540196,2011-03-12,Danida,2065.0,,Water_Point_708,7.0,Lake Tanganyika,Subvillage_58,Mtwara,24,66,LGA_40,Ward_71,GeoData Consultants Ltd,Private operator,,,1988.0,gravity,motorpump,gravity,vwc,commercial,,pay per bucket,milky,salty,enough,enough,borehole,river,groundwater,communal standpipe,communal standpipe,non functional
10709,29.66163806469548,-7.014653730010082,2012-12-04,Rural Water Supply And Sanitation Programme,2272.0,Tcrs,Water_Point_709,,Internal,Subvillage_4,Geita,8,12,LGA_24,Ward_88,GeoData Consultants Ltd,VWC,Scheme_2,,1978.0,,other,motorpump,water authority,parastatal,never pay,pay annually,milky,salty,,enough,spring,shallow well,surface,improved spring,hand pump,functional
10710,32.476980015623624,-4.285484354298417,2011-06-19,Danida,872.0,Unicef,Water_Point_710,6.0,Lake Victoria,Subvillage_17,Rukwa,13,2,LGA_17,Ward_65,GeoData Consultants Ltd,WUA,,False,1978.0,motorpump,motorpump,other,other,user-group,pay annually,other,milky,good,dry,dry,,shallow well,surface,communal standpipe,hand pump,functional needs repair
10711,38.60737568581849,-9.390234118706642,2011-11-17,Rwssp,1549.0,Community,Water_Point_711,0.0,Lake Rukwa,Subvillage_33,Tabora,24,62,LGA_28,Ward_29,GeoData Consultants Ltd,,Scheme_38,False,2003.0,other,gravity,other,other,commercial,never pay,other,fluoride,salty,insufficient,enough,lake,river,surface,other,other,non functional
10712,35.48187553717125,-7.475549033093485,2011-04-16,,165.0,,Water_Point_712,6.0,Pangani,Subvillage_55,Mwanza,10,90,LGA_10,Ward_14,GeoData Consultants Ltd,,Scheme_29,False,2002.0,submersible,handpump,handpump,other,commercial,pay annually,pay annually,fluoride abandoned,fluoride,dry,dry,lake,lake,surface,improved spring,communal standpipe,functional
10713,3.555079651310077,4.511848036873388,2013-01-17,,198.0,,,1.0,Pangani,,Iringa,24,21,LGA_18,Ward_142,GeoData Consultants Ltd,Water authority,Scheme_64,,2008.0,submersible,gravity,handpump,water authority,other,pay per bucket,pay monthly,colored,milky,enough,insufficient,borehole,shallow well,surface,hand pump,cattle trough,functional
10714,39.94513943454511,-8.448244663057116,2011-05-23,Community,1301.0,Dwe,Water_Point_714,,Rufiji,Subvillage_15,Songwe,16,40,LGA_34,Ward_189,GeoData Consultants Ltd,WUA,,False,,handpump,gravity,other,private operator,,never pay,pay monthly,milky,fluoride,,insufficient,river,spring,surface,other,improved spring,functional
10715,32.81063599483358,-9.89221524658373,2011-07-07,Rural Water Supply And Sanitation Programme,1890.0,Rwssp,Water_Point_715,8.0,Wami / Ruvu,,Pwani,21,52,LGA_24,Ward_154,GeoData Consultants Ltd,Private operator,,,2000.0,submersible,gravity,other,wua,other,pay annually,pay monthly,salty,,enough,insufficient,other,river,surface,improved spring,,non functional
10716,39.58964404862135,-7.90207534598959,2011-11-21,Kkkt,1945.0,World Vision,Water_Point_716,,Internal,Subvillage_80,Singida,13,39,LGA_31,Ward_152,GeoData Consultants Ltd,WUA,Scheme_49,,2004.0,handpump,motorpump,gravity,wua,other,other,pay annually,fluoride,good,enough,insufficient,spring,other,groundwater,other,cattle trough,functional needs repair
10717,38.83216411975059,-5.7279498720015845,2011-03-02,Tasaf,957.0,Oxfam,Water_Point_717,1.0,Internal,Subvillage_51,Kilimanjaro,24,46,LGA_36,Ward_141,GeoData Consultants Ltd,WUA,,False,,handpump,gravity,other,vwc,commercial,other,pay per bucket,colored,colored,seasonal,enough,river,borehole,groundwater,communal standpipe,hand pump,functional
10718,34.59708997315203,-1.4386979497643289,2013-08-04,District Council,480.0,Kkkt,Water_Point_718,0.0,Wami / Ruvu,Subvillage_25,Njombe,2,18,LGA_41,Ward_93,GeoData Consultants Ltd,,,False,1963.0,submersible,other,other,other,parastatal,pay per bucket,pay monthly,milky,colored,seasonal,dry,other,other,groundwater,cattle trough,cattle trough,functional
10719,37.1950664114694,-7.124204071521861,2012-10-01,World Vision,478.0,Rural Water Supply And Sanitation Programme,Water_Point_719,,Lake Tanganyika,Subvillage_73,Rukwa,18,32,LGA_32,Ward_54,GeoData Consultants Ltd,WUA,,,2006.0,submersible,gravity,handpump,other,other,pay monthly,other,fluoride,milky,dry,enough,lake,river,surface,other,other,functional needs repair
10720,30.51631872020164,-11.380116481009562,2012-11-11,District Council,372.0,Tasaf,Water_Point_720,5.0,Lake Nyasa,Subvillage_10,Kigoma,17,87,LGA_19,Ward_65,GeoData Consultants Ltd,,Scheme_26,False,2006.0,motorpump,motorpump,,wua,parastatal,pay per bucket,pay per bucket,fluoride,salty,dry,dry,other,borehole,surface,cattle trough,other,functional needs repair
10721,29.759931939940916,-2.4955244516571184,2011-04-10,District Council,186.0,Government Of Tanzania,Water_Point_721,,Ruvuma / Southern Coast,Subvillage_84,Mara,13,20,LGA_4,Ward_36,GeoData Consultants Ltd,,,False,1976.0,gravity,handpump,handpump,vwc,other,pay per bucket,pay monthly,milky,salty,seasonal,dry,other,shallow well,groundwater,cattle trough,cattle trough,functional
10722,35.05190267779265,-7.139017833907395,2013-04-03,Community,2237.0,Rwssp,Water_Point_722,5.0,Lake Tanganyika,Subvillage_15,Mara,22,31,LGA_9,Ward_190,GeoData Consultants Ltd,,,True,,motorpump,gravity,motorpump,water authority,user-group,other,other,soft,colored,seasonal,dry,river,other,surface,other,improved spring,non functional
10723,36.865577890465545,-8.360180067649447,2013-03-13,Tcrs,2099.0,Other,Water_Point_723,6.0,Lake Rukwa,Subvillage_66,Mwanza,24,28,LGA_25,Ward_75,GeoData Consultants Ltd,WUA,,False,1996.0,gravity,gravity,other,wua,user-group,pay annually,pay annually,fluoride,fluoride,seasonal,dry,borehole,shallow well,surface,improved spring,cattle trough,functional needs repair
10724,30.838312223622637,-6.663715080290132,2012-03-13,Hesawa,2179.0,Other,Water_Point_724,,Rufiji,Subvillage_48,Morogoro,25,6,LGA_38,Ward_189,GeoData Consultants Ltd,VWC,Scheme_53,True,,submersible,,motorpump,vwc,,other,pay per bucket,salty,colored,,insufficient,river,other,surface,improved spring,other,functional
10725,35.68258607367066,-1.6551924963481195,2012-09-10,,1410.0,Other,Water_Point_725,,Rufiji,Subvillage_27,Manyara,24,38,LGA_3,Ward_144,GeoData Consultants Ltd,VWC,,True,,gravity,motorpump,gravity,water authority,user-group,pay monthly,pay monthly,milky,salty,enough,enough,borehole,lake,surface,improved spring,communal standpipe,functional needs repair
10726,29.329046371330666,-2.6496743129902285,2011-03-22,Community,2173.0,Danida,Water_Point_726,,Lake Victoria,Subvillage_78,Ruvuma,12,57,LGA_22,Ward_18,GeoData Consultants Ltd,,,True,,submersible,other,handpump,other,commercial,pay annually,pay annually,salty,good,,insufficient,lake,other,surface,communal standpipe,improved spring,functional
10727,29.981918869478335,-2.110439351822608,2011-06-30,Government Of Tanzania,1365.0,World Vision,Water_Point_727,3.0,Ruvuma / Southern Coast,Subvillage_62,Mara,12,20,LGA_39,Ward_39,GeoData Consultants Ltd,,,False,1968.0,motorpump,other,other,vwc,parastatal,,,fluoride abandoned,,enough,enough,river,shallow well,surface,improved spring,hand pump,functional
10728,31.875890935540745,,2013-03-05,Tcrs,1108.0,,Water_Point_728,2.0,Rufiji,Subvillage_45,Manyara,18,7,LGA_30,Ward_78,GeoData Consultants Ltd,Water authority,Scheme_64,,,handpump,gravity,gravity,private operator,other,never pay,never pay,soft,salty,seasonal,dry,well,shallow well,surface,hand pump,communal standpipe,functional
10729,30.483367278795065,-5.962965578687626,2013-09-24,,2075.0,Tasaf,Water_Point_729,,Wami / Ruvu,Subvillage_91,Simiyu,25,43,LGA_46,Ward_144,GeoData Consultants Ltd,Other,,,1985.0,motorpump,handpump,gravity,private operator,user-group,never pay,pay annually,fluoride,,insufficient,enough,borehole,river,groundwater,cattle trough,hand pump,functional needs repair
10730,29.13796180922077,-5.977440552893993,2012-07-18,,520.0,Unicef,Water_Point_730,,Pangani,Subvillage_69,Iringa,15,92,LGA_28,Ward_5,GeoData Consultants Ltd,WUA,Scheme_66,False,1963.0,gravity,other,gravity,water authority,user-group,pay per bucket,pay annually,milky,good,enough,dry,lake,shallow well,surface,cattle trough,improved spring,functional needs repair
10731,35.59543776943372,-4.406781333433651,2013-01-06,World Bank,1032.0,Community,Water_Point_731,9.0,Lake Tanganyika,Subvillage_77,Singida,9,69,LGA_18,Ward_125,GeoData Consultants Ltd,WUA,,,1988.0,handpump,motorpump,handpump,water authority,user-group,pay annually,other,salty,milky,insufficient,dry,borehole,borehole,groundwater,improved spring,hand pump,non functional
10732,38.163990811586395,-7.754125193545015,2011-12-15,Unicef,1000.0,Tcrs,Water_Point_732,,Lake Nyasa,Subvillage_32,Dar es Salaam,9,58,LGA_35,Ward_53,GeoData Consultants Ltd,,Scheme_58,False,1980.0,gravity,gravity,handpump,private operator,parastatal,pay monthly,pay monthly,milky,good,enough,dry,river,spring,surface,other,cattle trough,non functional
10733,37.7158906592162,-5.72732738121784,2011-01-21,Tcrs,1428.0,Dwe,Water_Point_733,4.0,Wami / Ruvu,Subvillage_80,Lindi,15,87,LGA_4,Ward_152,GeoData Consultants Ltd,WUA,,True,1979.0,submersible,gravity,motorpump,private operator,parastatal,,pay per bucket,milky,colored,dry,enough,well,lake,groundwater,other,hand pump,functional needs repair
10734,34.67923587654969,-11.127589755274247,2011-04-29,Danida,2332.0,Wsdp,Water_Point_734,,Ruvuma / Southern Coast,Subvillage_69,Songwe,15,88,LGA_32,Ward_85,GeoData Consultants Ltd,Private operator,,,1982.0,handpump,motorpump,gravity,water authority,commercial,never pay,pay annually,fluoride,colored,insufficient,insufficient,borehole,borehole,surface,communal standpipe,other,functional
10735,35.900847124699766,-6.207038909856218,2013-08-02,Rural Water Supply And Sanitation Programme,1816.0,,Water_Point_735,0.0,Lake Victoria,Subvillage_17,Arusha,3,36,LGA_13,Ward_59,GeoData Consultants Ltd,,,,,other,other,motorpump,vwc,,never pay,pay monthly,,colored,enough,insufficient,other,borehole,surface,hand pump,cattle trough,non functional
10736,34.60506487400567,-4.851833718442493,2012-02-25,Tcrs,1669.0,World Bank,Water_Point_736,2.0,Ruvuma / Southern Coast,Subvillage_27,Pwani,3,60,LGA_32,Ward_90,GeoData Consultants Ltd,Private operator,,,1985.0,motorpump,other,handpump,wua,parastatal,pay annually,other,,fluoride,enough,enough,river,shallow well,surface,communal standpipe,communal standpipe,functional needs repair
10737,34.28485314175058,-4.123412955794178,2013-09-08,,1740.0,Wsdp,Water_Point_737,6.0,Ruvuma / Southern Coast,Subvillage_13,Njombe,12,6,LGA_34,Ward_47,GeoData Consultants Ltd,,,,2000.0,gravity,gravity,gravity,other,user-group,never pay,pay annually,milky,colored,,insufficient,lake,shallow well,surface,improved spring,hand pump,functional
10738,37.310683563563835,-4.0824910389709315,2013-01-10,Kkkt,2223.0,Kkkt,Water_Point_738,9.0,Lake Nyasa,Subvillage_26,Tabora,3,49,LGA_43,Ward_88,GeoData Consultants Ltd,VWC,Scheme_15,True,1966.0,motorpump,motorpump,gravity,water authority,other,pay monthly,pay annually,fluoride,milky,seasonal,insufficient,,spring,surface,other,communal standpipe,non functional
10739,33.25778773419221,-5.7487540733323845,2012-07-08,Unicef,1419.0,District Council,Water_Point_739,,Lake Rukwa,Subvillage_59,Ruvuma,12,62,LGA_12,Ward_158,GeoData Consultants Ltd,,Scheme_84,True,,handpump,handpump,gravity,water authority,,pay annually,pay annually,soft,good,enough,dry,lake,borehole,surface,hand pump,improved spring,functional needs repair
10740,36.2595398641247,-10.75374168620506,2011-03-15,Tasaf,342.0,Rwssp,Water_Point_740,6.0,Rufiji,Subvillage_7,Geita,13,37,LGA_21,Ward_98,GeoData Consultants Ltd,,Scheme_98,False,1988.0,motorpump,gravity,handpump,other,other,never pay,pay annually,salty,milky,insufficient,insufficient,lake,spring,surface,hand pump,other,functional needs repair
10741,33.99404159617276,-7.108502089494568,2013-04-28,,1147.0,Kkkt,Water_Point_741,6.0,Pangani,,Tanga,8,65,LGA_9,Ward_113,GeoData Consultants Ltd,Water authority,,True,,submersible,handpump,motorpump,,parastatal,other,other,,good,dry,enough,spring,other,groundwater,hand pump,cattle trough,functional needs repair
10742,31.739639173842306,-9.17653693015769,2011-10-19,,1248.0,,Water_Point_742,,Internal,Subvillage_83,Kilimanjaro,1,97,LGA_49,Ward_145,GeoData Consultants Ltd,Water authority,,False,1988.0,gravity,other,handpump,water authority,,pay per bucket,pay monthly,colored,good,enough,enough,borehole,river,surface,other,hand pump,functional needs repair
10743,39.26819673621854,-4.320886451893029,2012-02-24,Wsdp,795.0,Unicef,Water_Point_743,2.0,Pangani,Subvillage_68,Iringa,18,96,LGA_27,Ward_74,GeoData Consultants Ltd,VWC,Scheme_60,True,1979.0,gravity,motorpump,gravity,private operator,commercial,pay annually,pay monthly,salty,colored,dry,enough,,lake,groundwater,improved spring,hand pump,non functional
10744,33.997711802028846,-7.1278651684501675,2013-05-03,Tasaf,1106.0,Hesawa,Water_Point_744,0.0,Wami / Ruvu,,Kilimanjaro,15,85,LGA_26,Ward_128,GeoData Consultants Ltd,Water authority,,False,,submersible,motorpump,motorpump,vwc,parastatal,,other,colored,colored,dry,dry,spring,shallow well,surface,cattle trough,hand pump,non functional
10745,,-11.245854321931006,2012-05-26,Hesawa,1601.0,Unicef,Water_Point_745,7.0,Ruvuma / Southern Coast,Subvillage_18,Mbeya,4,2,LGA_20,Ward_120,GeoData Consultants Ltd,Private operator,Scheme_46,False,1983.0,,gravity,gravity,vwc,parastatal,never pay,pay per bucket,milky,good,enough,enough,river,river,surface,communal standpipe,hand pump,functional
10746,33.968749108905925,-9.325435515636238,2013-05-08,Tasaf,2174.0,Community,Water_Point_746,1.0,Rufiji,Subvillage_61,Mbeya,23,76,LGA_23,Ward_53,GeoData Consultants Ltd,Private operator,,,,gravity,motorpump,handpump,private operator,,pay annually,pay per bucket,colored,good,insufficient,insufficient,lake,spring,groundwater,communal standpipe,improved spring,non functional
10747,36.801338975989374,-2.306387232788758,2012-09-30,Dwe,1564.0,Tasaf,Water_Point_747,9.0,Lake Tanganyika,Subvillage_4,Mbeya,21,51,LGA_19,Ward_111,GeoData Consultants Ltd,,,True,,handpump,,handpump,water authority,parastatal,other,pay annually,fluoride,fluoride,seasonal,enough,spring,borehole,groundwater,cattle trough,other,functional
10748,35.26719675409293,-5.005013439340886,2011-05-04,Wsdp,2139.0,Other,Water_Point_748,,Wami / Ruvu,Subvillage_66,Singida,20,1,LGA_23,Ward_116,GeoData Consultants Ltd,WUA,Scheme_29,True,1960.0,,motorpump,motorpump,water authority,,other,,,good,dry,enough,other,lake,groundwater,hand pump,improved spring,functional
10749,36.03940444554045,-10.964971196775412,2011-11-06,Private individual,1760.0,Danida,Water_Point_749,6.0,Lake Victoria,,Njombe,7,13,LGA_42,Ward_170,GeoData Consultants Ltd,Water authority,,False,1963.0,motorpump,other,other,,commercial,other,pay per bucket,milky,colored,enough,insufficient,,shallow well,groundwater,cattle trough,improved spring,functional needs repair
10750,29.550317493084023,-10.397396063303367,2013-03-16,,1411.0,Private individual,Water_Point_750,8.0,Lake Nyasa,Subvillage_92,Mtwara,2,80,LGA_48,Ward_31,GeoData Consultants Ltd,,,,1970.0,handpump,motorpump,handpump,other,parastatal,pay per bucket,never pay,fluoride,colored,enough,insufficient,borehole,shallow well,surface,hand pump,other,functional
10751,31.667544728298562,-1.8867433682623371,2011-05-13,Hesawa,1521.0,Rwssp,Water_Point_751,1.0,Lake Rukwa,Subvillage_70,Dar es Salaam,6,82,LGA_45,Ward_9,GeoData Consultants Ltd,Water authority,,,,motorpump,other,other,private operator,commercial,pay annually,pay annually,fluoride,good,dry,insufficient,other,lake,surface,other,cattle trough,functional needs repair
10752,37.279096699960235,-11.172332893127702,2011-03-20,,1186.0,Wsdp,Water_Point_752,1.0,Lake Tanganyika,Subvillage_22,Kilimanjaro,10,24,LGA_26,Ward_159,GeoData Consultants Ltd,,,False,,submersible,other,gravity,,commercial,pay monthly,pay annually,soft,salty,insufficient,dry,well,shallow well,groundwater,hand pump,improved spring,non functional
10753,38.09929332191277,-1.53629541301963,2013-06-24,Private individual,2424.0,Tasaf,Water_Point_753,0.0,Wami / Ruvu,Subvillage_26,Tanga,11,30,LGA_33,Ward_138,GeoData Consultants Ltd,Private operator,,False,2010.0,submersible,handpump,handpump,wua,commercial,never pay,never pay,fluoride abandoned,good,insufficient,insufficient,well,other,groundwater,communal standpipe,,functional
10754,29.075147211643454,-6.436125832830413,2012-05-22,Other,781.0,Kkkt,Water_Point_754,6.0,Lake Rukwa,Subvillage_16,Tabora,2,7,LGA_20,Ward_159,GeoData Consultants Ltd,VWC,Scheme_17,True,1994.0,motorpump,gravity,,vwc,user-group,pay per bucket,never pay,colored,milky,enough,enough,other,other,groundwater,hand pump,hand pump,non functional
10755,,-6.542856120495315,2012-04-20,Community,288.0,,Water_Point_755,1.0,Rufiji,Subvillage_97,Dodoma,5,96,LGA_40,Ward_63,GeoData Consultants Ltd,Other,,True,2004.0,submersible,handpump,gravity,vwc,commercial,other,other,salty,fluoride,enough,dry,other,shallow well,surface,communal standpipe,hand pump,functional
10756,40.40971836100545,-8.676243052359927,2012-07-07,Danida,1639.0,Oxfam,Water_Point_756,3.0,Internal,Subvillage_39,Simiyu,14,29,LGA_42,Ward_14,GeoData Consultants Ltd,Water authority,,,1980.0,gravity,other,gravity,private operator,user-group,other,other,fluoride,milky,enough,insufficient,other,lake,groundwater,other,hand pump,functional
10757,34.731091485835755,-3.0104480722977147,2011-05-21,Danida,935.0,Rural Water Supply And Sanitation Programme,Water_Point_757,5.0,Lake Tanganyika,Subvillage_65,Iringa,15,97,LGA_48,Ward_153,GeoData Consultants Ltd,,Scheme_98,True,2009.0,submersible,handpump,gravity,wua,other,other,never pay,fluoride abandoned,milky,dry,dry,river,other,surface,hand pump,hand pump,functional
10758,31.053951800136335,-3.7659528901931507,2013-02-11,Private individual,,Tasaf,Water_Point_758,7.0,Rufiji,Subvillage_48,Mbeya,20,32,LGA_2,Ward_60,GeoData Consultants Ltd,Other,Scheme_10,False,1992.0,gravity,gravity,handpump,,other,other,,,milky,enough,dry,spring,other,surface,hand pump,communal standpipe,functional needs repair
10759,29.06137045056903,-4.699729811081635,2011-10-21,Oxfam,167.0,World Bank,Water_Point_759,6.0,Rufiji,Subvillage_68,Singida,18,77,LGA_13,Ward_189,GeoData Consultants Ltd,Water authority,,True,,handpump,handpump,motorpump,water authority,commercial,pay per bucket,pay monthly,fluoride abandoned,salty,insufficient,enough,river,river,surface,improved spring,communal standpipe,functional needs repair
10760,30.52539477630592,-5.862838442313025,2011-05-19,Rwssp,2037.0,Other,Water_Point_760,0.0,Ruvuma / Southern Coast,Subvillage_81,Geita,21,43,LGA_22,Ward_103,GeoData Consultants Ltd,,Scheme_5,,1987.0,submersible,gravity,gravity,vwc,parastatal,pay monthly,pay annually,fluoride,fluoride,insufficient,enough,spring,spring,groundwater,hand pump,other,functional needs repair
10761,39.265416807666746,-10.594194984855337,2011-06-13,District Council,2226.0,World Vision,Water_Point_761,1.0,Rufiji,,Kagera,24,7,LGA_43,Ward_159,GeoData Consultants Ltd,Private operator,,True,1988.0,gravity,handpump,other,private operator,other,pay monthly,pay annually,fluoride,milky,seasonal,enough,river,,groundwater,cattle trough,improved spring,functional needs repair
10762,37.26636931135229,-5.47171175177602,2012-05-24,Rural Water Supply And Sanitation Programme,1232.0,,Water_Point_762,7.0,Wami / Ruvu,Subvillage_16,Dodoma,4,45,LGA_10,Ward_63,GeoData Consultants Ltd,Water authority,,True,1974.0,gravity,handpump,gravity,private operator,,other,pay monthly,fluoride abandoned,milky,dry,dry,spring,shallow well,surface,hand pump,communal standpipe,non functional
10763,35.23512532217141,-11.060659374145471,2011-06-01,,1492.0,Kkkt,Water_Point_763,,Wami / Ruvu,Subvillage_58,Dodoma,25,56,LGA_19,Ward_9,GeoData Consultants Ltd,,,True,1976.0,gravity,handpump,motorpump,vwc,user-group,pay per bucket,pay annually,colored,milky,dry,insufficient,river,lake,groundwater,communal standpipe,other,non functional
10764,35.53358216798016,-9.250471943686131,2011-01-19,Danida,,World Bank,Water_Point_764,1.0,Ruvuma / Southern Coast,Subvillage_12,Tanga,4,52,LGA_41,Ward_105,GeoData Consultants Ltd,WUA,,True,1986.0,gravity,gravity,,private operator,,pay per bucket,pay per bucket,colored,salty,enough,enough,borehole,spring,surface,cattle trough,communal standpipe,non functional
10765,37.230573623787954,-7.864682574408474,2013-08-22,Dwe,1873.0,,Water_Point_765,5.0,Internal,Subvillage_78,Kilimanjaro,10,64,LGA_9,Ward_181,GeoData Consultants Ltd,,,False,1962.0,other,,gravity,other,other,other,pay per bucket,salty,salty,seasonal,insufficient,river,spring,groundwater,other,cattle trough,functional needs repair
10766,37.24298540991387,-10.874324791947405,2013-04-22,World Vision,721.0,Government Of Tanzania,Water_Point_766,0.0,Lake Nyasa,Subvillage_24,Morogoro,3,99,LGA_27,Ward_76,GeoData Consultants Ltd,VWC,,False,,gravity,handpump,gravity,vwc,other,pay per bucket,pay annually,fluoride abandoned,fluoride,seasonal,enough,other,river,surface,communal standpipe,improved spring,non functional
10767,38.86915985766852,-4.851638379794666,2013-03-11,Other,727.0,,Water_Point_767,6.0,Internal,Subvillage_70,Geita,11,51,LGA_22,Ward_123,GeoData Consultants Ltd,Private operator,,True,1976.0,handpump,motorpump,other,private operator,,,never pay,salty,,enough,dry,river,other,surface,other,communal standpipe,functional needs repair
10768,35.00227923597557,-4.237880940587763,2011-05-14,,259.0,,Water_Point_768,,Rufiji,Subvillage_72,Arusha,8,90,LGA_27,Ward_97,GeoData Consultants Ltd,,,False,1993.0,handpump,handpump,gravity,vwc,,pay monthly,,fluoride,salty,seasonal,enough,other,spring,surface,other,improved spring,non functional
10769,37.226387365406524,-8.408073687863263,2013-08-31,Private individual,1307.0,World Vision,Water_Point_769,7.0,Wami / Ruvu,Subvillage_38,Mtwara,5,2,LGA_3,Ward_171,GeoData Consultants Ltd,VWC,,True,,handpump,other,gravity,vwc,other,pay annually,pay annually,fluoride abandoned,colored,insufficient,dry,borehole,river,groundwater,hand pump,improved spring,functional needs repair
10770,35.90135423963355,-11.624791006127767,2013-03-02,Oxfam,1797.0,,Water_Point_770,,Ruvuma / Southern Coast,Subvillage_29,Kigoma,13,12,LGA_21,Ward_73,GeoData Consultants Ltd,Private operator,,False,2010.0,other,motorpump,motorpump,other,other,never pay,pay monthly,colored,fluoride,insufficient,dry,river,spring,surface,cattle trough,other,non functional
10771,33.62566553901267,-2.959160399437657,2011-10-05,World Bank,138.0,,Water_Point_771,,Lake Victoria,Subvillage_8,Mara,23,6,LGA_15,Ward_143,GeoData Consultants Ltd,VWC,Scheme_5,,1998.0,submersible,other,gravity,water authority,other,,never pay,salty,colored,enough,dry,other,spring,surface,improved spring,improved spring,functional
10772,36.746093621100336,-11.339505177600985,2011-05-31,,1190.0,,Water_Point_772,8.0,Pangani,Subvillage_51,Kigoma,11,78,LGA_32,Ward_69,GeoData Consultants Ltd,Water authority,,,1990.0,handpump,gravity,motorpump,vwc,parastatal,other,pay annually,colored,colored,enough,enough,other,shallow well,groundwater,improved spring,improved spring,non functional
10773,37.95216376208633,-1.0925712519436477,2013-08-27,Government Of Tanzania,1082.0,,Water_Point_773,,Pangani,Subvillage_99,Dar es Salaam,24,8,LGA_7,Ward_132,GeoData Consultants Ltd,,,False,,handpump,gravity,handpump,other,other,never pay,other,,colored,,enough,other,lake,surface,other,cattle trough,functional
10774,30.878256159177123,-8.558945441073035,2012-06-27,Tcrs,2128.0,Kkkt,Water_Point_774,,Internal,,Dar es Salaam,6,85,LGA_45,Ward_46,GeoData Consultants Ltd,Other,,,1997.0,motorpump,other,gravity,water authority,,pay per bucket,pay annually,salty,good,seasonal,insufficient,river,other,groundwater,communal standpipe,improved spring,functional
10775,31.42295048872997,-9.544978519969035,2012-09-10,Oxfam,2434.0,Unicef,Water_Point_775,9.0,Lake Victoria,Subvillage_8,Njombe,6,27,LGA_26,Ward_23,GeoData Consultants Ltd,,,False,,motorpump,motorpump,motorpump,vwc,commercial,pay monthly,other,milky,milky,insufficient,enough,well,lake,surface,cattle trough,improved spring,non functional
10776,37.67803777715168,-6.5350991655742705,2011-09-20,,204.0,Private individual,Water_Point_776,,Ruvuma / Southern Coast,,Singida,8,42,LGA_39,Ward_63,GeoData Consultants Ltd,Other,Scheme_29,True,2010.0,motorpump,other,gravity,wua,,pay monthly,other,fluoride,milky,insufficient,enough,borehole,other,surface,improved spring,cattle trough,functional
10777,36.571293336527766,-1.512236975329209,2012-10-08,World Bank,2389.0,Tasaf,Water_Point_777,,Internal,,Lindi,16,97,LGA_11,Ward_160,GeoData Consultants Ltd,Other,Scheme_20,True,1984.0,handpump,other,,wua,commercial,never pay,pay annually,soft,,dry,dry,river,spring,surface,communal standpipe,improved spring,functional needs repair
10778,33.070127033190204,-1.906852268800975,2011-07-11,Kkkt,192.0,Kkkt,Water_Point_778,1.0,Lake Nyasa,Subvillage_46,Mbeya,9,13,LGA_20,Ward_59,GeoData Consultants Ltd,VWC,Scheme_41,,2004.0,submersible,other,gravity,vwc,user-group,pay per bucket,pay annually,colored,fluoride,dry,dry,other,river,surface,hand pump,cattle trough,non functional
10779,36.810964780341166,-9.49326379421813,2011-11-30,,1083.0,Tcrs,Water_Point_779,5.0,Lake Victoria,Subvillage_93,Katavi,9,56,LGA_25,Ward_151,GeoData Consultants Ltd,,Scheme_65,False,1966.0,other,handpump,motorpump,water authority,other,pay monthly,pay monthly,milky,,insufficient,dry,borehole,borehole,groundwater,cattle trough,hand pump,functional needs repair
10780,37.967238682234466,-11.568473504035733,2011-04-04,Other,53.0,Tcrs,Water_Point_780,,Lake Victoria,Subvillage_88,Morogoro,24,96,LGA_19,Ward_93,GeoData Consultants Ltd,,,,1964.0,gravity,handpump,other,other,commercial,pay per bucket,pay monthly,fluoride abandoned,,insufficient,insufficient,borehole,river,groundwater,improved spring,,functional
10781,34.681250191023466,-9.638898880022344,2012-06-29,Tcrs,295.0,,Water_Point_781,4.0,Internal,Subvillage_2,Kagera,3,9,LGA_11,Ward_67,GeoData Consultants Ltd,VWC,Scheme_70,,2000.0,other,other,other,wua,other,pay monthly,pay annually,fluoride,milky,enough,insufficient,other,shallow well,groundwater,cattle trough,hand pump,non functional
10782,29.715879740557455,-10.387204846814557,2012-02-12,Oxfam,1188.0,World Bank,Water_Point_782,1.0,Lake Tanganyika,,Tabora,2,39,LGA_18,Ward_94,GeoData Consultants Ltd,WUA,Scheme_17,,2007.0,motorpump,motorpump,handpump,wua,other,other,never pay,salty,good,dry,enough,lake,borehole,surface,communal standpipe,improved spring,functional
10783,31.686509552341448,-2.583899951866071,2011-07-20,Kkkt,671.0,Hesawa,Water_Point_783,,Rufiji,Subvillage_94,Mwanza,2,5,LGA_33,Ward_186,GeoData Consultants Ltd,VWC,Scheme_12,,2011.0,handpump,other,motorpump,water authority,,other,pay per bucket,colored,good,dry,insufficient,spring,other,groundwater,other,improved spring,non functional
10784,32.53099465199201,-3.9025078609388277,2013-07-30,World Bank,1518.0,,Water_Point_784,4.0,Internal,Subvillage_79,Tanga,25,2,LGA_30,Ward_58,GeoData Consultants Ltd,Private operator,,True,2000.0,handpump,gravity,other,private operator,other,never pay,pay monthly,fluoride abandoned,good,dry,insufficient,other,river,surface,improved spring,improved spring,non functional
10785,33.94934441485895,-1.987683383425498,2013-05-04,Unicef,1039.0,World Bank,Water_Point_785,8.0,Lake Victoria,Subvillage_14,Dar es Salaam,17,30,LGA_46,Ward_98,GeoData Consultants Ltd,VWC,,True,,gravity,other,motorpump,wua,commercial,never pay,other,fluoride abandoned,salty,insufficient,insufficient,borehole,lake,groundwater,cattle trough,communal standpipe,functional needs repair
10786,31.153640516070794,-6.585405459988058,2011-07-05,Kkkt,1857.0,Other,Water_Point_786,5.0,Lake Rukwa,Subvillage_63,Iringa,4,78,LGA_35,Ward_127,GeoData Consultants Ltd,Private operator,Scheme_16,,,handpump,motorpump,gravity,water authority,user-group,pay monthly,pay per bucket,salty,colored,enough,insufficient,other,other,groundwater,improved spring,hand pump,functional needs repair
10787,34.783066260235756,-1.4758482764001357,2012-08-08,Dwe,323.0,District Council,Water_Point_787,3.0,Lake Tanganyika,Subvillage_64,Njombe,17,14,LGA_47,Ward_54,GeoData Consultants Ltd,VWC,,,1991.0,submersible,handpump,handpump,wua,user-group,other,pay monthly,salty,good,insufficient,enough,river,spring,surface,other,cattle trough,functional needs repair
10788,32.97869210087527,-10.452412847874111,2012-08-17,,2073.0,Community,Water_Point_788,0.0,Lake Victoria,,Lindi,19,50,LGA_45,Ward_22,GeoData Consultants Ltd,,,True,1996.0,gravity,other,gravity,vwc,user-group,other,never pay,milky,good,enough,dry,other,shallow well,groundwater,communal standpipe,communal standpipe,non functional
10789,38.51470156557196,-3.3823392407558472,2013-09-09,Unicef,1250.0,Rural Water Supply And Sanitation Programme,Water_Point_789,,Internal,,Singida,19,75,LGA_33,Ward_45,GeoData Consultants Ltd,VWC,Scheme_87,,1964.0,handpump,gravity,other,vwc,parastatal,pay annually,never pay,colored,good,seasonal,insufficient,river,borehole,groundwater,other,communal standpipe,functional
10790,34.85890541921644,-2.0746848625637373,2013-05-19,Other,1184.0,Oxfam,Water_Point_790,6.0,Rufiji,Subvillage_62,Geita,5,55,LGA_21,Ward_65,GeoData Consultants Ltd,Other,,,,other,handpump,handpump,water authority,commercial,other,,colored,,insufficient,insufficient,borehole,borehole,groundwater,other,improved spring,functional needs repair
10791,30.00959219576669,-5.484181425239843,2011-06-29,District Council,1282.0,Wsdp,Water_Point_791,2.0,Wami / Ruvu,Subvillage_17,Simiyu,8,14,LGA_16,Ward_18,GeoData Consultants Ltd,Private operator,,False,1998.0,,other,motorpump,wua,,pay per bucket,,salty,fluoride,insufficient,dry,river,borehole,groundwater,cattle trough,other,non functional
10792,34.629645509795765,-3.8987615096356887,2012-08-30,,946.0,Unicef,Water_Point_792,,Ruvuma / Southern Coast,,Rukwa,11,50,LGA_36,Ward_92,GeoData Consultants Ltd,Private operator,,True,1980.0,handpump,motorpump,handpump,other,user-group,pay monthly,never pay,,,dry,,spring,river,groundwater,hand pump,cattle trough,functional needs repair
10793,32.431060736037935,-4.7769051629204755,2012-12-18,World Bank,2280.0,,Water_Point_793,,Lake Tanganyika,Subvillage_72,Simiyu,15,25,LGA_21,Ward_178,GeoData Consultants Ltd,,Scheme_83,True,1990.0,handpump,handpump,gravity,private operator,other,pay per bucket,other,fluoride,milky,enough,,river,lake,surface,communal standpipe,improved spring,functional needs repair
10794,35.071482842801785,-5.4045421068054615,2011-05-29,Wsdp,289.0,Tcrs,Water_Point_794,5.0,Lake Nyasa,Subvillage_8,Mwanza,10,33,LGA_37,Ward_102,GeoData Consultants Ltd,Water authority,,True,2002.0,submersible,other,motorpump,private operator,other,pay per bucket,pay per bucket,fluoride,fluoride,enough,dry,,river,groundwater,communal standpipe,other,functional
10795,29.98993211091279,-5.078792643277428,2011-02-20,World Bank,1535.0,World Bank,Water_Point_795,9.0,Lake Tanganyika,,Tanga,14,61,LGA_40,Ward_117,GeoData Consultants Ltd,VWC,Scheme_18,True,1968.0,other,handpump,gravity,private operator,user-group,never pay,other,fluoride,fluoride,insufficient,insufficient,borehole,other,surface,other,improved spring,non functional
10796,30.296705361096187,-5.314575049097835,2011-10-06,Dwe,1752.0,Tasaf,,7.0,Lake Victoria,,Shinyanga,22,38,LGA_30,Ward_45,GeoData Consultants Ltd,,Scheme_52,,,motorpump,motorpump,handpump,private operator,other,,other,soft,good,insufficient,insufficient,,other,,cattle trough,cattle trough,functional
10797,31.999907516696506,-11.373245905096415,2011-02-17,Other,1631.0,District Council,Water_Point_797,7.0,Lake Tanganyika,Subvillage_14,Njombe,2,59,LGA_47,Ward_193,GeoData Consultants Ltd,Private operator,,,1971.0,handpump,handpump,motorpump,other,user-group,pay per bucket,never pay,fluoride abandoned,salty,enough,enough,spring,shallow well,groundwater,improved spring,hand pump,non functional
10798,33.06350038086124,-6.259820068557339,2012-01-19,Dwe,286.0,Rwssp,Water_Point_798,9.0,Ruvuma / Southern Coast,Subvillage_23,Morogoro,9,60,LGA_43,Ward_154,GeoData Consultants Ltd,,Scheme_47,True,1995.0,submersible,motorpump,handpump,water authority,commercial,pay monthly,pay per bucket,fluoride,colored,dry,insufficient,lake,borehole,groundwater,other,hand pump,functional
10799,31.740670250293476,-6.420313173773073,2013-05-24,,2362.0,Tcrs,Water_Point_799,2.0,Pangani,Subvillage_35,Ruvuma,23,86,LGA_44,Ward_9,GeoData Consultants Ltd,Other,Scheme_62,,,submersible,gravity,,other,parastatal,,pay monthly,soft,good,insufficient,insufficient,river,spring,surface,hand pump,other,functional
10800,34.44178138235031,-2.0066250400206833,2011-12-29,Wsdp,703.0,Other,Water_Point_800,8.0,Lake Tanganyika,,Tabora,21,24,LGA_28,Ward_46,GeoData Consultants Ltd,VWC,,True,,submersible,gravity,gravity,vwc,,pay per bucket,never pay,fluoride abandoned,milky,seasonal,dry,well,spring,surface,hand pump,other,non functional
10801,39.166048414859894,-5.242921615938171,2012-08-05,,666.0,,Water_Point_801,,Lake Nyasa,Subvillage_25,Kilimanjaro,13,19,LGA_10,Ward_173,GeoData Consultants Ltd,,Scheme_31,True,,handpump,handpump,other,vwc,parastatal,pay per bucket,pay monthly,salty,milky,dry,,borehole,lake,surface,cattle trough,communal standpipe,functional needs repair
10802,38.153321795344425,-11.192110989502016,2013-06-05,District Council,118.0,Hesawa,Water_Point_802,,Lake Nyasa,Subvillage_11,Tanga,10,80,LGA_24,Ward_168,GeoData Consultants Ltd,VWC,,,,submersible,gravity,handpump,,commercial,never pay,pay per bucket,fluoride abandoned,milky,,enough,well,shallow well,groundwater,hand pump,improved spring,non functional
10803,38.18706598340929,-8.198455819302563,2011-08-06,Wsdp,835.0,Government Of Tanzania,Water_Point_803,2.0,Internal,Subvillage_82,Geita,20,7,LGA_32,Ward_88,GeoData Consultants Ltd,Private operator,,,1997.0,motorpump,other,other,private operator,other,pay monthly,never pay,fluoride abandoned,salty,insufficient,insufficient,well,borehole,groundwater,other,cattle trough,functional
10804,30.720886687388433,-10.66832661359053,2011-04-24,,1063.0,Tasaf,Water_Point_804,4.0,Internal,,Tabora,21,66,LGA_10,Ward_52,GeoData Consultants Ltd,VWC,,False,2008.0,handpump,motorpump,other,wua,user-group,,pay annually,soft,,insufficient,enough,borehole,other,surface,other,cattle trough,functional
10805,4.453784559736615,-10.423329007682652,2013-02-05,Government Of Tanzania,1601.0,Rwssp,Water_Point_805,,Lake Tanganyika,Subvillage_47,Dar es Salaam,22,30,LGA_27,Ward_107,GeoData Consultants Ltd,WUA,,,,gravity,handpump,motorpump,other,,pay annually,other,milky,salty,seasonal,insufficient,spring,shallow well,surface,other,cattle trough,functional
10806,33.85706535429215,-5.309577525478619,2013-09-24,World Bank,,,Water_Point_806,0.0,Lake Nyasa,Subvillage_55,Arusha,9,7,LGA_16,Ward_59,GeoData Consultants Ltd,WUA,,True,,,other,gravity,,other,never pay,never pay,colored,,seasonal,insufficient,other,,groundwater,hand pump,hand pump,non functional
10807,29.444259167379492,-1.975270428678721,2013-06-24,Dwe,264.0,Dwe,Water_Point_807,6.0,Internal,Subvillage_76,Rukwa,10,24,LGA_4,Ward_126,GeoData Consultants Ltd,Other,,True,,gravity,gravity,gravity,water authority,commercial,,pay monthly,fluoride,good,dry,dry,lake,shallow well,surface,other,other,functional
10808,38.164380857883955,-1.0876432749991238,2012-11-29,Unicef,88.0,Other,Water_Point_808,2.0,Rufiji,Subvillage_50,Dodoma,19,34,LGA_42,Ward_62,GeoData Consultants Ltd,Private operator,Scheme_54,True,,handpump,other,,vwc,other,pay monthly,never pay,fluoride abandoned,colored,seasonal,dry,borehole,spring,,hand pump,improved spring,functional
10809,31.901133190143586,-8.290721721825882,2012-08-23,Wsdp,2222.0,Oxfam,Water_Point_809,1.0,Rufiji,Subvillage_40,Mtwara,5,70,LGA_44,Ward_199,GeoData Consultants Ltd,Water authority,,True,1999.0,submersible,other,other,water authority,other,pay monthly,pay monthly,colored,fluoride,seasonal,insufficient,spring,lake,surface,communal standpipe,communal standpipe,functional needs repair
10810,31.27233325968117,-1.3229963652541858,2012-12-31,Tasaf,1568.0,Community,Water_Point_810,1.0,Lake Tanganyika,Subvillage_56,Pwani,5,22,LGA_33,Ward_178,GeoData Consultants Ltd,,Scheme_46,,1961.0,gravity,gravity,motorpump,private operator,other,pay monthly,other,fluoride abandoned,milky,enough,dry,spring,other,groundwater,hand pump,improved spring,functional
10811,39.752864062777846,-3.5996814184206603,2012-09-02,,1497.0,World Bank,Water_Point_811,2.0,Internal,Subvillage_55,Rukwa,6,77,LGA_18,Ward_146,GeoData Consultants Ltd,,Scheme_89,,1960.0,submersible,handpump,other,wua,user-group,pay monthly,,fluoride abandoned,good,insufficient,dry,other,borehole,groundwater,hand pump,improved spring,functional
10812,36.148060817519045,-11.254119165287928,2011-01-03,Rwssp,1032.0,Private individual,Water_Point_812,1.0,Internal,Subvillage_55,Manyara,1,65,LGA_28,Ward_104,GeoData Consultants Ltd,Water authority,,,,motorpump,other,handpump,water authority,commercial,pay annually,pay per bucket,fluoride,milky,dry,dry,other,lake,surface,other,communal standpipe,functional needs repair
10813,34.091187768157724,-11.593209094758544,2011-02-21,Rwssp,66.0,Hesawa,Water_Point_813,8.0,Lake Nyasa,Subvillage_16,Mbeya,6,20,LGA_31,Ward_21,GeoData Consultants Ltd,Private operator,Scheme_71,True,1979.0,motorpump,gravity,motorpump,other,parastatal,pay per bucket,,salty,milky,dry,insufficient,other,river,surface,other,improved spring,non functional
10814,34.82957953500579,-6.789156228170212,2011-09-06,Hesawa,2295.0,Community,Water_Point_814,9.0,Ruvuma / Southern Coast,,Geita,16,15,LGA_48,Ward_18,GeoData Consultants Ltd,WUA,Scheme_52,,2009.0,motorpump,handpump,,vwc,other,never pay,pay annually,soft,fluoride,dry,enough,spring,shallow well,groundwater,other,hand pump,functional
10815,36.690324546209325,-4.75649284211423,2012-04-24,Oxfam,1462.0,Private individual,Water_Point_815,1.0,Lake Nyasa,Subvillage_44,Iringa,16,98,LGA_30,Ward_166,GeoData Consultants Ltd,Other,,,1990.0,handpump,motorpump,motorpump,private operator,parastatal,pay per bucket,other,fluoride,milky,insufficient,,well,borehole,groundwater,improved spring,cattle trough,non functional
10816,34.3709047456572,-3.251208316719792,2011-09-25,,1497.0,,Water_Point_816,7.0,Lake Tanganyika,Subvillage_13,Songwe,23,47,LGA_15,Ward_87,GeoData Consultants Ltd,Other,Scheme_40,,1966.0,gravity,other,handpump,wua,other,pay per bucket,other,,fluoride,seasonal,insufficient,river,other,surface,improved spring,communal standpipe,non functional
10817,33.58977191598223,-9.171196579649711,2013-09-22,World Vision,1514.0,Wsdp,Water_Point_817,9.0,Lake Rukwa,Subvillage_22,Geita,20,15,LGA_15,Ward_53,GeoData Consultants Ltd,,Scheme_16,,,handpump,other,,wua,other,never pay,pay per bucket,salty,colored,insufficient,enough,lake,lake,surface,other,improved spring,non functional
10818,,-10.981332899164437,2011-06-20,Hesawa,1629.0,Hesawa,Water_Point_818,6.0,Lake Victoria,Subvillage_74,Mwanza,25,79,LGA_15,Ward_165,GeoData Consultants Ltd,Other,,True,1980.0,,motorpump,other,other,commercial,pay per bucket,other,soft,milky,enough,dry,other,other,groundwater,hand pump,hand pump,non functional
10819,31.11248952606911,-0.9830377466766738,2011-05-12,World Bank,1555.0,,Water_Point_819,4.0,Lake Rukwa,Subvillage_99,Tabora,2,50,LGA_13,Ward_2,GeoData Consultants Ltd,WUA,Scheme_69,True,1987.0,submersible,handpump,gravity,private operator,user-group,pay annually,pay per bucket,colored,fluoride,dry,enough,well,shallow well,surface,other,cattle trough,non functional
10820,38.82720521650268,-9.162949632845507,2012-08-30,Tasaf,839.0,Other,Water_Point_820,8.0,Ruvuma / Southern Coast,Subvillage_98,Morogoro,22,14,LGA_4,Ward_24,GeoData Consultants Ltd,VWC,Scheme_27,True,1964.0,gravity,handpump,gravity,water authority,other,other,pay annually,salty,salty,seasonal,enough,borehole,shallow well,groundwater,communal standpipe,other,non functional
10821,30.64770767081413,-4.979323979741167,2011-04-27,Tasaf,1004.0,Rwssp,Water_Point_821,1.0,Lake Rukwa,Subvillage_23,Shinyanga,7,54,LGA_45,Ward_145,GeoData Consultants Ltd,WUA,,,1981.0,handpump,motorpump,other,wua,user-group,other,pay monthly,fluoride abandoned,good,dry,enough,river,river,groundwater,communal standpipe,improved spring,functional needs repair
10822,38.3436480825069,-5.881314747735078,2013-05-23,World Bank,2264.0,,Water_Point_822,,Wami / Ruvu,Subvillage_1,Njombe,23,87,LGA_15,Ward_46,GeoData Consultants Ltd,Water authority,,False,,gravity,other,other,private operator,parastatal,never pay,never pay,fluoride abandoned,fluoride,enough,insufficient,lake,lake,surface,communal standpipe,hand pump,non functional
10823,33.14686588125461,-3.765401197676028,2011-08-22,,224.0,Kkkt,Water_Point_823,1.0,Lake Victoria,Subvillage_45,Kigoma,24,95,LGA_1,Ward_92,GeoData Consultants Ltd,WUA,Scheme_4,False,1996.0,gravity,gravity,motorpump,,other,other,pay annually,colored,milky,dry,dry,river,river,surface,cattle trough,cattle trough,functional needs repair
10824,37.886807029889184,-3.5235478150987465,2013-08-30,Community,808.0,Other,Water_Point_824,,Ruvuma / Southern Coast,Subvillage_29,Songwe,5,12,LGA_25,Ward_162,GeoData Consultants Ltd,Water authority,,,1990.0,other,gravity,other,wua,,other,pay annually,fluoride,colored,insufficient,dry,lake,shallow well,groundwater,,cattle trough,functional
10825,32.71902013733962,-10.449390984105621,2012-12-14,District Council,832.0,,Water_Point_825,8.0,Rufiji,Subvillage_51,Mbeya,12,10,LGA_19,Ward_90,GeoData Consultants Ltd,Other,,True,1982.0,submersible,handpump,other,private operator,other,other,never pay,salty,milky,insufficient,enough,other,other,surface,communal standpipe,other,functional needs repair
10826,31.636552441018786,-2.1556968438306594,2013-03-28,Private individual,278.0,Rural Water Supply And Sanitation Programme,Water_Point_826,7.0,Lake Tanganyika,Subvillage_81,Simiyu,1,35,LGA_36,Ward_92,GeoData Consultants Ltd,Water authority,,,,other,gravity,handpump,water authority,other,pay per bucket,pay annually,milky,fluoride,seasonal,insufficient,spring,shallow well,groundwater,cattle trough,improved spring,functional
10827,37.751883694319126,-9.414117462003901,2011-01-20,Private individual,1765.0,,Water_Point_827,9.0,Internal,Subvillage_44,Tabora,4,74,LGA_39,Ward_169,GeoData Consultants Ltd,WUA,,,1969.0,motorpump,gravity,other,vwc,user-group,pay monthly,other,salty,fluoride,enough,insufficient,lake,river,groundwater,communal standpipe,hand pump,non functional
10828,34.803094150361446,-8.518859031418588,2011-09-24,Wsdp,2218.0,Community,Water_Point_828,,Wami / Ruvu,Subvillage_22,Singida,17,65,LGA_14,Ward_44,GeoData Consultants Ltd,Other,Scheme_45,False,1995.0,motorpump,gravity,motorpump,other,other,pay per bucket,other,fluoride abandoned,fluoride,dry,enough,spring,shallow well,groundwater,improved spring,improved spring,non functional
10829,37.81895743886458,-2.1056669528259366,2012-05-30,Danida,843.0,,Water_Point_829,6.0,Lake Tanganyika,Subvillage_55,Mbeya,9,37,LGA_19,Ward_15,GeoData Consultants Ltd,Private operator,Scheme_77,True,,gravity,gravity,gravity,vwc,parastatal,pay per bucket,never pay,colored,fluoride,enough,enough,lake,borehole,groundwater,improved spring,other,functional needs repair
10830,29.65934974255887,-7.59385009548645,2013-09-09,,2258.0,Hesawa,Water_Point_830,,Rufiji,Subvillage_45,Rukwa,24,28,LGA_33,Ward_35,GeoData Consultants Ltd,Private operator,,,2005.0,submersible,motorpump,other,private operator,parastatal,pay monthly,,fluoride abandoned,good,insufficient,enough,other,shallow well,surface,cattle trough,cattle trough,functional
10831,37.155959428003754,-10.551161907633299,2011-08-10,,1494.0,Danida,Water_Point_831,,Ruvuma / Southern Coast,Subvillage_8,Simiyu,17,64,LGA_43,Ward_97,GeoData Consultants Ltd,Water authority,,False,,handpump,motorpump,handpump,vwc,parastatal,pay per bucket,other,fluoride abandoned,colored,insufficient,enough,other,lake,surface,hand pump,improved spring,non functional
10832,37.39603773859214,-10.751880184757404,2011-11-17,Wsdp,,Tasaf,Water_Point_832,8.0,Lake Victoria,Subvillage_16,Songwe,3,83,LGA_16,Ward_33,GeoData Consultants Ltd,,Scheme_84,,1998.0,other,gravity,motorpump,water authority,user-group,,pay annually,salty,good,dry,insufficient,,lake,groundwater,improved spring,other,functional
10833,36.448624001569,-3.509007854718268,2011-08-13,Oxfam,203.0,Rural Water Supply And Sanitation Programme,Water_Point_833,3.0,Rufiji,Subvillage_97,Kagera,2,34,LGA_26,Ward_161,GeoData Consultants Ltd,,Scheme_8,,2010.0,handpump,other,gravity,vwc,other,pay per bucket,never pay,milky,colored,insufficient,insufficient,river,borehole,surface,improved spring,cattle trough,non functional
10834,33.811903874853435,-8.02850855678378,2013-03-17,Community,970.0,Kkkt,Water_Point_834,5.0,Lake Nyasa,Subvillage_29,Simiyu,14,11,LGA_48,Ward_86,GeoData Consultants Ltd,Water authority,,True,,submersible,motorpump,motorpump,water authority,other,pay annually,pay annually,fluoride abandoned,fluoride,seasonal,dry,spring,spring,groundwater,other,improved spring,non functional
10835,38.45190776967792,-6.349170411331026,2011-08-24,Tasaf,867.0,District Council,Water_Point_835,5.0,Ruvuma / Southern Coast,Subvillage_67,Mbeya,20,30,LGA_10,Ward_192,GeoData Consultants Ltd,Other,Scheme_32,False,,other,handpump,handpump,water authority,user-group,pay annually,pay annually,fluoride abandoned,milky,dry,enough,river,other,groundwater,improved spring,communal standpipe,functional needs repair
10836,33.65913168779912,-10.201095647782749,2011-10-29,Hesawa,1146.0,Other,Water_Point_836,1.0,Lake Nyasa,Subvillage_98,Mtwara,8,5,LGA_29,Ward_5,GeoData Consultants Ltd,Water authority,Scheme_51,,1998.0,motorpump,other,gravity,water authority,parastatal,other,pay per bucket,milky,colored,dry,,spring,borehole,groundwater,cattle trough,hand pump,non functional
10837,,-9.897811086096736,2012-10-10,Dwe,1173.0,Dwe,Water_Point_837,,Lake Victoria,Subvillage_22,Rukwa,25,13,LGA_36,Ward_118,GeoData Consultants Ltd,Other,Scheme_78,False,,motorpump,,motorpump,private operator,other,other,other,fluoride,salty,enough,insufficient,,shallow well,surface,other,improved spring,functional needs repair
10838,37.75657630332392,-1.0902693722541628,2011-10-22,World Bank,2497.0,,Water_Point_838,3.0,Lake Rukwa,Subvillage_78,Geita,5,20,LGA_12,Ward_191,GeoData Consultants Ltd,VWC,,True,,submersible,motorpump,other,vwc,user-group,pay monthly,never pay,fluoride,,seasonal,insufficient,other,other,surface,improved spring,cattle trough,functional
10839,30.129250161388633,-1.3066407278796621,2012-11-22,,241.0,Rural Water Supply And Sanitation Programme,Water_Point_839,0.0,Ruvuma / Southern Coast,Subvillage_14,Kilimanjaro,25,47,LGA_44,Ward_17,GeoData Consultants Ltd,Water authority,Scheme_90,False,1970.0,submersible,gravity,motorpump,water authority,parastatal,pay annually,pay monthly,colored,fluoride,insufficient,enough,river,other,groundwater,hand pump,improved spring,functional needs repair
10840,32.116076717149106,-3.346011009793685,2011-11-11,Rural Water Supply And Sanitation Programme,2303.0,World Bank,Water_Point_840,,Rufiji,Subvillage_8,Njombe,9,25,LGA_42,Ward_7,GeoData Consultants Ltd,Other,,False,,motorpump,other,gravity,private operator,,pay annually,,fluoride,colored,enough,insufficient,well,shallow well,surface,communal standpipe,hand pump,functional
10841,29.936980883619448,-7.71282768219802,2011-03-15,Private individual,1714.0,Government Of Tanzania,Water_Point_841,2.0,Ruvuma / Southern Coast,Subvillage_67,Mara,13,28,LGA_22,Ward_185,GeoData Consultants Ltd,Private operator,Scheme_88,True,1984.0,motorpump,motorpump,other,wua,parastatal,never pay,pay monthly,salty,fluoride,seasonal,enough,river,other,surface,hand pump,communal standpipe,functional
10842,,-2.380407353976425,2011-06-05,Government Of Tanzania,1859.0,Wsdp,Water_Point_842,3.0,Lake Victoria,Subvillage_66,Rukwa,1,21,LGA_37,Ward_199,GeoData Consultants Ltd,WUA,Scheme_61,False,1990.0,gravity,,motorpump,vwc,,pay monthly,other,fluoride abandoned,good,insufficient,enough,spring,spring,groundwater,other,communal standpipe,functional needs repair
10843,38.28436337967979,-6.345323029073325,2011-11-26,Dwe,481.0,,Water_Point_843,,Internal,Subvillage_45,Shinyanga,20,63,LGA_10,Ward_47,GeoData Consultants Ltd,VWC,,,,gravity,gravity,motorpump,wua,user-group,,never pay,milky,colored,dry,enough,other,lake,surface,cattle trough,cattle trough,functional
10844,39.31983719764755,-9.748187118599693,2013-05-18,Private individual,1802.0,Danida,Water_Point_844,5.0,Ruvuma / Southern Coast,Subvillage_55,Rukwa,12,16,LGA_16,Ward_167,GeoData Consultants Ltd,Private operator,,False,2000.0,other,handpump,motorpump,private operator,commercial,pay monthly,never pay,fluoride,good,seasonal,insufficient,other,spring,groundwater,hand pump,other,functional needs repair
10845,37.20855424892104,-9.196235986781923,2011-05-18,Danida,2456.0,Wsdp,Water_Point_845,9.0,Rufiji,Subvillage_30,Dodoma,11,90,LGA_2,Ward_87,GeoData Consultants Ltd,,,,,submersible,motorpump,motorpump,vwc,parastatal,never pay,other,,good,seasonal,insufficient,well,borehole,groundwater,improved spring,other,non functional
10846,38.561126397189675,-11.400239425577075,2012-08-21,World Bank,1024.0,,Water_Point_846,5.0,Ruvuma / Southern Coast,Subvillage_23,Mtwara,11,51,LGA_27,Ward_57,GeoData Consultants Ltd,,,False,1981.0,other,handpump,handpump,wua,other,pay annually,pay annually,,colored,,insufficient,spring,lake,groundwater,,improved spring,functional needs repair
10847,30.452151558899036,-4.042535005870949,2012-06-06,,905.0,,Water_Point_847,2.0,Wami / Ruvu,Subvillage_83,Morogoro,6,44,LGA_5,Ward_131,GeoData Consultants Ltd,Private operator,,False,,other,motorpump,gravity,wua,commercial,never pay,other,,colored,seasonal,enough,river,other,groundwater,communal standpipe,other,functional
10848,31.160819720414615,-11.378258250548829,2011-09-26,Oxfam,1245.0,Danida,Water_Point_848,9.0,Wami / Ruvu,Subvillage_38,Mtwara,23,35,LGA_7,Ward_140,GeoData Consultants Ltd,WUA,,,,motorpump,handpump,gravity,wua,user-group,,pay per bucket,fluoride abandoned,good,enough,enough,well,lake,surface,,communal standpipe,functional
10849,35.69942612996202,-2.3569816186433368,2011-03-10,Community,908.0,Danida,Water_Point_849,9.0,Lake Rukwa,Subvillage_50,Shinyanga,16,62,LGA_34,Ward_139,GeoData Consultants Ltd,Water authority,Scheme_81,False,1961.0,submersible,motorpump,gravity,other,commercial,,pay monthly,fluoride abandoned,,dry,insufficient,lake,shallow well,groundwater,cattle trough,improved spring,functional
10850,35.97918986470473,-6.36958156735268,2013-03-10,Wsdp,469.0,Tcrs,Water_Point_850,8.0,Lake Rukwa,Subvillage_31,Morogoro,4,97,LGA_15,Ward_137,GeoData Consultants Ltd,WUA,,True,1981.0,other,gravity,motorpump,wua,parastatal,other,pay annually,soft,fluoride,enough,dry,spring,,surface,cattle trough,improved spring,non functional
10851,33.62435677303253,-4.932333562740069,2012-05-27,Community,1378.0,,Water_Point_851,4.0,Lake Tanganyika,Subvillage_53,Manyara,2,57,LGA_45,Ward_22,GeoData Consultants Ltd,Private operator,,False,1988.0,gravity,gravity,,wua,user-group,never pay,pay per bucket,colored,colored,seasonal,dry,well,borehole,surface,other,other,functional
10852,32.81314159086422,-6.473257421125102,2012-06-07,Dwe,1743.0,Kkkt,Water_Point_852,8.0,Lake Victoria,Subvillage_73,Iringa,20,66,LGA_1,Ward_55,GeoData Consultants Ltd,Water authority,,False,1999.0,gravity,gravity,handpump,vwc,parastatal,never pay,other,fluoride,fluoride,seasonal,dry,borehole,spring,surface,communal standpipe,improved spring,non functional
10853,34.20286464792245,-9.836672233229415,2011-03-09,Rural Water Supply And Sanitation Programme,160.0,Rwssp,Water_Point_853,5.0,Wami / Ruvu,Subvillage_36,Dar es Salaam,1,74,LGA_13,Ward_41,GeoData Consultants Ltd,VWC,Scheme_6,,,motorpump,other,other,other,commercial,other,pay per bucket,soft,good,insufficient,dry,lake,lake,groundwater,other,cattle trough,functional needs repair
10854,38.93678578863089,-9.094075364574953,2011-05-21,Community,1662.0,Community,Water_Point_854,,Pangani,Subvillage_9,Tabora,19,8,LGA_44,Ward_81,GeoData Consultants Ltd,,Scheme_52,,1968.0,submersible,other,gravity,wua,parastatal,pay monthly,never pay,fluoride abandoned,good,insufficient,enough,,borehole,groundwater,hand pump,improved spring,functional
10855,39.50111194000354,-9.894675789531233,2011-09-09,Oxfam,359.0,Dwe,Water_Point_855,3.0,Lake Tanganyika,Subvillage_94,Kigoma,14,54,LGA_21,Ward_98,GeoData Consultants Ltd,,Scheme_87,True,,,gravity,handpump,,user-group,other,pay monthly,salty,good,enough,dry,lake,shallow well,groundwater,cattle trough,,functional needs repair
10856,29.400787306345833,-5.953370260071179,2012-08-29,District Council,2272.0,Tcrs,Water_Point_856,4.0,Lake Rukwa,,Tanga,18,60,LGA_15,Ward_113,GeoData Consultants Ltd,Water authority,,True,1967.0,submersible,motorpump,gravity,other,commercial,pay monthly,pay monthly,colored,fluoride,insufficient,enough,other,shallow well,groundwater,cattle trough,cattle trough,non functional
10857,39.625953777220204,-7.421577533918815,2012-03-20,World Bank,692.0,Private individual,Water_Point_857,6.0,Internal,Subvillage_79,Pwani,7,80,LGA_47,Ward_82,GeoData Consultants Ltd,VWC,,False,,motorpump,other,other,private operator,other,pay per bucket,other,fluoride,milky,,enough,other,shallow well,surface,cattle trough,improved spring,non functional
10858,30.223930886221286,-1.5346994823583948,2011-07-27,World Vision,1044.0,World Vision,Water_Point_858,,Internal,Subvillage_67,Kigoma,21,87,LGA_48,Ward_188,GeoData Consultants Ltd,Water authority,,False,,motorpump,other,gravity,private operator,commercial,other,pay monthly,soft,,,insufficient,borehole,river,groundwater,hand pump,,functional needs repair
10859,36.546341329682335,-8.7138496611631,2012-07-30,Hesawa,1498.0,World Bank,Water_Point_859,7.0,Lake Rukwa,Subvillage_30,Mwanza,13,76,LGA_27,Ward_154,GeoData Consultants Ltd,VWC,,False,1980.0,other,handpump,other,water authority,commercial,pay per bucket,other,,colored,enough,dry,borehole,other,surface,other,improved spring,functional
10860,34.9074717095265,-10.739838471581177,2012-03-30,District Council,1498.0,,Water_Point_860,9.0,Rufiji,Subvillage_5,Arusha,22,38,LGA_16,Ward_44,GeoData Consultants Ltd,WUA,,,1977.0,submersible,motorpump,gravity,vwc,user-group,pay per bucket,never pay,,colored,enough,enough,spring,river,groundwater,communal standpipe,communal standpipe,functional needs repair
10861,35.40030731364032,-9.172395041963796,2011-05-19,Dwe,87.0,Hesawa,Water_Point_861,3.0,Lake Tanganyika,Subvillage_49,Iringa,3,96,LGA_31,Ward_172,GeoData Consultants Ltd,Other,Scheme_18,,,submersible,motorpump,handpump,water authority,other,pay per bucket,pay annually,fluoride,fluoride,insufficient,insufficient,borehole,lake,groundwater,improved spring,improved spring,functional needs repair
10862,,-8.09509694238872,2011-09-03,,1488.0,Community,Water_Point_862,,Lake Rukwa,Subvillage_28,Mara,4,68,LGA_37,Ward_143,GeoData Consultants Ltd,,Scheme_43,True,2011.0,motorpump,handpump,handpump,private operator,other,other,other,milky,colored,insufficient,enough,lake,lake,groundwater,improved spring,improved spring,functional
10863,40.29882448676465,-3.6926831316658504,2012-09-18,Danida,2032.0,Wsdp,Water_Point_863,,Wami / Ruvu,Subvillage_16,Mtwara,12,68,LGA_26,Ward_132,GeoData Consultants Ltd,WUA,,,2011.0,submersible,other,other,water authority,other,pay per bucket,,soft,fluoride,insufficient,enough,river,borehole,groundwater,hand pump,communal standpipe,non functional
10864,40.02090906147228,-7.278622247823901,2011-02-11,,867.0,Dwe,Water_Point_864,,Lake Victoria,Subvillage_57,Singida,25,26,LGA_46,Ward_40,GeoData Consultants Ltd,VWC,,False,,motorpump,other,other,water authority,other,pay annually,never pay,salty,milky,seasonal,insufficient,other,other,groundwater,other,,functional needs repair
10865,31.426560703458584,-6.105348152193443,2011-01-21,,2101.0,World Bank,Water_Point_865,6.0,Lake Tanganyika,Subvillage_27,Pwani,2,82,LGA_44,Ward_158,GeoData Consultants Ltd,,Scheme_36,,1994.0,handpump,motorpump,gravity,,parastatal,other,pay per bucket,fluoride,fluoride,insufficient,insufficient,spring,lake,groundwater,other,other,non functional
10866,31.662976785925203,-4.817476042521298,2011-03-12,,1790.0,Other,Water_Point_866,,Lake Nyasa,,Pwani,22,95,LGA_22,Ward_185,GeoData Consultants Ltd,VWC,Scheme_22,,2005.0,submersible,other,gravity,water authority,parastatal,pay monthly,pay annually,milky,fluoride,insufficient,insufficient,well,borehole,surface,communal standpipe,other,functional
10867,30.625073199481164,-3.6903355177312314,2011-06-06,Tasaf,82.0,World Vision,Water_Point_867,5.0,Lake Tanganyika,Subvillage_29,Kigoma,12,87,LGA_3,Ward_178,GeoData Consultants Ltd,,,True,1990.0,motorpump,gravity,motorpump,private operator,,pay annually,other,fluoride,good,seasonal,dry,well,shallow well,groundwater,improved spring,communal standpipe,functional needs repair
10868,34.29822566809908,-5.6853428750014805,2011-03-06,Unicef,394.0,Other,Water_Point_868,7.0,Rufiji,Subvillage_21,Kilimanjaro,11,32,LGA_36,Ward_105,GeoData Consultants Ltd,,,,1966.0,other,motorpump,gravity,wua,commercial,pay per bucket,pay annually,salty,salty,enough,insufficient,lake,spring,surface,other,cattle trough,non functional
10869,34.93546981873631,-1.4445988511580712,2013-05-17,Other,1575.0,Government Of Tanzania,Water_Point_869,,Lake Victoria,,Manyara,17,92,LGA_38,Ward_127,GeoData Consultants Ltd,Other,,True,,submersible,motorpump,handpump,vwc,other,never pay,pay monthly,salty,fluoride,enough,dry,lake,lake,surface,cattle trough,other,non functional
10870,34.315168499460356,-3.6517675152910893,2013-06-11,District Council,109.0,Rwssp,Water_Point_870,0.0,Lake Tanganyika,Subvillage_79,Kagera,16,38,LGA_22,Ward_199,GeoData Consultants Ltd,VWC,,,,motorpump,motorpump,,water authority,commercial,other,pay monthly,fluoride,fluoride,seasonal,enough,other,borehole,surface,hand pump,cattle trough,functional needs repair
10871,31.776925060765628,-9.324504462195053,2011-05-23,Wsdp,404.0,Wsdp,Water_Point_871,1.0,Lake Rukwa,Subvillage_76,Tabora,19,16,LGA_32,Ward_128,GeoData Consultants Ltd,Private operator,Scheme_52,False,,other,handpump,gravity,other,commercial,pay per bucket,pay monthly,fluoride,fluoride,enough,enough,spring,spring,surface,other,improved spring,functional needs repair
10872,40.35567475210498,-10.0268143708359,2012-01-07,Tcrs,610.0,,Water_Point_872,1.0,Lake Victoria,Subvillage_63,Tanga,17,39,LGA_25,Ward_133,GeoData Consultants Ltd,Private operator,,,2000.0,other,,motorpump,vwc,commercial,other,other,milky,good,insufficient,insufficient,other,shallow well,groundwater,,hand pump,non functional
10873,31.74458257822991,-1.165660627427636,2011-10-11,,2166.0,Private individual,Water_Point_873,,Lake Rukwa,Subvillage_69,Singida,25,6,LGA_3,Ward_150,GeoData Consultants Ltd,,Scheme_39,False,1961.0,submersible,handpump,handpump,vwc,user-group,pay annually,,fluoride abandoned,fluoride,seasonal,insufficient,borehole,other,groundwater,communal standpipe,hand pump,functional needs repair
10874,34.20090001062082,-5.976474586812745,2012-05-14,Rwssp,1776.0,,Water_Point_874,3.0,Wami / Ruvu,,Dar es Salaam,16,47,LGA_16,Ward_46,GeoData Consultants Ltd,WUA,,,1968.0,submersible,gravity,,vwc,parastatal,never pay,never pay,fluoride,good,dry,insufficient,well,shallow well,surface,cattle trough,cattle trough,functional needs repair
10875,37.18717702682328,-6.365666070694734,2011-06-26,Rwssp,966.0,Private individual,Water_Point_875,,Lake Victoria,Subvillage_50,Lindi,6,60,LGA_3,Ward_79,GeoData Consultants Ltd,,,True,1964.0,gravity,gravity,motorpump,wua,user-group,,never pay,fluoride,salty,insufficient,dry,,shallow well,groundwater,other,hand pump,non functional
10876,35.45155581672178,-1.0766368456438737,2011-01-01,Hesawa,8551.125683346349,Private individual,Water_Point_876,9.0,Ruvuma / Southern Coast,Subvillage_91,Shinyanga,10,75,LGA_47,Ward_88,GeoData Consultants Ltd,Water authority,,,1984.0,other,motorpump,motorpump,water authority,commercial,,pay monthly,fluoride abandoned,milky,insufficient,enough,borehole,other,surface,communal standpipe,communal standpipe,non functional
10877,35.234461056178475,-11.314319063915217,2012-10-19,Private individual,2108.0,District Council,Water_Point_877,7.0,Wami / Ruvu,Subvillage_64,Kagera,10,97,LGA_36,Ward_17,GeoData Consultants Ltd,Water authority,,False,,gravity,handpump,gravity,vwc,other,pay annually,other,fluoride,fluoride,seasonal,insufficient,lake,lake,surface,hand pump,communal standpipe,functional
10878,34.43170078882433,-9.447944617516658,2013-04-07,Community,304.0,Unicef,Water_Point_878,,Lake Tanganyika,Subvillage_4,Kagera,15,39,LGA_47,Ward_31,GeoData Consultants Ltd,Water authority,,,,gravity,gravity,other,other,user-group,,pay annually,,fluoride,seasonal,insufficient,other,borehole,surface,other,cattle trough,functional
10879,30.919751335359727,-9.068175860702736,2012-08-28,,76.0,,Water_Point_879,9.0,Pangani,Subvillage_75,Ruvuma,1,34,LGA_21,Ward_138,GeoData Consultants Ltd,,,False,1974.0,submersible,motorpump,gravity,,commercial,never pay,pay annually,salty,colored,dry,insufficient,other,shallow well,surface,improved spring,cattle trough,non functional
10880,30.560407357625813,-1.3656570669781125,2013-06-23,Wsdp,577.0,Other,Water_Point_880,1.0,Lake Nyasa,Subvillage_16,Katavi,13,12,LGA_11,Ward_47,GeoData Consultants Ltd,Private operator,Scheme_95,True,,other,other,other,water authority,parastatal,never pay,pay annually,salty,colored,insufficient,dry,other,other,surface,cattle trough,hand pump,non functional
10881,34.658503764407314,-3.356213174619606,2013-05-22,Private individual,380.0,World Bank,Water_Point_881,1.0,Lake Nyasa,Subvillage_68,Iringa,18,53,LGA_31,Ward_35,GeoData Consultants Ltd,Other,Scheme_59,True,1975.0,handpump,other,motorpump,water authority,other,pay monthly,never pay,fluoride abandoned,milky,seasonal,dry,well,spring,groundwater,other,cattle trough,non functional
10882,40.456598608672806,-10.31598384034058,2011-06-20,Other,874.0,District Council,Water_Point_882,7.0,Lake Victoria,Subvillage_27,Njombe,15,88,LGA_40,Ward_173,GeoData Consultants Ltd,WUA,Scheme_63,False,1960.0,submersible,other,motorpump,vwc,parastatal,never pay,other,soft,salty,seasonal,insufficient,well,river,groundwater,communal standpipe,cattle trough,functional
10883,30.04216430327393,-2.3881583479846,2013-07-29,,79.0,Tasaf,Water_Point_883,,Internal,Subvillage_2,Mwanza,4,78,LGA_34,Ward_82,GeoData Consultants Ltd,Water authority,,True,,motorpump,gravity,motorpump,,other,pay monthly,pay per bucket,fluoride abandoned,colored,enough,dry,other,other,surface,improved spring,improved spring,functional
10884,30.991419892263384,-6.863762877188411,2011-03-09,Oxfam,,Danida,Water_Point_884,,Ruvuma / Southern Coast,Subvillage_2,Dodoma,16,22,LGA_41,Ward_153,GeoData Consultants Ltd,VWC,Scheme_47,True,1984.0,motorpump,handpump,handpump,wua,user-group,pay annually,,soft,salty,seasonal,insufficient,other,borehole,groundwater,hand pump,other,non functional
10885,31.46284395523147,-2.2408788412378478,2013-09-22,World Vision,1368.0,Unicef,Water_Point_885,,Lake Nyasa,,Mwanza,1,4,LGA_33,Ward_172,GeoData Consultants Ltd,Water authority,Scheme_33,,,handpump,other,other,other,,pay per bucket,pay annually,fluoride abandoned,salty,insufficient,insufficient,river,spring,surface,hand pump,other,functional
10886,31.798006512333618,-9.838868681775587,2011-12-11,World Bank,1163.0,District Council,Water_Point_886,7.0,Lake Rukwa,Subvillage_49,Dar es Salaam,11,97,LGA_49,Ward_162,GeoData Consultants Ltd,Other,,,1987.0,submersible,motorpump,other,water authority,user-group,pay monthly,,colored,milky,dry,insufficient,spring,river,surface,cattle trough,cattle trough,functional needs repair
10887,30.472635851849425,-9.83848154581134,2013-03-17,World Bank,766.0,Rwssp,Water_Point_887,,Lake Nyasa,Subvillage_66,Njombe,12,39,LGA_22,Ward_86,GeoData Consultants Ltd,Private operator,Scheme_6,True,,other,gravity,other,private operator,parastatal,pay annually,pay per bucket,soft,colored,insufficient,insufficient,river,river,groundwater,cattle trough,other,functional
10888,30.327041596401756,-6.646334309708829,2011-09-15,Rural Water Supply And Sanitation Programme,1523.0,Tasaf,Water_Point_888,,Internal,Subvillage_21,Songwe,9,93,LGA_31,Ward_174,GeoData Consultants Ltd,Water authority,,,1980.0,other,other,other,wua,parastatal,pay per bucket,never pay,fluoride,salty,dry,enough,borehole,lake,surface,cattle trough,hand pump,non functional
10889,39.68155466148057,-8.379962842740483,2013-07-29,Rural Water Supply And Sanitation Programme,1356.0,World Bank,Water_Point_889,,Ruvuma / Southern Coast,Subvillage_70,Morogoro,24,93,LGA_29,Ward_2,GeoData Consultants Ltd,,Scheme_4,False,1982.0,motorpump,other,other,other,user-group,pay annually,pay monthly,fluoride,good,insufficient,enough,spring,shallow well,surface,communal standpipe,improved spring,non functional
10890,33.79054344414881,,2011-03-21,Private individual,1335.0,,Water_Point_890,3.0,Ruvuma / Southern Coast,,Kilimanjaro,17,30,LGA_20,Ward_106,GeoData Consultants Ltd,Private operator,,False,1967.0,other,motorpump,motorpump,other,other,,pay monthly,milky,good,,enough,well,lake,groundwater,other,communal standpipe,non functional
10891,35.273048866620776,-4.236945256711518,2011-12-22,,2100.0,Community,Water_Point_891,0.0,Internal,Subvillage_17,Mbeya,5,94,LGA_43,Ward_191,GeoData Consultants Ltd,,,False,1969.0,gravity,handpump,other,private operator,user-group,other,pay annually,,good,insufficient,insufficient,lake,shallow well,groundwater,other,communal standpipe,functional needs repair
10892,29.82363075509223,-9.73253456788585,2011-02-23,Community,387.0,Dwe,Water_Point_892,7.0,Ruvuma / Southern Coast,Subvillage_36,Njombe,10,70,LGA_45,Ward_118,GeoData Consultants Ltd,WUA,Scheme_72,True,1977.0,motorpump,motorpump,gravity,other,other,other,other,colored,milky,enough,insufficient,borehole,shallow well,groundwater,communal standpipe,cattle trough,functional needs repair
10893,31.094792898560307,-9.508632597672793,2011-07-13,District Council,1538.0,Government Of Tanzania,Water_Point_893,1.0,Rufiji,,Mtwara,22,92,LGA_41,Ward_14,GeoData Consultants Ltd,Other,Scheme_49,,1982.0,submersible,gravity,motorpump,wua,other,,pay per bucket,fluoride abandoned,salty,seasonal,insufficient,other,shallow well,groundwater,cattle trough,,functional
10894,30.99662136903791,-7.892204102345737,2013-05-25,World Bank,1985.0,,Water_Point_894,5.0,Lake Nyasa,Subvillage_55,Mbeya,9,49,LGA_42,Ward_184,GeoData Consultants Ltd,VWC,,True,1987.0,motorpump,handpump,handpump,private operator,user-group,never pay,pay per bucket,fluoride abandoned,colored,seasonal,dry,river,other,surface,cattle trough,improved spring,functional needs repair
10895,31.761842690381698,-9.37786956522192,2011-05-11,District Council,9543.925677999909,World Vision,Water_Point_895,2.0,Rufiji,Subvillage_48,Dodoma,4,23,LGA_13,Ward_158,GeoData Consultants Ltd,Private operator,,,1980.0,gravity,motorpump,handpump,wua,parastatal,,pay per bucket,salty,fluoride,enough,dry,other,borehole,surface,communal standpipe,hand pump,functional
10896,35.19716555169427,-10.485108837559853,2011-12-28,Tasaf,1131.0,Dwe,Water_Point_896,0.0,Pangani,Subvillage_36,Dar es Salaam,15,85,LGA_25,Ward_185,GeoData Consultants Ltd,WUA,,,1973.0,handpump,motorpump,handpump,water authority,user-group,other,pay monthly,milky,milky,enough,enough,other,borehole,surface,hand pump,hand pump,non functional
10897,38.63565014446525,-8.783370063372491,2011-02-14,World Bank,2094.0,Rural Water Supply And Sanitation Programme,Water_Point_897,3.0,Lake Victoria,Subvillage_65,Kigoma,23,92,LGA_20,Ward_100,GeoData Consultants Ltd,WUA,,True,,handpump,other,handpump,private operator,commercial,pay annually,pay per bucket,salty,,,dry,river,lake,surface,hand pump,communal standpipe,functional needs repair
10898,29.829620552533846,-6.184381842113372,2011-08-31,World Bank,618.0,Oxfam,Water_Point_898,7.0,Ruvuma / Southern Coast,Subvillage_14,Morogoro,9,86,LGA_43,Ward_177,GeoData Consultants Ltd,Private operator,Scheme_30,,2009.0,submersible,other,handpump,,parastatal,other,other,soft,,enough,insufficient,other,other,groundwater,other,cattle trough,non functional
10899,39.17730626960932,-8.986544882437048,2011-01-20,Private individual,347.0,Private individual,Water_Point_899,1.0,Lake Nyasa,Subvillage_33,Dar es Salaam,12,85,LGA_12,Ward_116,GeoData Consultants Ltd,VWC,Scheme_45,,1962.0,handpump,handpump,gravity,vwc,user-group,pay per bucket,other,milky,,insufficient,enough,borehole,other,surface,other,communal standpipe,non functional
10900,38.40058403651112,-7.3834037798171925,2013-08-08,Wsdp,1317.0,World Vision,Water_Point_900,7.0,Wami / Ruvu,Subvillage_34,Shinyanga,23,8,LGA_5,Ward_186,GeoData Consultants Ltd,VWC,Scheme_20,,2007.0,motorpump,handpump,motorpump,,other,pay monthly,pay annually,fluoride,good,seasonal,insufficient,lake,lake,groundwater,cattle trough,improved spring,functional needs repair
10901,31.869196861091012,-5.406620885495858,2012-04-15,,725.0,Danida,Water_Point_901,6.0,Lake Victoria,Subvillage_49,Rukwa,16,9,LGA_21,Ward_181,GeoData Consultants Ltd,VWC,,True,1985.0,other,gravity,gravity,private operator,user-group,other,,colored,fluoride,seasonal,dry,lake,river,surface,improved spring,other,functional needs repair
10902,39.07650075854447,-8.38969379436882,2012-09-18,Tcrs,1391.0,Other,Water_Point_902,,Wami / Ruvu,Subvillage_18,Singida,24,83,LGA_14,Ward_66,GeoData Consultants Ltd,Water authority,,False,1961.0,handpump,motorpump,handpump,water authority,other,never pay,pay per bucket,fluoride,colored,enough,,lake,spring,surface,hand pump,improved spring,functional
10903,36.03734445307112,-11.488227157116375,2012-06-20,Government Of Tanzania,7231.37242879282,Tcrs,Water_Point_903,3.0,Rufiji,Subvillage_67,Katavi,2,92,LGA_1,Ward_112,GeoData Consultants Ltd,WUA,Scheme_71,,1963.0,other,,gravity,private operator,other,pay per bucket,never pay,fluoride,good,dry,enough,borehole,spring,surface,cattle trough,cattle trough,non functional
10904,35.31251621235441,-6.860128620243351,2011-01-29,Dwe,1622.0,Wsdp,Water_Point_904,8.0,Wami / Ruvu,Subvillage_15,Manyara,10,8,LGA_31,Ward_145,GeoData Consultants Ltd,Other,Scheme_44,,1961.0,gravity,handpump,gravity,private operator,user-group,,never pay,colored,fluoride,dry,insufficient,well,lake,surface,improved spring,,non functional
10905,33.34166627573516,-9.781965406518468,2011-03-07,Government Of Tanzania,666.0,World Bank,Water_Point_905,2.0,Wami / Ruvu,,Mwanza,4,92,LGA_15,Ward_137,GeoData Consultants Ltd,VWC,Scheme_42,False,,handpump,motorpump,motorpump,water authority,commercial,never pay,pay per bucket,,fluoride,dry,dry,river,borehole,groundwater,improved spring,hand pump,functional
10906,34.84390062632496,-7.091595619166769,2012-01-14,Community,2066.0,,Water_Point_906,6.0,Rufiji,Subvillage_5,Mtwara,19,11,LGA_14,Ward_110,GeoData Consultants Ltd,,Scheme_4,,1960.0,submersible,gravity,handpump,wua,,pay annually,pay monthly,salty,salty,insufficient,,other,lake,surface,hand pump,other,non functional
10907,35.037559478718016,-7.388952582854187,2012-04-19,Unicef,2012.0,Rural Water Supply And Sanitation Programme,Water_Point_907,,Lake Nyasa,Subvillage_30,Manyara,25,89,LGA_40,Ward_86,GeoData Consultants Ltd,Water authority,,True,,gravity,other,other,other,user-group,pay per bucket,other,salty,good,enough,dry,river,spring,surface,other,other,functional needs repair
10908,30.8962168571689,-4.83460709983471,2012-12-29,Oxfam,2382.0,Private individual,Water_Point_908,6.0,Lake Nyasa,Subvillage_15,Arusha,4,98,LGA_38,Ward_172,GeoData Consultants Ltd,,Scheme_37,,,handpump,,gravity,water authority,user-group,pay monthly,never pay,,,seasonal,insufficient,river,borehole,groundwater,communal standpipe,improved spring,functional
10909,38.373590793970145,,2013-02-26,Rwssp,2034.0,Oxfam,Water_Point_909,3.0,Lake Victoria,Subvillage_14,Dodoma,5,10,LGA_9,Ward_177,GeoData Consultants Ltd,WUA,Scheme_59,True,,submersible,motorpump,gravity,,commercial,pay per bucket,pay per bucket,fluoride abandoned,fluoride,enough,insufficient,lake,other,surface,hand pump,hand pump,functional
10910,33.72941005144082,-4.109510931299646,2011-05-02,District Council,14.0,Danida,Water_Point_910,,Lake Tanganyika,Subvillage_68,Morogoro,5,60,LGA_46,Ward_33,GeoData Consultants Ltd,WUA,,True,,motorpump,handpump,handpump,vwc,user-group,pay annually,pay monthly,salty,colored,dry,dry,other,river,surface,communal standpipe,hand pump,functional
10911,37.76384781494487,-11.492826304883065,2013-06-05,Wsdp,1831.0,,Water_Point_911,9.0,Ruvuma / Southern Coast,Subvillage_80,Katavi,23,15,LGA_25,Ward_93,GeoData Consultants Ltd,,,True,,other,other,motorpump,water authority,user-group,pay per bucket,pay annually,colored,good,enough,enough,other,borehole,groundwater,improved spring,communal standpipe,functional needs repair
10912,38.30250675074366,-6.5735501522178,2013-01-06,Tasaf,2459.0,Kkkt,Water_Point_912,8.0,Lake Rukwa,Subvillage_59,Morogoro,12,29,LGA_34,Ward_82,GeoData Consultants Ltd,Private operator,Scheme_71,,1987.0,other,motorpump,motorpump,,parastatal,pay per bucket,never pay,soft,good,dry,insufficient,other,lake,groundwater,,other,functional needs repair
10913,39.04005517155018,-2.23852938430195,2011-01-19,Rwssp,1177.0,Community,Water_Point_913,2.0,Pangani,Subvillage_93,Dodoma,4,10,LGA_47,Ward_53,GeoData Consultants Ltd,,Scheme_35,False,1978.0,submersible,handpump,handpump,vwc,other,pay annually,other,salty,fluoride,dry,insufficient,other,lake,surface,cattle trough,improved spring,non functional
10914,37.62120913128196,-6.6149429772761135,2013-04-09,Danida,633.0,Other,Water_Point_914,,Wami / Ruvu,Subvillage_10,Ruvuma,13,69,LGA_40,Ward_166,GeoData Consultants Ltd,WUA,,False,1999.0,handpump,other,other,water authority,other,pay per bucket,pay annually,colored,fluoride,dry,enough,river,other,surface,hand pump,other,functional
10915,39.803380702452415,-1.8363548667457898,2011-03-12,Community,884.0,Tasaf,Water_Point_915,6.0,Ruvuma / Southern Coast,Subvillage_79,Kagera,6,22,LGA_11,Ward_72,GeoData Consultants Ltd,Water authority,,False,,motorpump,motorpump,other,wua,user-group,never pay,other,fluoride abandoned,milky,seasonal,enough,lake,lake,groundwater,hand pump,improved spring,functional
10916,30.07583630015995,-7.453916890558129,2012-01-07,Rwssp,580.0,Community,Water_Point_916,7.0,Wami / Ruvu,Subvillage_43,Pwani,17,42,LGA_19,Ward_111,GeoData Consultants Ltd,,,False,1967.0,submersible,gravity,other,water authority,,pay per bucket,pay annually,colored,fluoride,insufficient,enough,borehole,river,surface,communal standpipe,cattle trough,functional needs repair
10917,29.953736715033163,-8.91183766007919,2013-08-20,Wsdp,1882.0,Private individual,Water_Point_917,2.0,Ruvuma / Southern Coast,Subvillage_10,Tabora,23,17,LGA_30,Ward_155,GeoData Consultants Ltd,,,False,1960.0,gravity,motorpump,gravity,vwc,parastatal,pay annually,,fluoride abandoned,good,insufficient,dry,other,lake,groundwater,hand pump,cattle trough,functional
10918,38.991570104504326,-4.038540517459957,2012-10-20,Danida,1912.0,Danida,Water_Point_918,5.0,Lake Tanganyika,Subvillage_32,Iringa,5,62,LGA_18,Ward_35,GeoData Consultants Ltd,Water authority,,True,1992.0,submersible,handpump,motorpump,other,,pay annually,never pay,soft,fluoride,dry,insufficient,other,shallow well,groundwater,hand pump,communal standpipe,functional
10919,39.84496131665219,-2.994233532945332,2011-07-31,Rural Water Supply And Sanitation Programme,2414.0,Rwssp,Water_Point_919,,Ruvuma / Southern Coast,Subvillage_79,Kagera,17,70,LGA_26,Ward_90,GeoData Consultants Ltd,,,,,other,motorpump,other,private operator,other,,never pay,fluoride abandoned,good,dry,insufficient,lake,river,groundwater,improved spring,improved spring,functional
10920,35.11196195066415,-9.80748727415792,2012-02-22,Government Of Tanzania,1074.0,,Water_Point_920,4.0,Rufiji,Subvillage_17,Simiyu,15,61,LGA_49,Ward_98,GeoData Consultants Ltd,,Scheme_75,,1970.0,motorpump,other,motorpump,water authority,,pay monthly,pay per bucket,,good,insufficient,,spring,,surface,hand pump,other,functional needs repair
10921,38.37390999229648,-11.156396544566023,2011-08-22,World Bank,1667.0,,Water_Point_921,,Lake Tanganyika,Subvillage_19,Simiyu,22,21,LGA_17,Ward_19,GeoData Consultants Ltd,WUA,Scheme_28,False,1966.0,gravity,other,other,water authority,,other,pay annually,fluoride,fluoride,seasonal,dry,borehole,spring,surface,hand pump,cattle trough,non functional
10922,33.72978818539474,-9.378436347635658,2011-09-26,Wsdp,1198.0,Hesawa,Water_Point_922,7.0,Lake Victoria,,Singida,24,4,LGA_28,Ward_168,GeoData Consultants Ltd,WUA,Scheme_9,,,submersible,motorpump,motorpump,water authority,parastatal,pay monthly,pay monthly,fluoride,good,enough,insufficient,river,lake,groundwater,cattle trough,hand pump,functional
10923,31.5848012905432,-6.070472550322977,2013-06-23,Kkkt,1163.0,Unicef,Water_Point_923,6.0,Pangani,Subvillage_81,Iringa,1,34,LGA_13,Ward_127,GeoData Consultants Ltd,VWC,Scheme_56,,1995.0,submersible,gravity,handpump,vwc,other,pay annually,never pay,fluoride abandoned,colored,enough,enough,river,lake,groundwater,cattle trough,other,functional
10924,30.50358936887964,-3.2637706877990187,2012-05-19,,1651.0,World Vision,Water_Point_924,,Internal,,Mtwara,23,28,LGA_30,Ward_189,GeoData Consultants Ltd,WUA,,,1987.0,handpump,other,handpump,wua,other,pay per bucket,pay monthly,fluoride,milky,insufficient,enough,other,other,groundwater,communal standpipe,improved spring,non functional
10925,39.41460579171167,-3.2729234995331957,2013-05-07,Dwe,2224.0,,Water_Point_925,0.0,Ruvuma / Southern Coast,Subvillage_95,Mwanza,1,53,LGA_24,Ward_38,GeoData Consultants Ltd,,Scheme_31,,,submersible,motorpump,gravity,wua,,never pay,pay annually,milky,milky,dry,dry,well,,groundwater,hand pump,improved spring,non functional
10926,39.27010960364685,-6.2236345005034135,2011-01-16,Community,819.0,World Bank,Water_Point_926,2.0,Lake Nyasa,Subvillage_26,Singida,21,57,LGA_19,Ward_111,GeoData Consultants Ltd,,,False,1978.0,handpump,handpump,gravity,private operator,commercial,pay per bucket,pay per bucket,fluoride abandoned,good,insufficient,enough,borehole,shallow well,groundwater,cattle trough,communal standpipe,functional needs repair
10927,31.904594103428586,-7.659245489182174,2012-05-15,,1521.0,Tasaf,Water_Point_927,4.0,Ruvuma / Southern Coast,Subvillage_43,Dodoma,22,2,LGA_14,Ward_106,GeoData Consultants Ltd,,,,1987.0,submersible,motorpump,handpump,water authority,commercial,other,never pay,soft,colored,,enough,spring,shallow well,surface,cattle trough,improved spring,functional needs repair
10928,29.118437144464245,-5.594943846316205,2011-05-16,Hesawa,1768.0,Private individual,Water_Point_928,,Internal,,Kilimanjaro,13,41,LGA_45,Ward_61,GeoData Consultants Ltd,WUA,Scheme_99,False,1975.0,handpump,motorpump,motorpump,private operator,commercial,pay monthly,never pay,fluoride abandoned,milky,enough,dry,borehole,shallow well,groundwater,improved spring,communal standpipe,functional needs repair
10929,38.818027235240194,-9.635979691248822,2012-03-12,Rural Water Supply And Sanitation Programme,2481.0,World Vision,Water_Point_929,,Lake Tanganyika,,Arusha,3,22,LGA_21,Ward_27,GeoData Consultants Ltd,Other,,False,1997.0,submersible,other,other,water authority,other,other,pay annually,fluoride abandoned,fluoride,insufficient,enough,river,shallow well,groundwater,cattle trough,communal standpipe,functional needs repair
10930,29.411674527162738,-10.881066150653833,2011-12-30,Dwe,2470.0,Oxfam,Water_Point_930,,Pangani,Subvillage_18,Singida,17,88,LGA_38,Ward_126,GeoData Consultants Ltd,,,False,,gravity,motorpump,motorpump,wua,user-group,pay monthly,pay monthly,fluoride abandoned,colored,insufficient,enough,other,lake,surface,improved spring,communal standpipe,functional needs repair
10931,29.117776341391515,-1.9353630461053477,2012-02-13,Hesawa,447.0,World Bank,Water_Point_931,6.0,Pangani,Subvillage_35,Mbeya,23,45,LGA_21,Ward_180,GeoData Consultants Ltd,VWC,Scheme_33,,1971.0,other,gravity,motorpump,other,commercial,pay per bucket,pay per bucket,fluoride,colored,seasonal,enough,other,borehole,groundwater,cattle trough,other,functional needs repair
10932,34.1313667344608,-6.738021729087758,2012-04-24,World Vision,1146.0,Other,Water_Point_932,9.0,Internal,Subvillage_8,Simiyu,13,72,LGA_42,Ward_78,GeoData Consultants Ltd,WUA,,,1978.0,,handpump,gravity,private operator,parastatal,pay monthly,pay per bucket,fluoride,milky,insufficient,enough,spring,other,surface,,other,non functional
10933,35.09902078611625,-7.822670598827493,2011-10-06,Rwssp,2478.0,World Bank,Water_Point_933,9.0,Lake Tanganyika,Subvillage_30,Njombe,6,55,LGA_38,Ward_56,GeoData Consultants Ltd,WUA,,False,1993.0,submersible,other,other,wua,commercial,pay annually,never pay,soft,fluoride,dry,enough,lake,lake,groundwater,improved spring,hand pump,non functional
10934,40.06775412288171,-6.946958216740288,2011-05-15,Tasaf,1397.0,,Water_Point_934,0.0,Lake Rukwa,Subvillage_48,Kilimanjaro,17,3,LGA_11,Ward_68,GeoData Consultants Ltd,VWC,Scheme_32,False,,gravity,motorpump,handpump,other,other,other,pay per bucket,fluoride abandoned,milky,enough,insufficient,spring,other,surface,improved spring,other,non functional
10935,37.067763822993825,-5.964198106636979,2012-01-28,Kkkt,217.0,World Bank,Water_Point_935,5.0,Internal,Subvillage_98,Songwe,14,17,LGA_49,Ward_85,GeoData Consultants Ltd,Private operator,Scheme_22,,1995.0,,handpump,motorpump,wua,commercial,never pay,pay monthly,milky,milky,dry,enough,lake,spring,groundwater,communal standpipe,cattle trough,functional needs repair
10936,35.433914665272205,-1.6657413410027466,2013-04-28,,591.0,,Water_Point_936,5.0,Rufiji,Subvillage_56,Dodoma,17,17,LGA_37,Ward_27,GeoData Consultants Ltd,VWC,,True,,motorpump,gravity,gravity,water authority,commercial,pay per bucket,pay per bucket,colored,fluoride,enough,insufficient,lake,other,groundwater,communal standpipe,cattle trough,functional needs repair
10937,29.589951007333333,-7.676146901024834,2012-09-01,Hesawa,2050.0,,Water_Point_937,4.0,Internal,,Simiyu,5,61,LGA_31,Ward_57,GeoData Consultants Ltd,,Scheme_72,False,1997.0,gravity,handpump,gravity,wua,other,pay annually,pay per bucket,fluoride abandoned,milky,enough,insufficient,other,borehole,surface,communal standpipe,other,functional
10938,29.75984859087828,-2.854254074852138,2013-02-28,Danida,1040.0,,Water_Point_938,5.0,Pangani,Subvillage_14,Mbeya,20,24,LGA_28,Ward_146,GeoData Consultants Ltd,Other,Scheme_34,,1970.0,handpump,motorpump,other,vwc,parastatal,never pay,pay per bucket,fluoride,salty,enough,insufficient,spring,shallow well,groundwater,hand pump,communal standpipe,non functional
10939,32.061915519336736,-10.412691218922548,2011-05-25,Wsdp,1949.0,,Water_Point_939,6.0,Rufiji,Subvillage_54,Rukwa,17,84,LGA_28,Ward_8,GeoData Consultants Ltd,,Scheme_95,True,,gravity,motorpump,motorpump,other,parastatal,pay per bucket,other,salty,good,dry,insufficient,lake,borehole,surface,cattle trough,cattle trough,functional needs repair
10940,36.263250301080824,-5.674885923997586,2011-01-01,Community,2316.0,World Vision,Water_Point_940,9.0,Rufiji,,Arusha,6,48,LGA_18,Ward_81,GeoData Consultants Ltd,Private operator,,True,1980.0,,motorpump,gravity,,user-group,pay monthly,pay annually,salty,fluoride,dry,dry,river,river,groundwater,communal standpipe,communal standpipe,non functional
10941,31.22088323522783,-4.151489796407993,2011-06-23,Rural Water Supply And Sanitation Programme,2281.0,District Council,Water_Point_941,9.0,Wami / Ruvu,Subvillage_53,Mwanza,23,56,LGA_9,Ward_25,GeoData Consultants Ltd,,Scheme_51,True,2006.0,submersible,other,motorpump,wua,,pay monthly,never pay,colored,good,enough,dry,lake,spring,groundwater,cattle trough,improved spring,functional
10942,34.93002279455947,-10.200649041323603,2012-10-15,Unicef,2168.0,Oxfam,Water_Point_942,,Lake Tanganyika,Subvillage_79,Kagera,11,89,LGA_17,Ward_130,GeoData Consultants Ltd,Private operator,,,1998.0,other,other,gravity,other,commercial,pay per bucket,never pay,fluoride,fluoride,dry,insufficient,other,spring,groundwater,other,hand pump,functional
10943,34.629613848166855,-5.608747225770049,2011-03-17,Hesawa,1392.0,Kkkt,Water_Point_943,5.0,Wami / Ruvu,Subvillage_24,Njombe,15,95,LGA_42,Ward_1,GeoData Consultants Ltd,WUA,Scheme_36,False,2005.0,handpump,gravity,other,private operator,parastatal,other,pay annually,milky,colored,dry,insufficient,river,other,surface,cattle trough,cattle trough,functional needs repair
10944,,-7.5599639238952205,2011-02-06,Hesawa,2145.0,,Water_Point_944,2.0,Lake Nyasa,Subvillage_26,Ruvuma,13,62,LGA_32,Ward_146,GeoData Consultants Ltd,VWC,,,2003.0,,motorpump,other,vwc,parastatal,pay monthly,pay per bucket,milky,milky,seasonal,insufficient,borehole,borehole,surface,communal standpipe,communal standpipe,functional
10945,37.99178296233191,,2013-03-01,Private individual,108.0,,Water_Point_945,8.0,Lake Rukwa,Subvillage_88,Ruvuma,2,33,LGA_37,Ward_130,GeoData Consultants Ltd,,,True,2003.0,other,handpump,handpump,other,parastatal,pay monthly,pay annually,colored,milky,enough,enough,other,river,surface,hand pump,other,non functional
10946,39.0122173954412,-3.759998522832187,2012-05-19,Hesawa,402.0,Private individual,Water_Point_946,,Rufiji,Subvillage_4,Iringa,17,53,LGA_24,Ward_54,GeoData Consultants Ltd,,,,2010.0,motorpump,gravity,motorpump,vwc,user-group,pay annually,pay monthly,salty,milky,dry,enough,lake,borehole,groundwater,communal standpipe,cattle trough,functional
10947,35.618774734648845,-0.9928227838004808,2011-01-17,Tcrs,1497.0,,Water_Point_947,5.0,Lake Tanganyika,,Singida,22,34,LGA_1,Ward_101,GeoData Consultants Ltd,WUA,Scheme_98,False,1980.0,motorpump,handpump,handpump,vwc,parastatal,pay annually,pay per bucket,,salty,dry,insufficient,lake,other,surface,other,other,functional needs repair
10948,40.10006749207673,-4.666837916104496,2012-02-08,Rwssp,2374.0,Tcrs,Water_Point_948,7.0,Ruvuma / Southern Coast,Subvillage_24,Katavi,11,95,LGA_44,Ward_172,GeoData Consultants Ltd,Other,Scheme_31,,2011.0,other,gravity,other,wua,other,pay per bucket,never pay,milky,colored,seasonal,enough,spring,lake,surface,other,other,non functional
10949,39.54685159288567,-7.677750579970883,2012-11-10,World Vision,2438.0,Rwssp,,2.0,Wami / Ruvu,Subvillage_16,Mwanza,20,9,LGA_19,Ward_134,GeoData Consultants Ltd,Other,,,2009.0,gravity,other,gravity,private operator,user-group,pay per bucket,other,fluoride abandoned,milky,insufficient,enough,spring,lake,groundwater,other,communal standpipe,functional
10950,30.3514203418169,-11.662118221091204,2011-08-18,Oxfam,2459.0,Community,Water_Point_950,,Lake Tanganyika,Subvillage_9,Tanga,5,79,LGA_9,Ward_89,GeoData Consultants Ltd,Water authority,Scheme_33,True,,submersible,motorpump,gravity,other,commercial,never pay,never pay,,milky,dry,insufficient,spring,lake,groundwater,cattle trough,communal standpipe,non functional
10951,38.336080461800904,-7.699208915041837,2012-05-19,World Vision,249.0,Hesawa,Water_Point_951,7.0,Wami / Ruvu,Subvillage_44,Njombe,6,41,LGA_25,Ward_49,GeoData Consultants Ltd,,,,1993.0,other,handpump,handpump,wua,user-group,pay monthly,pay per bucket,soft,colored,enough,enough,lake,borehole,groundwater,other,hand pump,functional
10952,31.923026013816724,-9.621136500919938,2013-03-15,Dwe,281.0,Oxfam,Water_Point_952,,Pangani,Subvillage_72,Arusha,22,85,LGA_39,Ward_154,GeoData Consultants Ltd,,Scheme_63,True,1999.0,motorpump,other,gravity,water authority,other,pay monthly,pay monthly,salty,good,enough,enough,other,other,,communal standpipe,hand pump,functional
10953,36.03769813085685,,2013-07-18,Tcrs,2030.0,Dwe,Water_Point_953,5.0,Lake Rukwa,Subvillage_36,Kagera,23,51,LGA_40,Ward_172,GeoData Consultants Ltd,VWC,,True,1984.0,other,gravity,motorpump,,parastatal,pay monthly,never pay,fluoride,,seasonal,,spring,borehole,surface,improved spring,hand pump,functional
10954,31.70445012367268,-3.011579107194839,2011-06-21,Tasaf,1465.0,,Water_Point_954,9.0,Internal,Subvillage_11,Kagera,22,34,LGA_38,Ward_16,GeoData Consultants Ltd,VWC,Scheme_80,True,1968.0,,handpump,handpump,vwc,,other,pay annually,colored,milky,seasonal,insufficient,other,borehole,surface,cattle trough,improved spring,functional
10955,29.49392689002637,,2011-09-07,Community,,Dwe,Water_Point_955,,Lake Victoria,Subvillage_55,Songwe,5,63,LGA_11,Ward_35,GeoData Consultants Ltd,Private operator,Scheme_33,False,1990.0,other,motorpump,handpump,vwc,user-group,other,never pay,salty,colored,enough,dry,well,lake,groundwater,other,cattle trough,functional needs repair
10956,36.22390903494865,-3.71573042984509,2013-09-03,World Bank,1027.0,,Water_Point_956,8.0,Lake Victoria,Subvillage_42,Tabora,16,61,LGA_34,Ward_196,GeoData Consultants Ltd,Water authority,,,2004.0,other,gravity,gravity,private operator,other,pay monthly,pay monthly,,good,dry,insufficient,other,lake,surface,improved spring,improved spring,non functional
10957,29.800974897328015,-9.919523270880731,2013-06-27,Private individual,361.0,,Water_Point_957,3.0,Lake Nyasa,Subvillage_16,Kagera,25,86,LGA_38,Ward_74,GeoData Consultants Ltd,VWC,Scheme_42,True,1980.0,gravity,other,gravity,private operator,parastatal,other,,fluoride,colored,,insufficient,river,river,surface,improved spring,hand pump,functional needs repair
10958,29.227155187640992,-9.529479439380243,2012-08-07,Other,2412.0,Dwe,Water_Point_958,3.0,Wami / Ruvu,Subvillage_29,Katavi,19,28,LGA_27,Ward_123,GeoData Consultants Ltd,Water authority,,,,gravity,motorpump,other,water authority,user-group,pay per bucket,pay monthly,soft,good,insufficient,insufficient,well,shallow well,surface,cattle trough,communal standpipe,non functional
10959,30.461081488330567,-11.315533198796043,2011-08-07,Tasaf,1295.0,Rwssp,Water_Point_959,4.0,Internal,Subvillage_79,Mwanza,10,49,LGA_4,Ward_150,GeoData Consultants Ltd,WUA,,,,other,motorpump,gravity,wua,commercial,pay per bucket,pay per bucket,salty,salty,insufficient,enough,other,spring,surface,cattle trough,hand pump,functional needs repair
10960,40.34849396854703,-3.131949155204273,2012-12-31,World Vision,1308.0,District Council,Water_Point_960,,Lake Nyasa,Subvillage_50,Dar es Salaam,3,97,LGA_12,Ward_87,GeoData Consultants Ltd,Private operator,,True,1981.0,motorpump,gravity,other,other,user-group,,never pay,colored,good,enough,dry,lake,shallow well,groundwater,cattle trough,hand pump,non functional
10961,37.49117097851846,-11.209925481461912,2011-02-05,Unicef,2004.0,Tcrs,Water_Point_961,5.0,Internal,,Pwani,20,14,LGA_40,Ward_198,GeoData Consultants Ltd,VWC,,,1979.0,motorpump,motorpump,motorpump,water authority,,other,pay monthly,milky,milky,enough,insufficient,other,shallow well,surface,improved spring,hand pump,functional
10962,29.382168709491907,-1.4036509236075148,2011-10-20,,2342.0,Oxfam,,8.0,Lake Tanganyika,Subvillage_91,Katavi,7,48,LGA_10,Ward_121,GeoData Consultants Ltd,VWC,,False,1987.0,gravity,other,,vwc,user-group,pay monthly,pay annually,milky,salty,seasonal,enough,river,shallow well,surface,other,communal standpipe,functional needs repair
10963,40.33831310244857,-7.985276402874057,2011-05-12,Hesawa,927.0,Community,Water_Point_963,,Lake Victoria,Subvillage_18,Dodoma,11,4,LGA_12,Ward_154,GeoData Consultants Ltd,,,True,1989.0,motorpump,motorpump,motorpump,vwc,user-group,never pay,never pay,colored,fluoride,enough,insufficient,river,other,groundwater,hand pump,hand pump,non functional
10964,29.698378774854064,-3.347491499316005,2011-11-10,Unicef,2147.0,Rural Water Supply And Sanitation Programme,Water_Point_964,3.0,Lake Victoria,Subvillage_12,Geita,21,19,LGA_34,Ward_70,GeoData Consultants Ltd,Water authority,,,1960.0,submersible,other,gravity,other,other,never pay,other,fluoride abandoned,fluoride,dry,enough,borehole,river,groundwater,improved spring,hand pump,non functional
10965,32.227323031459875,-4.879202805421384,2011-12-14,Tcrs,1037.0,World Vision,Water_Point_965,9.0,Lake Victoria,Subvillage_85,Morogoro,9,36,LGA_22,Ward_79,GeoData Consultants Ltd,WUA,,True,2000.0,submersible,other,other,water authority,,pay per bucket,,salty,salty,dry,dry,borehole,,groundwater,improved spring,cattle trough,non functional
10966,34.79635557202332,-8.736623476511049,2013-08-06,Dwe,935.0,District Council,Water_Point_966,7.0,Internal,Subvillage_90,Ruvuma,24,66,LGA_41,Ward_1,GeoData Consultants Ltd,,Scheme_33,False,1970.0,handpump,other,motorpump,private operator,,pay monthly,pay annually,fluoride,milky,dry,enough,spring,spring,groundwater,communal standpipe,improved spring,non functional
10967,33.30872112307196,-2.7157622168134488,2012-12-24,Unicef,2202.0,World Vision,Water_Point_967,7.0,Lake Tanganyika,Subvillage_46,Songwe,21,75,LGA_27,Ward_187,GeoData Consultants Ltd,VWC,,False,,handpump,gravity,gravity,vwc,parastatal,pay monthly,pay annually,milky,colored,dry,enough,borehole,shallow well,surface,improved spring,communal standpipe,non functional
10968,33.095961307389615,-5.821386139603148,2013-09-05,World Bank,954.0,Tasaf,Water_Point_968,5.0,Lake Victoria,Subvillage_29,Shinyanga,13,27,LGA_17,Ward_115,GeoData Consultants Ltd,Private operator,Scheme_23,,1968.0,submersible,gravity,gravity,private operator,commercial,other,pay annually,soft,fluoride,dry,insufficient,river,river,groundwater,improved spring,improved spring,non functional
10969,37.41862919216954,-2.140015632742921,2011-09-30,Community,1039.0,Government Of Tanzania,Water_Point_969,3.0,Rufiji,,Kagera,17,28,LGA_41,Ward_149,GeoData Consultants Ltd,Private operator,,False,,other,motorpump,gravity,private operator,parastatal,pay per bucket,other,fluoride abandoned,fluoride,enough,insufficient,other,spring,surface,other,communal standpipe,functional
10970,30.328482921366565,-8.946194149060826,2012-10-21,Rwssp,2323.0,,Water_Point_970,0.0,Pangani,Subvillage_34,Rukwa,3,72,LGA_11,Ward_174,GeoData Consultants Ltd,WUA,,,1966.0,other,,other,private operator,user-group,pay annually,pay per bucket,salty,milky,seasonal,insufficient,lake,borehole,surface,improved spring,improved spring,functional
10971,29.14423898801359,-7.534477248111322,2013-07-25,Tcrs,2229.0,Dwe,Water_Point_971,,Internal,Subvillage_34,Iringa,5,19,LGA_49,Ward_114,GeoData Consultants Ltd,WUA,Scheme_31,,2005.0,submersible,gravity,handpump,vwc,other,,pay annually,colored,fluoride,seasonal,enough,lake,shallow well,surface,other,improved spring,functional
10972,33.809218671932875,-11.588604784790302,2012-06-16,Rural Water Supply And Sanitation Programme,2170.0,Other,Water_Point_972,0.0,Lake Tanganyika,Subvillage_16,Songwe,11,97,LGA_6,Ward_76,GeoData Consultants Ltd,WUA,Scheme_66,True,1995.0,submersible,handpump,gravity,water authority,commercial,never pay,other,soft,good,insufficient,dry,borehole,spring,groundwater,other,improved spring,functional needs repair
10973,29.53285599802238,-1.4668785713339147,2012-10-23,Danida,113.0,Rwssp,Water_Point_973,,Rufiji,Subvillage_61,Mwanza,10,50,LGA_42,Ward_22,GeoData Consultants Ltd,,,True,,gravity,handpump,other,wua,other,pay monthly,pay monthly,fluoride,fluoride,insufficient,insufficient,lake,river,surface,cattle trough,improved spring,non functional
10974,39.783476795464075,-11.137409543513359,2013-05-06,,1340.0,Government Of Tanzania,,4.0,Pangani,Subvillage_43,Ruvuma,12,99,LGA_39,Ward_146,GeoData Consultants Ltd,Water authority,Scheme_21,True,,other,handpump,other,,other,pay annually,pay per bucket,soft,fluoride,seasonal,dry,lake,lake,surface,communal standpipe,other,non functional
10975,40.48345306666629,-5.179260930730883,2011-11-27,Private individual,1749.0,Private individual,Water_Point_975,,Lake Nyasa,Subvillage_57,Iringa,16,70,LGA_1,Ward_183,GeoData Consultants Ltd,Water authority,Scheme_3,,1961.0,,handpump,other,water authority,user-group,pay annually,never pay,milky,colored,dry,dry,well,borehole,surface,other,cattle trough,functional
10976,33.71718747606299,-2.3342155616509768,2011-12-23,District Council,,Tcrs,Water_Point_976,3.0,Internal,Subvillage_78,Mara,3,31,LGA_35,Ward_31,GeoData Consultants Ltd,Private operator,Scheme_18,False,1978.0,other,gravity,gravity,other,user-group,,pay monthly,fluoride abandoned,,enough,enough,spring,river,groundwater,other,other,non functional
10977,35.17692239346232,-5.789325341980227,2012-08-29,Rural Water Supply And Sanitation Programme,838.0,Oxfam,Water_Point_977,,Wami / Ruvu,Subvillage_53,Manyara,22,39,LGA_20,Ward_11,GeoData Consultants Ltd,,,,1989.0,motorpump,other,motorpump,private operator,parastatal,pay monthly,pay per bucket,colored,salty,dry,dry,well,river,surface,other,cattle trough,non functional
10978,33.522185903016435,-3.322424966391587,2011-11-27,,2130.0,,Water_Point_978,,Lake Victoria,Subvillage_7,Mbeya,3,91,LGA_37,Ward_93,GeoData Consultants Ltd,VWC,,,,handpump,handpump,gravity,water authority,commercial,never pay,other,fluoride,milky,insufficient,insufficient,spring,spring,surface,other,cattle trough,functional
10979,34.42396822964019,-6.525222483660099,2012-03-30,,,Unicef,Water_Point_979,,Pangani,Subvillage_86,Mtwara,18,57,LGA_21,Ward_15,GeoData Consultants Ltd,,Scheme_14,True,1966.0,motorpump,gravity,handpump,private operator,commercial,never pay,other,fluoride,good,dry,enough,other,lake,surface,other,hand pump,functional needs repair
10980,35.28380225267947,-10.923284415545927,2011-09-13,Kkkt,869.0,Private individual,Water_Point_980,2.0,Lake Tanganyika,Subvillage_63,Kagera,21,1,LGA_33,Ward_126,GeoData Consultants Ltd,,Scheme_88,True,1960.0,handpump,motorpump,handpump,water authority,parastatal,pay annually,other,soft,good,insufficient,,lake,spring,groundwater,communal standpipe,cattle trough,functional needs repair
10981,33.34847373114869,-8.996391539290782,2011-10-30,Unicef,254.0,Other,Water_Point_981,,Lake Nyasa,Subvillage_32,Katavi,24,25,LGA_43,Ward_156,GeoData Consultants Ltd,WUA,Scheme_97,False,1985.0,other,motorpump,handpump,wua,commercial,,pay monthly,fluoride abandoned,colored,insufficient,enough,borehole,river,groundwater,other,communal standpipe,functional needs repair
10982,39.66906546384581,-7.671085821695874,2012-11-15,Hesawa,470.0,,Water_Point_982,9.0,Lake Rukwa,Subvillage_48,Dar es Salaam,25,56,LGA_3,Ward_141,GeoData Consultants Ltd,VWC,,True,1992.0,motorpump,other,gravity,private operator,parastatal,never pay,other,salty,salty,seasonal,insufficient,other,other,groundwater,other,communal standpipe,functional needs repair
10983,39.66643841131433,-4.295468717714296,2012-05-18,Rural Water Supply And Sanitation Programme,1537.0,Rural Water Supply And Sanitation Programme,Water_Point_983,,Internal,Subvillage_83,Ruvuma,22,56,LGA_32,Ward_87,GeoData Consultants Ltd,Water authority,,,,other,motorpump,other,private operator,user-group,never pay,,soft,salty,enough,enough,river,lake,groundwater,other,hand pump,functional needs repair
10984,33.61517667015778,-3.635792862371231,2012-03-08,Community,1078.0,,Water_Point_984,6.0,Lake Tanganyika,Subvillage_37,Shinyanga,25,88,LGA_36,Ward_65,GeoData Consultants Ltd,,,True,1994.0,motorpump,motorpump,motorpump,private operator,user-group,other,pay per bucket,salty,milky,insufficient,insufficient,river,other,surface,hand pump,hand pump,non functional
10985,40.46116154605447,-11.416121314417678,2011-10-23,Hesawa,2052.0,Tasaf,Water_Point_985,,Rufiji,Subvillage_56,Geita,17,79,LGA_10,Ward_162,GeoData Consultants Ltd,Water authority,Scheme_28,True,1997.0,motorpump,gravity,gravity,water authority,parastatal,other,never pay,salty,good,insufficient,enough,lake,river,surface,cattle trough,improved spring,non functional
10986,31.504330115591124,-4.656187094729569,2011-02-17,,1899.0,Rural Water Supply And Sanitation Programme,,2.0,Lake Victoria,Subvillage_61,Mwanza,22,3,LGA_5,Ward_67,GeoData Consultants Ltd,,Scheme_1,,2010.0,handpump,,,water authority,user-group,other,pay annually,fluoride abandoned,fluoride,seasonal,dry,lake,borehole,groundwater,cattle trough,cattle trough,non functional
10987,34.09200700912314,-6.6607055312784995,2012-04-06,Tasaf,1569.0,,Water_Point_987,8.0,Pangani,Subvillage_31,Simiyu,19,4,LGA_14,Ward_9,GeoData Consultants Ltd,WUA,,False,2004.0,submersible,motorpump,gravity,wua,other,pay annually,,salty,colored,seasonal,insufficient,lake,river,surface,hand pump,other,non functional
10988,36.771543015144715,-4.939971641872043,2012-07-21,Rural Water Supply And Sanitation Programme,624.0,Government Of Tanzania,Water_Point_988,8.0,Rufiji,Subvillage_84,Dodoma,11,45,LGA_35,Ward_24,GeoData Consultants Ltd,,,False,1991.0,motorpump,motorpump,gravity,private operator,commercial,other,other,soft,salty,enough,insufficient,spring,shallow well,groundwater,cattle trough,cattle trough,non functional
10989,,-5.197783679180581,2012-03-11,Tasaf,1336.0,,Water_Point_989,,Rufiji,Subvillage_5,Simiyu,3,89,LGA_32,Ward_97,GeoData Consultants Ltd,Private operator,,,1961.0,motorpump,handpump,handpump,other,commercial,pay monthly,,fluoride,,seasonal,dry,spring,lake,groundwater,other,improved spring,functional
10990,29.812485039788697,-3.5488637994826977,2013-03-26,Danida,534.0,Hesawa,Water_Point_990,8.0,Ruvuma / Southern Coast,,Singida,8,47,LGA_36,Ward_118,GeoData Consultants Ltd,WUA,,True,,motorpump,motorpump,other,water authority,,pay per bucket,pay monthly,fluoride abandoned,good,dry,insufficient,river,shallow well,surface,other,other,functional
10991,35.75752118003643,-11.362469682816007,2011-08-17,World Bank,1926.0,,,6.0,Lake Victoria,Subvillage_76,Ruvuma,20,54,LGA_11,Ward_97,GeoData Consultants Ltd,Other,,True,,handpump,other,gravity,vwc,commercial,pay per bucket,,colored,salty,insufficient,dry,spring,lake,groundwater,other,other,non functional
10992,38.84777194226643,-6.666655171544083,2011-10-29,Hesawa,2224.0,,Water_Point_992,5.0,Lake Victoria,Subvillage_35,Manyara,22,37,LGA_18,Ward_21,GeoData Consultants Ltd,VWC,,,1996.0,motorpump,handpump,motorpump,wua,user-group,never pay,,salty,good,seasonal,dry,other,spring,groundwater,cattle trough,cattle trough,functional
10993,29.82812625298042,-6.123516184547281,2012-01-25,World Bank,799.0,District Council,Water_Point_993,3.0,Lake Tanganyika,Subvillage_79,Iringa,5,30,LGA_18,Ward_120,GeoData Consultants Ltd,,Scheme_47,False,,handpump,motorpump,other,water authority,parastatal,,pay monthly,salty,salty,seasonal,dry,lake,borehole,surface,hand pump,improved spring,functional
10994,30.52604785990899,-9.30130165378496,2013-05-10,,1548.0,District Council,Water_Point_994,5.0,Lake Rukwa,,Mtwara,13,29,LGA_18,Ward_36,GeoData Consultants Ltd,,,False,1994.0,gravity,other,other,private operator,commercial,,pay per bucket,fluoride,salty,insufficient,,river,river,groundwater,other,other,non functional
10995,32.430767263391665,-1.896511624364921,2012-12-02,Kkkt,955.0,World Bank,Water_Point_995,2.0,Internal,Subvillage_42,Simiyu,9,7,LGA_18,Ward_137,GeoData Consultants Ltd,Other,,False,1976.0,other,other,motorpump,vwc,parastatal,pay per bucket,other,fluoride,colored,enough,enough,,lake,groundwater,communal standpipe,communal standpipe,non functional
10996,29.628087014712957,-11.222224147516467,2011-09-24,Danida,615.0,Rwssp,Water_Point_996,,Lake Rukwa,Subvillage_22,Geita,5,49,LGA_21,Ward_74,GeoData Consultants Ltd,Private operator,Scheme_59,True,1996.0,gravity,other,,water authority,parastatal,other,other,colored,salty,dry,dry,borehole,lake,surface,cattle trough,communal standpipe,functional needs repair
10997,30.850405597040936,-7.716296382034482,2011-08-21,Rural Water Supply And Sanitation Programme,1894.0,Wsdp,Water_Point_997,,Lake Rukwa,Subvillage_47,Ruvuma,16,52,LGA_33,Ward_155,GeoData Consultants Ltd,Water authority,,,1969.0,other,gravity,other,private operator,parastatal,pay annually,pay per bucket,salty,colored,insufficient,enough,spring,spring,surface,communal standpipe,other,functional
10998,31.698293463821265,-8.31392387622524,2011-08-05,Other,660.0,Private individual,Water_Point_998,,Rufiji,Subvillage_61,Kilimanjaro,14,22,LGA_24,Ward_51,GeoData Consultants Ltd,Private operator,Scheme_20,True,2010.0,,handpump,motorpump,vwc,user-group,,pay annually,colored,salty,dry,enough,other,other,groundwater,improved spring,other,non functional
10999,36.949646187185984,-4.030301915713744,2011-04-17,Private individual,1983.0,Government Of Tanzania,Water_Point_999,7.0,Internal,Subvillage_47,Mbeya,23,9,LGA_45,Ward_99,GeoData Consultants Ltd,Private operator,Scheme_27,True,1992.0,other,other,other,wua,parastatal,pay per bucket,,fluoride abandoned,colored,dry,insufficient,spring,river,surface,communal standpipe,other,non functional
20000,30.185895667692872,-1.1762067993081313,2012-11-11,Wsdp,1712.0,Hesawa,Water_Point_60,1.0,Lake Tanganyika,Subvillage_22,Songwe,11,55,LGA_39,Ward_157,GeoData Consultants Ltd,Private operator,,,1979.0,handpump,handpump,handpump,wua,other,pay per bucket,pay monthly,fluoride,milky,insufficient,dry,lake,other,surface,improved spring,cattle trough,non functional
20001,34.091187768157724,-11.593209094758544,2011-02-21,Rwssp,66.0,Hesawa,Water_Point_813,8.0,Lake Nyasa,Subvillage_16,Mbeya,6,20,LGA_31,Ward_21,GeoData Consultants Ltd,Private operator,Scheme_71,True,1979.0,motorpump,gravity,motorpump,other,parastatal,pay per bucket,,salty,milky,dry,insufficient,other,river,surface,other,improved spring,non functional
20002,29.76622198171931,-1.4123384846427527,2011-08-19,Tasaf,34.0,Rwssp,Water_Point_197,5.0,Lake Rukwa,Subvillage_48,Kilimanjaro,15,47,LGA_46,Ward_103,GeoData Consultants Ltd,VWC,,False,1973.0,handpump,gravity,motorpump,wua,commercial,pay monthly,pay per bucket,milky,good,seasonal,insufficient,well,other,groundwater,hand pump,improved spring,functional
20003,34.300330889375694,-2.7822008064072143,2012-01-07,Hesawa,446.0,Community,Water_Point_92,,Pangani,Subvillage_78,Kagera,15,79,LGA_6,Ward_27,GeoData Consultants Ltd,Private operator,,False,2000.0,other,handpump,gravity,private operator,user-group,other,,soft,milky,enough,enough,lake,lake,groundwater,hand pump,communal standpipe,functional
20004,35.69942612996202,-2.3569816186433368,2011-03-10,Community,908.0,Danida,Water_Point_849,9.0,Lake Rukwa,Subvillage_50,Shinyanga,16,62,LGA_34,Ward_139,GeoData Consultants Ltd,Water authority,Scheme_81,False,1961.0,submersible,motorpump,gravity,other,commercial,,pay monthly,fluoride abandoned,,dry,insufficient,lake,shallow well,groundwater,cattle trough,improved spring,functional
20005,33.62092318146976,-6.131006742577539,2011-09-03,World Vision,1916.0,Other,Water_Point_466,0.0,Lake Rukwa,Subvillage_93,Pwani,5,44,LGA_32,Ward_3,GeoData Consultants Ltd,,,True,,handpump,handpump,motorpump,private operator,user-group,other,other,,milky,,insufficient,other,shallow well,groundwater,communal standpipe,improved spring,functional
20006,35.93495488311276,-1.5866870283378631,2013-06-03,,1332.0,Community,Water_Point_69,2.0,Pangani,,Mbeya,2,20,LGA_38,Ward_138,GeoData Consultants Ltd,,,True,1999.0,motorpump,other,other,private operator,other,other,pay annually,fluoride abandoned,salty,dry,dry,well,other,surface,other,,functional
20007,29.337687829677513,-9.445155812400426,2012-10-06,Wsdp,1457.0,,Water_Point_42,1.0,Wami / Ruvu,Subvillage_98,Njombe,3,76,LGA_28,Ward_30,GeoData Consultants Ltd,,Scheme_90,,,gravity,handpump,gravity,vwc,parastatal,pay monthly,pay annually,salty,colored,insufficient,enough,well,spring,groundwater,other,cattle trough,non functional
20008,39.47802732409025,-8.8007167736089,2013-09-10,Community,1049.0,Oxfam,Water_Point_441,8.0,Lake Nyasa,,Iringa,3,22,LGA_48,Ward_85,GeoData Consultants Ltd,,Scheme_49,True,1966.0,handpump,handpump,gravity,other,commercial,pay monthly,,fluoride abandoned,salty,enough,insufficient,lake,other,groundwater,improved spring,communal standpipe,non functional
20009,39.13061793951474,-8.776075505202428,2011-06-19,Hesawa,,Hesawa,Water_Point_510,,Internal,Subvillage_66,Katavi,22,27,LGA_22,Ward_116,GeoData Consultants Ltd,Water authority,,True,1976.0,handpump,motorpump,motorpump,wua,user-group,pay annually,never pay,fluoride,fluoride,insufficient,insufficient,spring,river,surface,other,cattle trough,non functional
20010,31.38180494582025,-3.7194054404900125,2013-05-14,Oxfam,2153.0,District Council,Water_Point_299,,Pangani,Subvillage_17,Tabora,25,48,LGA_27,Ward_136,GeoData Consultants Ltd,Other,,,1996.0,handpump,handpump,gravity,vwc,parastatal,other,other,fluoride,fluoride,dry,insufficient,well,river,groundwater,hand pump,other,functional needs repair
20011,34.938072870664705,,2011-08-15,District Council,2277.0,Government Of Tanzania,Water_Point_557,9.0,Lake Nyasa,Subvillage_29,Dodoma,21,15,LGA_3,Ward_161,GeoData Consultants Ltd,,,True,1971.0,gravity,motorpump,other,wua,other,pay per bucket,pay annually,milky,salty,,dry,,borehole,groundwater,communal standpipe,other,functional
20012,39.94513943454511,-8.448244663057116,2011-05-23,Community,1301.0,Dwe,Water_Point_714,,Rufiji,Subvillage_15,Songwe,16,40,LGA_34,Ward_189,GeoData Consultants Ltd,WUA,,False,,handpump,gravity,other,private operator,,never pay,pay monthly,milky,fluoride,,insufficient,river,spring,surface,other,improved spring,functional
20013,37.76956779710286,-7.958710145721267,2012-07-06,Kkkt,1784.0,Rural Water Supply And Sanitation Programme,Water_Point_165,4.0,Rufiji,Subvillage_38,Mtwara,17,14,LGA_7,Ward_179,GeoData Consultants Ltd,,,,1994.0,handpump,motorpump,motorpump,wua,other,pay annually,pay annually,colored,good,insufficient,insufficient,well,spring,surface,other,cattle trough,functional needs repair
20014,37.310683563563835,-4.0824910389709315,2013-01-10,Kkkt,2223.0,Kkkt,Water_Point_738,9.0,Lake Nyasa,Subvillage_26,Tabora,3,49,LGA_43,Ward_88,GeoData Consultants Ltd,VWC,Scheme_15,True,1966.0,motorpump,motorpump,gravity,water authority,other,pay monthly,pay annually,fluoride,milky,seasonal,insufficient,,spring,surface,other,communal standpipe,non functional
20015,40.37947953425997,-8.960864890159272,2013-01-02,Hesawa,2167.0,Unicef,Water_Point_183,9.0,Pangani,Subvillage_69,Dar es Salaam,16,55,LGA_14,Ward_101,GeoData Consultants Ltd,Private operator,,True,1975.0,other,gravity,gravity,private operator,commercial,never pay,never pay,fluoride abandoned,fluoride,,enough,lake,lake,surface,improved spring,other,functional
20016,32.93388315366732,-5.480998231598461,2011-09-27,Unicef,1116.0,Community,Water_Point_356,3.0,Lake Nyasa,Subvillage_25,Simiyu,2,27,LGA_19,Ward_186,GeoData Consultants Ltd,Water authority,Scheme_92,False,1970.0,motorpump,other,gravity,private operator,commercial,other,pay per bucket,fluoride abandoned,fluoride,seasonal,dry,river,lake,surface,improved spring,other,functional needs repair
20017,35.96815124726385,-2.2570294722666606,2012-03-27,Rural Water Supply And Sanitation Programme,1.0,,Water_Point_95,5.0,Lake Nyasa,Subvillage_84,Dodoma,22,58,LGA_6,Ward_146,GeoData Consultants Ltd,,,True,2003.0,gravity,,other,other,parastatal,other,pay monthly,salty,good,dry,dry,spring,other,surface,hand pump,improved spring,functional needs repair
20018,35.617953045572605,-4.784651651744703,2013-07-17,Unicef,1440.0,Unicef,Water_Point_7,,Pangani,,Kagera,3,87,LGA_17,Ward_90,GeoData Consultants Ltd,WUA,Scheme_34,,2012.0,submersible,other,gravity,wua,other,pay per bucket,pay annually,fluoride abandoned,colored,enough,dry,spring,river,surface,other,improved spring,non functional
20019,35.45841884535342,-1.748292187722237,2011-10-14,Kkkt,808.0,Dwe,Water_Point_530,,Lake Rukwa,Subvillage_74,Iringa,4,93,LGA_45,Ward_72,GeoData Consultants Ltd,VWC,,,1961.0,motorpump,motorpump,handpump,vwc,other,pay per bucket,,milky,fluoride,insufficient,insufficient,lake,spring,groundwater,cattle trough,cattle trough,non functional
